[{"videoId":"t8jCich2uLQ","name":"돈 많은 백수 꿈","title":"돈 많은 백수 꿈","description":"코미디빅리그 영상 더 보러 가기 ☞ https://youtube.com/playlist?list=PLvDaoEdHc684M0Lu2ZfFBFTxKlRSJA59f 00:00 코빅 황제성 ...","channelTitle":"디글 클래식 :Diggle Classic","channelId":"UCRMA_Nb5VF-YoWApSVeXPVA","publishedAt":"2023-02-23T03:01:00","thumbnails":{"medium":{"url":"https://i.ytimg.com/vi/t8jCich2uLQ/mqdefault.jpg","width":320,"height":180},"high":{"url":"https://i.ytimg.com/vi/t8jCich2uLQ/hqdefault.jpg","width":480,"height":360},"default":{"url":"https://i.ytimg.com/vi/t8jCich2uLQ/default.jpg","width":120,"height":90}},"url":"https://www.youtube.com/watch?v=t8jCich2uLQ","searchQuery":"","pageNumber":""},{"videoId":"yvdwysxtCYU","name":"축제 분위기에 흠뻑 취한 미스터 빈","title":"축제 분위기에 흠뻑 취한 미스터 빈","description":"크리스마스가 서서히 다가오면서 미스터 빈이 연말 분위기를 만끽합니다!!! 미스터빈 코리아 공식 유튜브 채널에 오신 것을 환영합니다 ...","channelTitle":"Mr Bean Korea","channelId":"UCWhjUbJX_F1zWSJm4YhHvZg","publishedAt":"2024-12-02T13:01:12","thumbnails":{"medium":{"url":"https://i.ytimg.com/vi/yvdwysxtCYU/mqdefault.jpg","width":320,"height":180},"high":{"url":"https://i.ytimg.com/vi/yvdwysxtCYU/hqdefault.jpg","width":480,"height":360},"default":{"url":"https://i.ytimg.com/vi/yvdwysxtCYU/default.jpg","width":120,"height":90}},"url":"https://www.youtube.com/watch?v=yvdwysxtCYU","searchQuery":"","pageNumber":""},{"videoId":"qc6zzk-eo44","name":"러시아 인형과의 시간여행","title":"러시아 인형과의 시간여행","description":"직장인의 취미권장 방송 퇴근하고 뭐할래 337-2부는 시간 여행에 관한 영화와 드라마, 애니 추천 BEST5 중 나머지 세 편에 대한 소개 ...","channelTitle":"퇴근하고 뭐할래?","channelId":"UCkcIJnrYgBVYHCeynVb4yGQ","publishedAt":"2023-01-10T15:00:35","thumbnails":{"medium":{"url":"https://i.ytimg.com/vi/qc6zzk-eo44/mqdefault.jpg","width":320,"height":180},"high":{"url":"https://i.ytimg.com/vi/qc6zzk-eo44/hqdefault.jpg","width":480,"height":360},"default":{"url":"https://i.ytimg.com/vi/qc6zzk-eo44/default.jpg","width":120,"height":90}},"url":"https://www.youtube.com/watch?v=qc6zzk-eo44","searchQuery":"","pageNumber":""},{"videoId":"3SdjRzAizzs","name":"미스터 빈의 크리스마스 대소동","title":"미스터 빈의 크리스마스 대소동","description":"빈 씨는 크리스마스 쇼핑을 하고, 구세군 밴드를 지휘하고, 오랫동안 고통받아 온 여자 친구와 크리스마스 저녁 식사를 합니다. 미스터 ...","channelTitle":"Mr Bean Korea","channelId":"UCWhjUbJX_F1zWSJm4YhHvZg","publishedAt":"2025-08-18T12:00:05","thumbnails":{"medium":{"url":"https://i.ytimg.com/vi/3SdjRzAizzs/mqdefault.jpg","width":320,"height":180},"high":{"url":"https://i.ytimg.com/vi/3SdjRzAizzs/hqdefault.jpg","width":480,"height":360},"default":{"url":"https://i.ytimg.com/vi/3SdjRzAizzs/default.jpg","width":120,"height":90}},"url":"https://www.youtube.com/watch?v=3SdjRzAizzs","searchQuery":"","pageNumber":""},{"videoId":"zbufgyDdZ3A","name":"고백의 퀴즈쇼","title":"고백의 퀴즈쇼","description":"세상이 매긴 등급 철희와의 매칭을 목표로 결혼사기진작 프로젝트에 지원하는 인아. 결사팀원들은 재벌 3세가 섬 총각 철희와 매칭 ...","channelTitle":"채널A WORLD","channelId":"UCU1ddYi4dCO4d1k7mNOEg1w","publishedAt":"2024-11-23T17:00:43","thumbnails":{"medium":{"url":"https://i.ytimg.com/vi/zbufgyDdZ3A/mqdefault.jpg","width":320,"height":180},"high":{"url":"https://i.ytimg.com/vi/zbufgyDdZ3A/hqdefault.jpg","width":480,"height":360},"default":{"url":"https://i.ytimg.com/vi/zbufgyDdZ3A/default.jpg","width":120,"height":90}},"url":"https://www.youtube.com/watch?v=zbufgyDdZ3A","searchQuery":"","pageNumber":""},{"videoId":"JOYzHylQB2o","name":"사랑의 고장난 심장","title":"사랑의 고장난 심장","description":"심장이 고장난 남자와 머리가 고장난 여자의 애틋한 사랑   #나의판타스틱한장례식 #최우식 배우의 장면을 모아왔습니다! 00:00 It's ...","channelTitle":"SBS 옛날 드라마 - 빽드","channelId":"UC41Vyqs1wSY0FTMqDsLsELA","publishedAt":"2025-09-19T08:00:31","thumbnails":{"medium":{"url":"https://i.ytimg.com/vi/JOYzHylQB2o/mqdefault.jpg","width":320,"height":180},"high":{"url":"https://i.ytimg.com/vi/JOYzHylQB2o/hqdefault.jpg","width":480,"height":360},"default":{"url":"https://i.ytimg.com/vi/JOYzHylQB2o/default.jpg","width":120,"height":90}},"url":"https://www.youtube.com/watch?v=JOYzHylQB2o","searchQuery":"","pageNumber":""},{"videoId":"t8QQfXsi4n4","name":"행복한 결혼식","title":"행복한 결혼식","description":"\"비혼인데... 결혼을 장려 하라고요?  \" 결혼 장려를 위해 급조된   결혼사기진작팀에 유배당한 7급 공무원 정하나 평온한 일상을 ...","channelTitle":"play 채널A","channelId":"UCaZS_XwAu1yBMNoQDD1mR7g","publishedAt":"2024-11-15T06:29:39","thumbnails":{"medium":{"url":"https://i.ytimg.com/vi/t8QQfXsi4n4/mqdefault.jpg","width":320,"height":180},"high":{"url":"https://i.ytimg.com/vi/t8QQfXsi4n4/hqdefault.jpg","width":480,"height":360},"default":{"url":"https://i.ytimg.com/vi/t8QQfXsi4n4/default.jpg","width":120,"height":90}},"url":"https://www.youtube.com/watch?v=t8QQfXsi4n4","searchQuery":"","pageNumber":""},{"videoId":"2E2whEFEtc8","name":"코미디 더 러프","title":"코미디 더 러프","description":"제목: 빵빵녀와 절벽녀.","channelTitle":"도도드라마","channelId":"UCNzxx2Q2bGLaXxfjAUxq7Bg","publishedAt":"2023-11-18T11:00:02","thumbnails":{"medium":{"url":"https://i.ytimg.com/vi/2E2whEFEtc8/mqdefault.jpg","width":320,"height":180},"high":{"url":"https://i.ytimg.com/vi/2E2whEFEtc8/hqdefault.jpg","width":480,"height":360},"default":{"url":"https://i.ytimg.com/vi/2E2whEFEtc8/default.jpg","width":120,"height":90}},"url":"https://www.youtube.com/watch?v=2E2whEFEtc8","searchQuery":"","pageNumber":""},{"videoId":"7U-5xKYgqdg","name":"존잘 형제의 사랑","title":"존잘 형제의 사랑","description":"내가 예뻐진 그 여름 시즌 3, 2025 해당 영상은 드라마의 1~3회 줄거리를 포함하고 있습니다 ...","channelTitle":"신기누설: 영화를 그리다","channelId":"UCgMawr4F7HQML8kqROLeobQ","publishedAt":"2025-09-11T10:30:11","thumbnails":{"medium":{"url":"https://i.ytimg.com/vi/7U-5xKYgqdg/mqdefault.jpg","width":320,"height":180},"high":{"url":"https://i.ytimg.com/vi/7U-5xKYgqdg/hqdefault.jpg","width":480,"height":360},"default":{"url":"https://i.ytimg.com/vi/7U-5xKYgqdg/default.jpg","width":120,"height":90}},"url":"https://www.youtube.com/watch?v=7U-5xKYgqdg","searchQuery":"","pageNumber":""},{"videoId":"TPO7ZEfwspI","name":"죽은 자의 일상","title":"죽은 자의 일상","description":"커먼 웰스 Common Wealth, 2000 (공동 재산) 원제 : La comunidad (공동체) 감독 : 알렉스 드 라이글레시아 주연 : 카르멘 마우라 조연 ...","channelTitle":"고체극장","channelId":"UC-ZF42znvkbm83ovdmJY28Q","publishedAt":"2025-08-20T08:45:05","thumbnails":{"medium":{"url":"https://i.ytimg.com/vi/TPO7ZEfwspI/mqdefault.jpg","width":320,"height":180},"high":{"url":"https://i.ytimg.com/vi/TPO7ZEfwspI/hqdefault.jpg","width":480,"height":360},"default":{"url":"https://i.ytimg.com/vi/TPO7ZEfwspI/default.jpg","width":120,"height":90}},"url":"https://www.youtube.com/watch?v=TPO7ZEfwspI","searchQuery":"","pageNumber":""},{"videoId":"k6EIYxWoEfw","name":"웃음 폭탄","title":"웃음 폭탄","description":"영화 제목 \" 폴몬티\" #영화리뷰결말포함 #영화추천결말 #영화결말리뷰 #명작 #추천 #영화리뷰 #영화추천결말포함 #영화결말포함 ...","channelTitle":"명영화","channelId":"UCYZ4k7X4QH55oWC9Ljh98nA","publishedAt":"2024-07-11T08:00:20","thumbnails":{"medium":{"url":"https://i.ytimg.com/vi/k6EIYxWoEfw/mqdefault.jpg","width":320,"height":180},"high":{"url":"https://i.ytimg.com/vi/k6EIYxWoEfw/hqdefault.jpg","width":480,"height":360},"default":{"url":"https://i.ytimg.com/vi/k6EIYxWoEfw/default.jpg","width":120,"height":90}},"url":"https://www.youtube.com/watch?v=k6EIYxWoEfw","searchQuery":"","pageNumber":""},{"videoId":"6aZuVksifk0","name":"그리스로 떠나는 로맨틱 코미디","title":"그리스로 떠나는 로맨틱 코미디","description":"나의 로맨틱 가이드(My Life in Ruins), 2009] #니아발다로스 #리차드드레이퓨즈 #알렉시스조고리스 - 본 리뷰 영상은 제가 직접 대본 ...","channelTitle":"디토이야기","channelId":"UCnabt_BunUVVk1PcSd8CO9Q","publishedAt":"2025-04-23T10:59:27","thumbnails":{"medium":{"url":"https://i.ytimg.com/vi/6aZuVksifk0/mqdefault.jpg","width":320,"height":180},"high":{"url":"https://i.ytimg.com/vi/6aZuVksifk0/hqdefault.jpg","width":480,"height":360},"default":{"url":"https://i.ytimg.com/vi/6aZuVksifk0/default.jpg","width":120,"height":90}},"url":"https://www.youtube.com/watch?v=6aZuVksifk0","searchQuery":"","pageNumber":""},{"videoId":"utCftMJgWEE","name":"청춘나이트","title":"청춘나이트","description":"그럼피 올드 맨(Grumpy Old Men), 1993] #잭레먼 #월터매튜 #앤마그렛 #90년대영화 - 본 리뷰 영상은 직접 작성한 대본과 편집으로 ...","channelTitle":"디토이야기","channelId":"UCnabt_BunUVVk1PcSd8CO9Q","publishedAt":"2025-10-01T11:00:03","thumbnails":{"medium":{"url":"https://i.ytimg.com/vi/utCftMJgWEE/mqdefault.jpg","width":320,"height":180},"high":{"url":"https://i.ytimg.com/vi/utCftMJgWEE/hqdefault.jpg","width":480,"height":360},"default":{"url":"https://i.ytimg.com/vi/utCftMJgWEE/default.jpg","width":120,"height":90}},"url":"https://www.youtube.com/watch?v=utCftMJgWEE","searchQuery":"","pageNumber":""},{"videoId":"BSznwQvcCcA","name":"작은 영웅","title":"작은 영웅","description":"[리틀 보이(Little Boy), 2015] #제이콥살바티 #에밀리왓슨 #마이클래파포트 #캐리히로유키타카와 #감동영화 - 본 리뷰 영상은 제가 ...","channelTitle":"디토이야기","channelId":"UCnabt_BunUVVk1PcSd8CO9Q","publishedAt":"2025-05-21T10:59:24","thumbnails":{"medium":{"url":"https://i.ytimg.com/vi/BSznwQvcCcA/mqdefault.jpg","width":320,"height":180},"high":{"url":"https://i.ytimg.com/vi/BSznwQvcCcA/hqdefault.jpg","width":480,"height":360},"default":{"url":"https://i.ytimg.com/vi/BSznwQvcCcA/default.jpg","width":120,"height":90}},"url":"https://www.youtube.com/watch?v=BSznwQvcCcA","searchQuery":"","pageNumber":""},{"videoId":"Po_2O2jTYhs","name":"달 위에서의 노래","title":"달 위에서의 노래","description":"A pair of hit songwriters fall in love with an ex-film star and her friend, but a blackmailer arrives to disrupt the romances. Based on ...","channelTitle":"Cult Cinema Classics","channelId":"UCycDFnpMeWzaITQSD1dWsOA","publishedAt":"2021-03-12T00:00:14","thumbnails":{"medium":{"url":"https://i.ytimg.com/vi/Po_2O2jTYhs/mqdefault.jpg","width":320,"height":180},"high":{"url":"https://i.ytimg.com/vi/Po_2O2jTYhs/hqdefault.jpg","width":480,"height":360},"default":{"url":"https://i.ytimg.com/vi/Po_2O2jTYhs/default.jpg","width":120,"height":90}},"url":"https://www.youtube.com/watch?v=Po_2O2jTYhs","searchQuery":"","pageNumber":""},{"videoId":"zP6FZj316EI","name":"클리셰한 사랑","title":"클리셰한 사랑","description":"빨강, 파랑, 어쨌든 찬란 (2023) 본 영상은 결말이 포함된 리뷰입니다 :) 구독과 좋아요는 채널 성장에 큰 힘이 됩니다   시청해주셔서 ...","channelTitle":"망고 무비","channelId":"UCnWR9GjfjW_fiD9iaIQgdrw","publishedAt":"2024-09-25T10:01:07","thumbnails":{"medium":{"url":"https://i.ytimg.com/vi/zP6FZj316EI/mqdefault.jpg","width":320,"height":180},"high":{"url":"https://i.ytimg.com/vi/zP6FZj316EI/hqdefault.jpg","width":480,"height":360},"default":{"url":"https://i.ytimg.com/vi/zP6FZj316EI/default.jpg","width":120,"height":90}},"url":"https://www.youtube.com/watch?v=zP6FZj316EI","searchQuery":"","pageNumber":""},{"videoId":"-VhoER2jPWE","name":"찌질한 청춘들의 유쾌한 로맨틱","title":"찌질한 청춘들의 유쾌한 로맨틱","description":"스타트 포 텐(Starter For 10), 2007] #제임스맥어보이 #앨리스이브 #레베카홀 #베네딕트컴버배치 - 본 리뷰 영상의 대본 작성과 편집 ...","channelTitle":"디토이야기","channelId":"UCnabt_BunUVVk1PcSd8CO9Q","publishedAt":"2024-02-13T10:59:46","thumbnails":{"medium":{"url":"https://i.ytimg.com/vi/-VhoER2jPWE/mqdefault.jpg","width":320,"height":180},"high":{"url":"https://i.ytimg.com/vi/-VhoER2jPWE/hqdefault.jpg","width":480,"height":360},"default":{"url":"https://i.ytimg.com/vi/-VhoER2jPWE/default.jpg","width":120,"height":90}},"url":"https://www.youtube.com/watch?v=-VhoER2jPWE","searchQuery":"","pageNumber":""},{"videoId":"moze8XA9r2Y","name":"인생의 꽃미남","title":"인생의 꽃미남","description":"탕후루요? 걍 이거 보세요. 설레고 달달 눈부시게 아름다운 사람이 나타났을 때 확 꼬시는 방법 누구나 일생에 한 번은 눈부시게 ...","channelTitle":"Tenkong 텐콩","channelId":"UCjUaaYNOaFjmQxUipaWMxbA","publishedAt":"2024-05-27T10:14:58","thumbnails":{"medium":{"url":"https://i.ytimg.com/vi/moze8XA9r2Y/mqdefault.jpg","width":320,"height":180},"high":{"url":"https://i.ytimg.com/vi/moze8XA9r2Y/hqdefault.jpg","width":480,"height":360},"default":{"url":"https://i.ytimg.com/vi/moze8XA9r2Y/default.jpg","width":120,"height":90}},"url":"https://www.youtube.com/watch?v=moze8XA9r2Y","searchQuery":"","pageNumber":""},{"videoId":"aytKV24sTVI","name":"도파민의 녹색 늑대","title":"도파민의 녹색 늑대","description":"URISHOP All Rights Reserved. 이 영상은 유료광고를 포함하지 않습니다 Business & Contact ...","channelTitle":"유리숍","channelId":"UCceUWPM7SkvOmJ3bs9ZYJCw","publishedAt":"2025-07-03T13:07:25","thumbnails":{"medium":{"url":"https://i.ytimg.com/vi/aytKV24sTVI/mqdefault.jpg","width":320,"height":180},"high":{"url":"https://i.ytimg.com/vi/aytKV24sTVI/hqdefault.jpg","width":480,"height":360},"default":{"url":"https://i.ytimg.com/vi/aytKV24sTVI/default.jpg","width":120,"height":90}},"url":"https://www.youtube.com/watch?v=aytKV24sTVI","searchQuery":"","pageNumber":""},{"videoId":"ce-Esvys5ig","name":"사랑받는 이유","title":"사랑받는 이유","description":"영화 제목 \"레이싱 인 더 레인\" #영화리뷰결말포함 #영화추천결말 #영화결말리뷰 #명작 #추천 #영화리뷰 #영화추천결말포함 #영화 ...","channelTitle":"명영화","channelId":"UCYZ4k7X4QH55oWC9Ljh98nA","publishedAt":"2024-08-12T09:00:22","thumbnails":{"medium":{"url":"https://i.ytimg.com/vi/ce-Esvys5ig/mqdefault.jpg","width":320,"height":180},"high":{"url":"https://i.ytimg.com/vi/ce-Esvys5ig/hqdefault.jpg","width":480,"height":360},"default":{"url":"https://i.ytimg.com/vi/ce-Esvys5ig/default.jpg","width":120,"height":90}},"url":"https://www.youtube.com/watch?v=ce-Esvys5ig","searchQuery":"","pageNumber":""},{"videoId":"1zfdJPRNFKo","name":"청춘들의 로맨틱 하우스","title":"청춘들의 로맨틱 하우스","description":"SBS 모비딕 숏폼드라마 '몽슈슈 글로벌 하우스' 제작발표회 현장! 글로벌 셰어하우스에 사는 매력 넘치는 글로벌 대표 청춘들이 일과 ...","channelTitle":"SBS ","channelId":"UCcOYEm78CpaZQvPE6LtoSeA","publishedAt":"2019-11-08T05:47:48","thumbnails":{"medium":{"url":"https://i.ytimg.com/vi/1zfdJPRNFKo/mqdefault.jpg","width":320,"height":180},"high":{"url":"https://i.ytimg.com/vi/1zfdJPRNFKo/hqdefault.jpg","width":480,"height":360},"default":{"url":"https://i.ytimg.com/vi/1zfdJPRNFKo/default.jpg","width":120,"height":90}},"url":"https://www.youtube.com/watch?v=1zfdJPRNFKo","searchQuery":"","pageNumber":""},{"videoId":"CUQaYNwI1So","name":"내 여자친구는 상남자","title":"내 여자친구는 상남자","description":"KBS [내여자친구는 상남자] 입니다 KBS2 (수, 목) 밤 9시50분에 방영합니다! 이 영상은 KBS의 저작권 허가를 받고 제작, 업로드 ...","channelTitle":"고몽","channelId":"UCpcft4FJXgUjnxWoQYsl7Ug","publishedAt":"2025-07-26T01:00:19","thumbnails":{"medium":{"url":"https://i.ytimg.com/vi/CUQaYNwI1So/mqdefault.jpg","width":320,"height":180},"high":{"url":"https://i.ytimg.com/vi/CUQaYNwI1So/hqdefault.jpg","width":480,"height":360},"default":{"url":"https://i.ytimg.com/vi/CUQaYNwI1So/default.jpg","width":120,"height":90}},"url":"https://www.youtube.com/watch?v=CUQaYNwI1So","searchQuery":"","pageNumber":""},{"videoId":"VFu-TIX_AqA","name":"속도위반 로맨스","title":"속도위반 로맨스","description":"제목: 속도위반결혼.","channelTitle":"도도드라마","channelId":"UCNzxx2Q2bGLaXxfjAUxq7Bg","publishedAt":"2023-11-10T10:00:32","thumbnails":{"medium":{"url":"https://i.ytimg.com/vi/VFu-TIX_AqA/mqdefault.jpg","width":320,"height":180},"high":{"url":"https://i.ytimg.com/vi/VFu-TIX_AqA/hqdefault.jpg","width":480,"height":360},"default":{"url":"https://i.ytimg.com/vi/VFu-TIX_AqA/default.jpg","width":120,"height":90}},"url":"https://www.youtube.com/watch?v=VFu-TIX_AqA","searchQuery":"","pageNumber":""},{"videoId":"Cs-94e_rohc","name":"삶의 환희와 고난","title":"삶의 환희와 고난","description":"[어바웃 슈미트(About Schmidt), 2002] #잭니콜슨 #호프데이비스 #더모트멀로니 #캐시베이츠 - 본 리뷰 영상은 제가 직접 대본을 작성 ...","channelTitle":"디토이야기","channelId":"UCnabt_BunUVVk1PcSd8CO9Q","publishedAt":"2025-05-14T10:59:18","thumbnails":{"medium":{"url":"https://i.ytimg.com/vi/Cs-94e_rohc/mqdefault.jpg","width":320,"height":180},"high":{"url":"https://i.ytimg.com/vi/Cs-94e_rohc/hqdefault.jpg","width":480,"height":360},"default":{"url":"https://i.ytimg.com/vi/Cs-94e_rohc/default.jpg","width":120,"height":90}},"url":"https://www.youtube.com/watch?v=Cs-94e_rohc","searchQuery":"","pageNumber":""},{"videoId":"2_kXDQHfZi4","name":"꿈속 주인공","title":"꿈속 주인공","description":"[플레전트빌(Pleasantville), 1998] #토비맥과이어 #리즈위더스푼 #조안알렌 #제프다니엘스 #윌리엄H.머시 - 본 리뷰 영상은 제가 ...","channelTitle":"디토이야기","channelId":"UCnabt_BunUVVk1PcSd8CO9Q","publishedAt":"2025-04-09T10:59:10","thumbnails":{"medium":{"url":"https://i.ytimg.com/vi/2_kXDQHfZi4/mqdefault.jpg","width":320,"height":180},"high":{"url":"https://i.ytimg.com/vi/2_kXDQHfZi4/hqdefault.jpg","width":480,"height":360},"default":{"url":"https://i.ytimg.com/vi/2_kXDQHfZi4/default.jpg","width":120,"height":90}},"url":"https://www.youtube.com/watch?v=2_kXDQHfZi4","searchQuery":"","pageNumber":""},{"videoId":"Qe2BCSTbhsA","name":"라오스 여성들의 재미난 이야기","title":"라오스 여성들의 재미난 이야기","description":"라오스 #번역 #국제부부 라오스 국제결혼, 라오스 여행 걱정마세요. 이거 하나면 전세게 사람들과 대화 가능.","channelTitle":"라오스 팍세스토리","channelId":"UC75afuvR06iLKPUB_urtzyQ","publishedAt":"2024-07-11T00:04:00","thumbnails":{"medium":{"url":"https://i.ytimg.com/vi/Qe2BCSTbhsA/mqdefault.jpg","width":320,"height":180},"high":{"url":"https://i.ytimg.com/vi/Qe2BCSTbhsA/hqdefault.jpg","width":480,"height":360},"default":{"url":"https://i.ytimg.com/vi/Qe2BCSTbhsA/default.jpg","width":120,"height":90}},"url":"https://www.youtube.com/watch?v=Qe2BCSTbhsA","searchQuery":"","pageNumber":""},{"videoId":"1ksilhN8cBw","name":"사랑과 유혹의 음악","title":"사랑과 유혹의 음악","description":"코요테 어글리 본 영상은 결말이 포함된 리뷰입니다 :) 구독과 좋아요는 채널 성장에 큰 힘이 됩니다   시청해주셔서 감사합니다   ...","channelTitle":"망고 무비","channelId":"UCnWR9GjfjW_fiD9iaIQgdrw","publishedAt":"2025-08-30T09:00:03","thumbnails":{"medium":{"url":"https://i.ytimg.com/vi/1ksilhN8cBw/mqdefault.jpg","width":320,"height":180},"high":{"url":"https://i.ytimg.com/vi/1ksilhN8cBw/hqdefault.jpg","width":480,"height":360},"default":{"url":"https://i.ytimg.com/vi/1ksilhN8cBw/default.jpg","width":120,"height":90}},"url":"https://www.youtube.com/watch?v=1ksilhN8cBw","searchQuery":"","pageNumber":""},{"videoId":"IV81F2BcjvA","name":"혼자 공부하기의 재미","title":"혼자 공부하기의 재미","description":"넷플릭스 청불 코미디 드라마 \"굿걸스\" 파일럿 화를 가져왔습니다. 청불 수위를 넘는 부분은 잘라내고 착한(?) 장면만 담았습니다.","channelTitle":"프렌들리 영어","channelId":"UCdpCE3luE1GLSVhFIFhO2sA","publishedAt":"2024-01-28T09:00:12","thumbnails":{"medium":{"url":"https://i.ytimg.com/vi/IV81F2BcjvA/mqdefault.jpg","width":320,"height":180},"high":{"url":"https://i.ytimg.com/vi/IV81F2BcjvA/hqdefault.jpg","width":480,"height":360},"default":{"url":"https://i.ytimg.com/vi/IV81F2BcjvA/default.jpg","width":120,"height":90}},"url":"https://www.youtube.com/watch?v=IV81F2BcjvA","searchQuery":"","pageNumber":""},{"videoId":"ezWBAxTaul8","name":"내면의 아름다움","title":"내면의 아름다움","description":"fromginu@outlook.com SNS: https://www.instagram.com/kro.hyn 뷰티 인사이드, 2018 JTBC 콜라보 기념! '뷰티 인사이드' ...","channelTitle":"신기누설: 영화를 그리다","channelId":"UCgMawr4F7HQML8kqROLeobQ","publishedAt":"2024-05-17T09:00:28","thumbnails":{"medium":{"url":"https://i.ytimg.com/vi/ezWBAxTaul8/mqdefault.jpg","width":320,"height":180},"high":{"url":"https://i.ytimg.com/vi/ezWBAxTaul8/hqdefault.jpg","width":480,"height":360},"default":{"url":"https://i.ytimg.com/vi/ezWBAxTaul8/default.jpg","width":120,"height":90}},"url":"https://www.youtube.com/watch?v=ezWBAxTaul8","searchQuery":"","pageNumber":""},{"videoId":"nik4EoMiars","name":"운수 더럽게 팍팍한 살인사건","title":"운수 더럽게 팍팍한 살인사건","description":"영화 제목 \"난 지구 반대편 나라로 가버릴테야\" #영화리뷰결말포함 #영화추천결말 #영화결말리뷰 #명작 #추천 #영화리뷰 #영화추천 ...","channelTitle":"명영화","channelId":"UCYZ4k7X4QH55oWC9Ljh98nA","publishedAt":"2025-07-12T07:49:08","thumbnails":{"medium":{"url":"https://i.ytimg.com/vi/nik4EoMiars/mqdefault.jpg","width":320,"height":180},"high":{"url":"https://i.ytimg.com/vi/nik4EoMiars/hqdefault.jpg","width":480,"height":360},"default":{"url":"https://i.ytimg.com/vi/nik4EoMiars/default.jpg","width":120,"height":90}},"url":"https://www.youtube.com/watch?v=nik4EoMiars","searchQuery":"","pageNumber":""},{"videoId":"Pq2p1hehoGo","name":"내 여자친구는 귀여운 도도쟁이","title":"내 여자친구는 귀여운 도도쟁이","description":"[내 여자친구는 상남자] 3-4회를 다루고 있습니다. KBS의 저작권 허가를 받았습니다.","channelTitle":"고몽","channelId":"UCpcft4FJXgUjnxWoQYsl7Ug","publishedAt":"2025-08-02T01:00:31","thumbnails":{"medium":{"url":"https://i.ytimg.com/vi/Pq2p1hehoGo/mqdefault.jpg","width":320,"height":180},"high":{"url":"https://i.ytimg.com/vi/Pq2p1hehoGo/hqdefault.jpg","width":480,"height":360},"default":{"url":"https://i.ytimg.com/vi/Pq2p1hehoGo/default.jpg","width":120,"height":90}},"url":"https://www.youtube.com/watch?v=Pq2p1hehoGo","searchQuery":"","pageNumber":""},{"videoId":"BTbMDPA_qWg","name":"사고치는 로맨스","title":"사고치는 로맨스","description":"댄 인 러브(Dan in Real Life), 2007] #스티브카렐 #줄리엣비노쉬 #데인쿡 #브릿로버트슨 - 본 리뷰 영상은 제가 직접 대본을 작성하고 ...","channelTitle":"디토이야기","channelId":"UCnabt_BunUVVk1PcSd8CO9Q","publishedAt":"2024-04-23T10:59:07","thumbnails":{"medium":{"url":"https://i.ytimg.com/vi/BTbMDPA_qWg/mqdefault.jpg","width":320,"height":180},"high":{"url":"https://i.ytimg.com/vi/BTbMDPA_qWg/hqdefault.jpg","width":480,"height":360},"default":{"url":"https://i.ytimg.com/vi/BTbMDPA_qWg/default.jpg","width":120,"height":90}},"url":"https://www.youtube.com/watch?v=BTbMDPA_qWg","searchQuery":"","pageNumber":""},{"videoId":"qsaTvS_kMag","name":"사랑의 요리법","title":"사랑의 요리법","description":"식탁의온도 #스케치코미디 #드라마 #이선민 #조훈 #더면상 두 남자의 청춘 힐링 시골 브로맨스.","channelTitle":"The면상","channelId":"UCL78V7SKGFWqIaNinBcn7-A","publishedAt":"2025-11-14T10:30:43","thumbnails":{"medium":{"url":"https://i.ytimg.com/vi/qsaTvS_kMag/mqdefault.jpg","width":320,"height":180},"high":{"url":"https://i.ytimg.com/vi/qsaTvS_kMag/hqdefault.jpg","width":480,"height":360},"default":{"url":"https://i.ytimg.com/vi/qsaTvS_kMag/default.jpg","width":120,"height":90}},"url":"https://www.youtube.com/watch?v=qsaTvS_kMag","searchQuery":"","pageNumber":""},{"videoId":"CVxBOik1AyQ","name":"인싸의 역습","title":"인싸의 역습","description":"존 터커 머스트 다이 본 영상은 결말이 포함된 리뷰입니다 :) 구독과 좋아요는 채널 성장에 큰 힘이 됩니다   시청해주셔서 감사 ...","channelTitle":"망고 무비","channelId":"UCnWR9GjfjW_fiD9iaIQgdrw","publishedAt":"2025-08-18T08:30:06","thumbnails":{"medium":{"url":"https://i.ytimg.com/vi/CVxBOik1AyQ/mqdefault.jpg","width":320,"height":180},"high":{"url":"https://i.ytimg.com/vi/CVxBOik1AyQ/hqdefault.jpg","width":480,"height":360},"default":{"url":"https://i.ytimg.com/vi/CVxBOik1AyQ/default.jpg","width":120,"height":90}},"url":"https://www.youtube.com/watch?v=CVxBOik1AyQ","searchQuery":"","pageNumber":""},{"videoId":"DbSD1cmswmI","name":"거짓말 찐따의 인플루언서","title":"거짓말 찐따의 인플루언서","description":"낫 오케이 본 영상은 결말이 포함된 리뷰입니다 :) 구독과 좋아요는 채널 성장에 큰 힘이 됩니다   시청해주셔서 감사합니다   #영화 ...","channelTitle":"망고 무비","channelId":"UCnWR9GjfjW_fiD9iaIQgdrw","publishedAt":"2025-08-29T09:00:32","thumbnails":{"medium":{"url":"https://i.ytimg.com/vi/DbSD1cmswmI/mqdefault.jpg","width":320,"height":180},"high":{"url":"https://i.ytimg.com/vi/DbSD1cmswmI/hqdefault.jpg","width":480,"height":360},"default":{"url":"https://i.ytimg.com/vi/DbSD1cmswmI/default.jpg","width":120,"height":90}},"url":"https://www.youtube.com/watch?v=DbSD1cmswmI","searchQuery":"","pageNumber":""},{"videoId":"458IgSeVEcI","name":"불륜의 유혹","title":"불륜의 유혹","description":"라떼한편 #로버트드니로 #메릴스트립 #크리스마스영화 채널에 가입하여 혜택을 누려보세요.","channelTitle":"라떼한편 - latte's movie","channelId":"UC0RBaMJf4qeMl7ZkVUlNSbA","publishedAt":"2025-07-28T04:00:08","thumbnails":{"medium":{"url":"https://i.ytimg.com/vi/458IgSeVEcI/mqdefault.jpg","width":320,"height":180},"high":{"url":"https://i.ytimg.com/vi/458IgSeVEcI/hqdefault.jpg","width":480,"height":360},"default":{"url":"https://i.ytimg.com/vi/458IgSeVEcI/default.jpg","width":120,"height":90}},"url":"https://www.youtube.com/watch?v=458IgSeVEcI","searchQuery":"","pageNumber":""},{"videoId":"Kr5lp2Wo0iM","name":"올해의 영광","title":"올해의 영광","description":"뻔하게 흘러가지만 뻔하게 끝내지 않는 로맨틱 코미디 ☆영화 발렛 (2022년) 리뷰입니다. 무료 구독하러가기 ...","channelTitle":"리뷰 MASTER","channelId":"UCul4FTKARC-EaBq0e8UH7RA","publishedAt":"2023-12-10T06:30:05","thumbnails":{"medium":{"url":"https://i.ytimg.com/vi/Kr5lp2Wo0iM/mqdefault.jpg","width":320,"height":180},"high":{"url":"https://i.ytimg.com/vi/Kr5lp2Wo0iM/hqdefault.jpg","width":480,"height":360},"default":{"url":"https://i.ytimg.com/vi/Kr5lp2Wo0iM/default.jpg","width":120,"height":90}},"url":"https://www.youtube.com/watch?v=Kr5lp2Wo0iM","searchQuery":"","pageNumber":""},{"videoId":"WCPqSOVwaqI","name":"동부 소년들","title":"동부 소년들","description":"It's gang war on the streets of New York...when a bunch of half-pint racketeers go \"civic-minded' to put the skids under a crime czar ...","channelTitle":"Cult Cinema Classics","channelId":"UCycDFnpMeWzaITQSD1dWsOA","publishedAt":"2021-08-10T00:00:10","thumbnails":{"medium":{"url":"https://i.ytimg.com/vi/WCPqSOVwaqI/mqdefault.jpg","width":320,"height":180},"high":{"url":"https://i.ytimg.com/vi/WCPqSOVwaqI/hqdefault.jpg","width":480,"height":360},"default":{"url":"https://i.ytimg.com/vi/WCPqSOVwaqI/default.jpg","width":120,"height":90}},"url":"https://www.youtube.com/watch?v=WCPqSOVwaqI","searchQuery":"","pageNumber":""},{"videoId":"xMIn_S6rImA","name":"흐드러지게 웃긴 사랑 이야기","title":"흐드러지게 웃긴 사랑 이야기","description":"나의 그리스식 웨딩(My Big Fat Greek Wedding), 2002] #니아발다로스 #존코벳 #레이니카잔 #마이클콘스탄틴 - 본 리뷰 영상은 제가 ...","channelTitle":"디토이야기","channelId":"UCnabt_BunUVVk1PcSd8CO9Q","publishedAt":"2025-05-17T10:59:12","thumbnails":{"medium":{"url":"https://i.ytimg.com/vi/xMIn_S6rImA/mqdefault.jpg","width":320,"height":180},"high":{"url":"https://i.ytimg.com/vi/xMIn_S6rImA/hqdefault.jpg","width":480,"height":360},"default":{"url":"https://i.ytimg.com/vi/xMIn_S6rImA/default.jpg","width":120,"height":90}},"url":"https://www.youtube.com/watch?v=xMIn_S6rImA","searchQuery":"","pageNumber":""},{"videoId":"dUv2YwD8kqQ","name":"금발이 너무해","title":"금발이 너무해","description":"금발이 너무해 00:00 1편 13:37 2편 본 영상은 결말이 포함된 리뷰입니다 :) 구독과 좋아요는 채널 성장에 큰 힘이 됩니다   시청 ...","channelTitle":"망고 무비","channelId":"UCnWR9GjfjW_fiD9iaIQgdrw","publishedAt":"2025-07-01T09:15:04","thumbnails":{"medium":{"url":"https://i.ytimg.com/vi/dUv2YwD8kqQ/mqdefault.jpg","width":320,"height":180},"high":{"url":"https://i.ytimg.com/vi/dUv2YwD8kqQ/hqdefault.jpg","width":480,"height":360},"default":{"url":"https://i.ytimg.com/vi/dUv2YwD8kqQ/default.jpg","width":120,"height":90}},"url":"https://www.youtube.com/watch?v=dUv2YwD8kqQ","searchQuery":"","pageNumber":""},{"videoId":"r0jIHadPcbo","name":"빛나는 변화","title":"빛나는 변화","description":"[그린 북(Green Book), 2019] #비고모텐슨 #마허샬라알리 #린다카델리니 - 본 리뷰 영상의 대본 작성과 편집은 제가 직접 했으며, 영화 ...","channelTitle":"디토이야기","channelId":"UCnabt_BunUVVk1PcSd8CO9Q","publishedAt":"2024-06-12T10:59:10","thumbnails":{"medium":{"url":"https://i.ytimg.com/vi/r0jIHadPcbo/mqdefault.jpg","width":320,"height":180},"high":{"url":"https://i.ytimg.com/vi/r0jIHadPcbo/hqdefault.jpg","width":480,"height":360},"default":{"url":"https://i.ytimg.com/vi/r0jIHadPcbo/default.jpg","width":120,"height":90}},"url":"https://www.youtube.com/watch?v=r0jIHadPcbo","searchQuery":"","pageNumber":""},{"videoId":"0RlH_U_H65Y","name":"부시맨의 홍콩 날개","title":"부시맨의 홍콩 날개","description":"도치비디오 #영화리뷰 #결말포함 #부시맨 #콜라병 #코카콜라 #홍콩영화 남아프리카의 원주민 부시맨이, 사고로 홍콩에 가게되어 ...","channelTitle":"도치비디오","channelId":"UCntfNyznfowCB6jkde7bq3A","publishedAt":"2023-07-03T14:30:10","thumbnails":{"medium":{"url":"https://i.ytimg.com/vi/0RlH_U_H65Y/mqdefault.jpg","width":320,"height":180},"high":{"url":"https://i.ytimg.com/vi/0RlH_U_H65Y/hqdefault.jpg","width":480,"height":360},"default":{"url":"https://i.ytimg.com/vi/0RlH_U_H65Y/default.jpg","width":120,"height":90}},"url":"https://www.youtube.com/watch?v=0RlH_U_H65Y","searchQuery":"","pageNumber":""},{"videoId":"pPmUc59qX8s","name":"사라진 남편","title":"사라진 남편","description":"라떼한편 #레이첼브로스너핸 채널에 가입하여 혜택을 누려보세요.","channelTitle":"라떼한편 - latte's movie","channelId":"UC0RBaMJf4qeMl7ZkVUlNSbA","publishedAt":"2025-10-24T12:02:00","thumbnails":{"medium":{"url":"https://i.ytimg.com/vi/pPmUc59qX8s/mqdefault.jpg","width":320,"height":180},"high":{"url":"https://i.ytimg.com/vi/pPmUc59qX8s/hqdefault.jpg","width":480,"height":360},"default":{"url":"https://i.ytimg.com/vi/pPmUc59qX8s/default.jpg","width":120,"height":90}},"url":"https://www.youtube.com/watch?v=pPmUc59qX8s","searchQuery":"","pageNumber":""},{"videoId":"ZleXf5Fb1hE","name":"헛소리와 웃음으로 가득한 일상","title":"헛소리와 웃음으로 가득한 일상","description":"넷플릭스 코미디 드라마 《닭강정》 후기 입니다. - 댓글은 예의를 지켜주세요. 부적절한 댓글은 삭제 하겠습니다. #닭강정 #드라마 ...","channelTitle":"김단군","channelId":"UC3KlqJ3v_43nhvDaXfxFAXw","publishedAt":"2024-03-17T00:00:16","thumbnails":{"medium":{"url":"https://i.ytimg.com/vi/ZleXf5Fb1hE/mqdefault.jpg","width":320,"height":180},"high":{"url":"https://i.ytimg.com/vi/ZleXf5Fb1hE/hqdefault.jpg","width":480,"height":360},"default":{"url":"https://i.ytimg.com/vi/ZleXf5Fb1hE/default.jpg","width":120,"height":90}},"url":"https://www.youtube.com/watch?v=ZleXf5Fb1hE","searchQuery":"","pageNumber":""},{"videoId":"1KF3JRdol_U","name":"선재업고튀어","title":"선재업고튀어","description":"[우연일까] 1-2회 소개영상입니다. tvN의 저작권 허가를 받았습니다. #우연일까 #채종협 #tvn #김소현.","channelTitle":"고몽","channelId":"UCpcft4FJXgUjnxWoQYsl7Ug","publishedAt":"2024-07-25T08:00:00","thumbnails":{"medium":{"url":"https://i.ytimg.com/vi/1KF3JRdol_U/mqdefault.jpg","width":320,"height":180},"high":{"url":"https://i.ytimg.com/vi/1KF3JRdol_U/hqdefault.jpg","width":480,"height":360},"default":{"url":"https://i.ytimg.com/vi/1KF3JRdol_U/default.jpg","width":120,"height":90}},"url":"https://www.youtube.com/watch?v=1KF3JRdol_U","searchQuery":"","pageNumber":""},{"videoId":"C_XsC0GwSso","name":"썸머 뷰티","title":"썸머 뷰티","description":"fromginu@outlook.com SNS: https://www.instagram.com/kro.hyn 내가 예뻐진 그 여름 시즌2, 2023 해당 작품은 \"프라임비디오\" ...","channelTitle":"신기누설: 영화를 그리다","channelId":"UCgMawr4F7HQML8kqROLeobQ","publishedAt":"2024-05-30T10:30:03","thumbnails":{"medium":{"url":"https://i.ytimg.com/vi/C_XsC0GwSso/mqdefault.jpg","width":320,"height":180},"high":{"url":"https://i.ytimg.com/vi/C_XsC0GwSso/hqdefault.jpg","width":480,"height":360},"default":{"url":"https://i.ytimg.com/vi/C_XsC0GwSso/default.jpg","width":120,"height":90}},"url":"https://www.youtube.com/watch?v=C_XsC0GwSso","searchQuery":"","pageNumber":""},{"videoId":"1Cr_MvibfFg","name":"사랑하는 나의 일기","title":"사랑하는 나의 일기","description":"영화 #결말포함 #로맨스 #코미디.","channelTitle":"영화마을","channelId":"UCWAepwRTrWvC50bDbZUl46w","publishedAt":"2025-05-27T07:30:00","thumbnails":{"medium":{"url":"https://i.ytimg.com/vi/1Cr_MvibfFg/mqdefault.jpg","width":320,"height":180},"high":{"url":"https://i.ytimg.com/vi/1Cr_MvibfFg/hqdefault.jpg","width":480,"height":360},"default":{"url":"https://i.ytimg.com/vi/1Cr_MvibfFg/default.jpg","width":120,"height":90}},"url":"https://www.youtube.com/watch?v=1Cr_MvibfFg","searchQuery":"","pageNumber":""},{"videoId":"DRwfUd6OU0U","name":"잠도 팔지 않는 밤","title":"잠도 팔지 않는 밤","description":"나의 잘못 (2023) 2편 보러가기 https://youtu.be/rYIwMfbgzg0 풀버전은 아마존 프라임 비디오에서 보실 수 있습니다! 본 영상은 ...","channelTitle":"망고 무비","channelId":"UCnWR9GjfjW_fiD9iaIQgdrw","publishedAt":"2024-03-17T06:30:04","thumbnails":{"medium":{"url":"https://i.ytimg.com/vi/DRwfUd6OU0U/mqdefault.jpg","width":320,"height":180},"high":{"url":"https://i.ytimg.com/vi/DRwfUd6OU0U/hqdefault.jpg","width":480,"height":360},"default":{"url":"https://i.ytimg.com/vi/DRwfUd6OU0U/default.jpg","width":120,"height":90}},"url":"https://www.youtube.com/watch?v=DRwfUd6OU0U","searchQuery":"","pageNumber":""},{"videoId":"DQ6rWzU9dik","name":"미치도록 섹스팅한 CIA 요원","title":"미치도록 섹스팅한 CIA 요원","description":"본 영상은 저작권 허가를 받았습니다. 안녕하세요^^ 채널 어바웃타임 입니다. 오늘 소개해드릴 작품은 스파이 입니다. 비즈니스 문의: ...","channelTitle":"어바웃타임 (About time)","channelId":"UCxn_EHVOJnrEJBZY2p3E6Sg","publishedAt":"2024-06-06T09:00:08","thumbnails":{"medium":{"url":"https://i.ytimg.com/vi/DQ6rWzU9dik/mqdefault.jpg","width":320,"height":180},"high":{"url":"https://i.ytimg.com/vi/DQ6rWzU9dik/hqdefault.jpg","width":480,"height":360},"default":{"url":"https://i.ytimg.com/vi/DQ6rWzU9dik/default.jpg","width":120,"height":90}},"url":"https://www.youtube.com/watch?v=DQ6rWzU9dik","searchQuery":"","pageNumber":""},{"videoId":"D6wtYpkhpC0","name":"교토의 봄날","title":"교토의 봄날","description":"\"같은 시공간 속에서 너와 나 사이엔 시차가 있어..\" 늘 남들보다 한발 앞서는 바람에 입시도, 일상생활도, 연애도 쉽지 않은 우체국 청년 ...","channelTitle":"기묘한 케이지","channelId":"UCPpfTHg0QAHH4WqKZuLzimg","publishedAt":"2024-06-05T09:10:32","thumbnails":{"medium":{"url":"https://i.ytimg.com/vi/D6wtYpkhpC0/mqdefault.jpg","width":320,"height":180},"high":{"url":"https://i.ytimg.com/vi/D6wtYpkhpC0/hqdefault.jpg","width":480,"height":360},"default":{"url":"https://i.ytimg.com/vi/D6wtYpkhpC0/default.jpg","width":120,"height":90}},"url":"https://www.youtube.com/watch?v=D6wtYpkhpC0","searchQuery":"","pageNumber":""},{"videoId":"zb3WpESdrnU","name":"바람 피는 요리사와 그녀의 남친","title":"바람 피는 요리사와 그녀의 남친","description":"지무비 #드라마 #웰컴투삼달리 드라마 ≪웰컴투 삼달리≫, 1화~2화의 내용입니다. 채널 JTBC에서 매주 토,일 밤 10시 30분 방영 ...","channelTitle":"지무비 : G Movie","channelId":"UCaHGOzOyeYzLQeKsVkfLEGA","publishedAt":"2023-12-06T08:00:38","thumbnails":{"medium":{"url":"https://i.ytimg.com/vi/zb3WpESdrnU/mqdefault.jpg","width":320,"height":180},"high":{"url":"https://i.ytimg.com/vi/zb3WpESdrnU/hqdefault.jpg","width":480,"height":360},"default":{"url":"https://i.ytimg.com/vi/zb3WpESdrnU/default.jpg","width":120,"height":90}},"url":"https://www.youtube.com/watch?v=zb3WpESdrnU","searchQuery":"","pageNumber":""},{"videoId":"ZeHX-ptb0gg","name":"복수의 달인들","title":"복수의 달인들","description":"예고편보다 재밌는 콘텐츠 소개 저작권 허가를 받은 홍보 영상입니다 :) ▷지금 바로 [쿠팡플레이]에서 보실 수 있습니다!","channelTitle":"리씨네","channelId":"UCfDJ6zy3AZ1afT9FV0mwMOA","publishedAt":"2025-09-14T13:30:04","thumbnails":{"medium":{"url":"https://i.ytimg.com/vi/ZeHX-ptb0gg/mqdefault.jpg","width":320,"height":180},"high":{"url":"https://i.ytimg.com/vi/ZeHX-ptb0gg/hqdefault.jpg","width":480,"height":360},"default":{"url":"https://i.ytimg.com/vi/ZeHX-ptb0gg/default.jpg","width":120,"height":90}},"url":"https://www.youtube.com/watch?v=ZeHX-ptb0gg","searchQuery":"","pageNumber":""},{"videoId":"u3k-XJztGrA","name":"유혹의 순간","title":"유혹의 순간","description":"드라마: 레오파드 시즌 1 ‍   어바웃타임 멤버십 가입 https://www.youtube.com/channel/UCxn_EHVOJnrEJBZY2p3E6Sg/join ...","channelTitle":"어바웃타임 (About time)","channelId":"UCxn_EHVOJnrEJBZY2p3E6Sg","publishedAt":"2025-06-21T06:14:32","thumbnails":{"medium":{"url":"https://i.ytimg.com/vi/u3k-XJztGrA/mqdefault.jpg","width":320,"height":180},"high":{"url":"https://i.ytimg.com/vi/u3k-XJztGrA/hqdefault.jpg","width":480,"height":360},"default":{"url":"https://i.ytimg.com/vi/u3k-XJztGrA/default.jpg","width":120,"height":90}},"url":"https://www.youtube.com/watch?v=u3k-XJztGrA","searchQuery":"","pageNumber":""},{"videoId":"OBsE0comSNE","name":"갘상영화의 비밀","title":"갘상영화의 비밀","description":"https://www.youtube.com/watch?v=5uzn2owI5IU CineTofu https://www.youtube.com/watch?v=5QVls_zRkpg Casual Nerd ...","channelTitle":"두둥","channelId":"UCvvqOVh_f7AVfX5Erke3-CQ","publishedAt":"2024-09-05T10:00:25","thumbnails":{"medium":{"url":"https://i.ytimg.com/vi/OBsE0comSNE/mqdefault.jpg","width":320,"height":180},"high":{"url":"https://i.ytimg.com/vi/OBsE0comSNE/hqdefault.jpg","width":480,"height":360},"default":{"url":"https://i.ytimg.com/vi/OBsE0comSNE/default.jpg","width":120,"height":90}},"url":"https://www.youtube.com/watch?v=OBsE0comSNE","searchQuery":"","pageNumber":""},{"videoId":"7P4G0Q9qZq0","name":"인생의 전환점","title":"인생의 전환점","description":"[개소리]1-2회를 다루고 있으며, KBS의 저작권 허가를 받았습니다. #개소리 #kbs2 #수목밤9시50분.","channelTitle":"고몽","channelId":"UCpcft4FJXgUjnxWoQYsl7Ug","publishedAt":"2024-09-27T08:00:06","thumbnails":{"medium":{"url":"https://i.ytimg.com/vi/7P4G0Q9qZq0/mqdefault.jpg","width":320,"height":180},"high":{"url":"https://i.ytimg.com/vi/7P4G0Q9qZq0/hqdefault.jpg","width":480,"height":360},"default":{"url":"https://i.ytimg.com/vi/7P4G0Q9qZq0/default.jpg","width":120,"height":90}},"url":"https://www.youtube.com/watch?v=7P4G0Q9qZq0","searchQuery":"","pageNumber":""},{"videoId":"6I9QPyNnj2Q","name":"고기 식당의 비극","title":"고기 식당의 비극","description":"25년 10월 17일 TF1 (TV Content), NBC Universal로 부터 저작권 허락 및 화이트리스트 완료된 영상입니다 #포커페이스 #왓챠 ...","channelTitle":"어퍼컷Tube","channelId":"UCuK80YHBZyyKrr2B1oHrgrw","publishedAt":"2025-11-15T10:00:09","thumbnails":{"medium":{"url":"https://i.ytimg.com/vi/6I9QPyNnj2Q/mqdefault.jpg","width":320,"height":180},"high":{"url":"https://i.ytimg.com/vi/6I9QPyNnj2Q/hqdefault.jpg","width":480,"height":360},"default":{"url":"https://i.ytimg.com/vi/6I9QPyNnj2Q/default.jpg","width":120,"height":90}},"url":"https://www.youtube.com/watch?v=6I9QPyNnj2Q","searchQuery":"","pageNumber":""},{"videoId":"v28kWrOp-nw","name":"쌍팔년도의 진풍경","title":"쌍팔년도의 진풍경","description":"영화 #결말포함 #액션영화 #코미디.","channelTitle":"영화마을","channelId":"UCWAepwRTrWvC50bDbZUl46w","publishedAt":"2025-04-30T09:01:16","thumbnails":{"medium":{"url":"https://i.ytimg.com/vi/v28kWrOp-nw/mqdefault.jpg","width":320,"height":180},"high":{"url":"https://i.ytimg.com/vi/v28kWrOp-nw/hqdefault.jpg","width":480,"height":360},"default":{"url":"https://i.ytimg.com/vi/v28kWrOp-nw/default.jpg","width":120,"height":90}},"url":"https://www.youtube.com/watch?v=v28kWrOp-nw","searchQuery":"","pageNumber":""},{"videoId":"vCgQAq4dEGs","name":"차트의 주인공","title":"차트의 주인공","description":"맥스턴홀너와나의세계 #세이브미 #프라임비디오 #드라마리뷰 #드라마몰아보기 #라떼한편 유튜브 자막을 사용하고 있습니다 ...","channelTitle":"라떼한편 - latte's movie","channelId":"UC0RBaMJf4qeMl7ZkVUlNSbA","publishedAt":"2024-07-02T12:01:39","thumbnails":{"medium":{"url":"https://i.ytimg.com/vi/vCgQAq4dEGs/mqdefault.jpg","width":320,"height":180},"high":{"url":"https://i.ytimg.com/vi/vCgQAq4dEGs/hqdefault.jpg","width":480,"height":360},"default":{"url":"https://i.ytimg.com/vi/vCgQAq4dEGs/default.jpg","width":120,"height":90}},"url":"https://www.youtube.com/watch?v=vCgQAq4dEGs","searchQuery":"","pageNumber":""},{"videoId":"nYcTd8d7Guo","name":"우아한 배신과 위선","title":"우아한 배신과 위선","description":"라떼한편 #줄리안펠로우즈 채널에 가입하여 혜택을 누려보세요.","channelTitle":"라떼한편 - latte's movie","channelId":"UC0RBaMJf4qeMl7ZkVUlNSbA","publishedAt":"2025-08-21T04:00:52","thumbnails":{"medium":{"url":"https://i.ytimg.com/vi/nYcTd8d7Guo/mqdefault.jpg","width":320,"height":180},"high":{"url":"https://i.ytimg.com/vi/nYcTd8d7Guo/hqdefault.jpg","width":480,"height":360},"default":{"url":"https://i.ytimg.com/vi/nYcTd8d7Guo/default.jpg","width":120,"height":90}},"url":"https://www.youtube.com/watch?v=nYcTd8d7Guo","searchQuery":"","pageNumber":""},{"videoId":"k_jZ7Cd58-4","name":"끝나기 전에 울었다","title":"끝나기 전에 울었다","description":"최신영화와 드라마, 다양한 컨텐츠 프로그램을 재밌고 빠르게 소개해드립니다 비지니스 문의 moviebooster@naver.com #카랑영화 ...","channelTitle":"카랑Karang","channelId":"UCcfz-8gGDYJfaRHYD7kkQpw","publishedAt":"2023-02-06T05:48:57","thumbnails":{"medium":{"url":"https://i.ytimg.com/vi/k_jZ7Cd58-4/mqdefault.jpg","width":320,"height":180},"high":{"url":"https://i.ytimg.com/vi/k_jZ7Cd58-4/hqdefault.jpg","width":480,"height":360},"default":{"url":"https://i.ytimg.com/vi/k_jZ7Cd58-4/default.jpg","width":120,"height":90}},"url":"https://www.youtube.com/watch?v=k_jZ7Cd58-4","searchQuery":"","pageNumber":""},{"videoId":"K-7k_4N8KbY","name":"여자들의 급똥","title":"여자들의 급똥","description":"koreandrama #스케치코미디 #웹드라마 *음악출처 Music provided by 브금대통령 Track : 추억이 되어버린 시간 - • [브금대통령] ...","channelTitle":"오도씨(ODOSSI)","channelId":"UCKdfNLnTwKeTUn3l0m_hevA","publishedAt":"2025-10-11T02:00:30","thumbnails":{"medium":{"url":"https://i.ytimg.com/vi/K-7k_4N8KbY/mqdefault.jpg","width":320,"height":180},"high":{"url":"https://i.ytimg.com/vi/K-7k_4N8KbY/hqdefault.jpg","width":480,"height":360},"default":{"url":"https://i.ytimg.com/vi/K-7k_4N8KbY/default.jpg","width":120,"height":90}},"url":"https://www.youtube.com/watch?v=K-7k_4N8KbY","searchQuery":"","pageNumber":""},{"videoId":"b3QH3xcx7dg","name":"애드립의 마법","title":"애드립의 마법","description":"영화 《스물》 비하인드 스토리 #스물 #김우빈 #이준호 #강하늘 줌인 스토어, 귀빈정 특별전 → https://bit.ly/3SYNx0p ...","channelTitle":"영화 줌인센타 : zOOm in Center","channelId":"UCahZQYrxOsOU02RSHDY9Qgg","publishedAt":"2024-12-06T08:11:24","thumbnails":{"medium":{"url":"https://i.ytimg.com/vi/b3QH3xcx7dg/mqdefault.jpg","width":320,"height":180},"high":{"url":"https://i.ytimg.com/vi/b3QH3xcx7dg/hqdefault.jpg","width":480,"height":360},"default":{"url":"https://i.ytimg.com/vi/b3QH3xcx7dg/default.jpg","width":120,"height":90}},"url":"https://www.youtube.com/watch?v=b3QH3xcx7dg","searchQuery":"","pageNumber":""},{"videoId":"NvO_EkhN8T0","name":"딸에게 손을 대다","title":"딸에게 손을 대다","description":"디어마이프렌즈 #신구 we're :DIGGLE family.","channelTitle":"샾잉 #ing","channelId":"UCwNVDlUgdBlmVWRPy4Nk0Dw","publishedAt":"2023-05-31T11:00:27","thumbnails":{"medium":{"url":"https://i.ytimg.com/vi/NvO_EkhN8T0/mqdefault.jpg","width":320,"height":180},"high":{"url":"https://i.ytimg.com/vi/NvO_EkhN8T0/hqdefault.jpg","width":480,"height":360},"default":{"url":"https://i.ytimg.com/vi/NvO_EkhN8T0/default.jpg","width":120,"height":90}},"url":"https://www.youtube.com/watch?v=NvO_EkhN8T0","searchQuery":"","pageNumber":""},{"videoId":"CqjKDuRNigw","name":"배고파서 헌혈한 그녀와 잘생긴 오빠","title":"배고파서 헌혈한 그녀와 잘생긴 오빠","description":"[위풍당당 그녀] The Funny Wild Girl EP1. 1979년의 겨울밤, 만삭의 윤희는 눈이 쌓인 시골길에서 출산 진통을 겪다 갑식에 의해 발견 ...","channelTitle":"옛드 : MBC 옛날 드라마","channelId":"UCG5bAssl2H0wjLG4BEv5ScQ","publishedAt":"2023-09-18T08:00:06","thumbnails":{"medium":{"url":"https://i.ytimg.com/vi/CqjKDuRNigw/mqdefault.jpg","width":320,"height":180},"high":{"url":"https://i.ytimg.com/vi/CqjKDuRNigw/hqdefault.jpg","width":480,"height":360},"default":{"url":"https://i.ytimg.com/vi/CqjKDuRNigw/default.jpg","width":120,"height":90}},"url":"https://www.youtube.com/watch?v=CqjKDuRNigw","searchQuery":"","pageNumber":""},{"videoId":"6NykEwLhpcc","name":"절대반지와 비밀 연애 대작전","title":"절대반지와 비밀 연애 대작전","description":"반지의여왕 #안효섭 #김슬기 세가지 색 판타지 - 반지의 여왕 가문의 비밀이 담긴 '절대반지'를 손에 넣은 노답청춘 흔녀의 상큼발랄 ...","channelTitle":"드파밍","channelId":"UCpvkqYCqk2huuMcJsEuiY5g","publishedAt":"2024-11-11T11:00:05","thumbnails":{"medium":{"url":"https://i.ytimg.com/vi/6NykEwLhpcc/mqdefault.jpg","width":320,"height":180},"high":{"url":"https://i.ytimg.com/vi/6NykEwLhpcc/hqdefault.jpg","width":480,"height":360},"default":{"url":"https://i.ytimg.com/vi/6NykEwLhpcc/default.jpg","width":120,"height":90}},"url":"https://www.youtube.com/watch?v=6NykEwLhpcc","searchQuery":"","pageNumber":""},{"videoId":"s-w5lIsEW4s","name":"친구 이상 연애 미만","title":"친구 이상 연애 미만","description":"드라마 제목 - 퍼펙트 스토리 (2023) #퍼펙트스토리 #드라마리뷰 #넷플릭스 #결말포함 #영화리뷰결말포함 #로맨스드라마 #넷플릭스 ...","channelTitle":"바나나리뷰","channelId":"UC9p83ThEzcSJev66kI9Bf8g","publishedAt":"2023-08-29T11:00:41","thumbnails":{"medium":{"url":"https://i.ytimg.com/vi/s-w5lIsEW4s/mqdefault.jpg","width":320,"height":180},"high":{"url":"https://i.ytimg.com/vi/s-w5lIsEW4s/hqdefault.jpg","width":480,"height":360},"default":{"url":"https://i.ytimg.com/vi/s-w5lIsEW4s/default.jpg","width":120,"height":90}},"url":"https://www.youtube.com/watch?v=s-w5lIsEW4s","searchQuery":"","pageNumber":""},{"videoId":"rAvoV_4Quk8","name":"지옥도 웃을 수 있다","title":"지옥도 웃을 수 있다","description":"술꾼도시여자들 #샾잉 00:00 술도녀에서 인생캐 찾은 한선화 00:11 엄청나게 텐션 높은 한선화 05:15 하얀 뇌 탑재한 예쁜 또라이 ...","channelTitle":"샾잉 #ing","channelId":"UCwNVDlUgdBlmVWRPy4Nk0Dw","publishedAt":"2022-11-18T12:01:00","thumbnails":{"medium":{"url":"https://i.ytimg.com/vi/rAvoV_4Quk8/mqdefault.jpg","width":320,"height":180},"high":{"url":"https://i.ytimg.com/vi/rAvoV_4Quk8/hqdefault.jpg","width":480,"height":360},"default":{"url":"https://i.ytimg.com/vi/rAvoV_4Quk8/default.jpg","width":120,"height":90}},"url":"https://www.youtube.com/watch?v=rAvoV_4Quk8","searchQuery":"","pageNumber":""},{"videoId":"O9CyLg27I9Y","name":"뇌와 궁리의 수사극","title":"뇌와 궁리의 수사극","description":"이순재 #애견인 필수 관람드라마 #개소리 #김시선 드라마 ≪개소리≫ 3화~4화의 내용입니다. 채널 kbs에서 매주 수,목 밤 9시 50분 ...","channelTitle":"김시선","channelId":"UC79hJz6y1EEiIkwfHOuWC4w","publishedAt":"2024-10-04T08:00:17","thumbnails":{"medium":{"url":"https://i.ytimg.com/vi/O9CyLg27I9Y/mqdefault.jpg","width":320,"height":180},"high":{"url":"https://i.ytimg.com/vi/O9CyLg27I9Y/hqdefault.jpg","width":480,"height":360},"default":{"url":"https://i.ytimg.com/vi/O9CyLg27I9Y/default.jpg","width":120,"height":90}},"url":"https://www.youtube.com/watch?v=O9CyLg27I9Y","searchQuery":"","pageNumber":""},{"videoId":"eRzW8h5qZqI","name":"불륜과 불가항력","title":"불륜과 불가항력","description":"사카구치켄타로.","channelTitle":"영화씨","channelId":"UCRofx7Eh-qydQKeCw4vMmMw","publishedAt":"2025-01-23T08:00:51","thumbnails":{"medium":{"url":"https://i.ytimg.com/vi/eRzW8h5qZqI/mqdefault.jpg","width":320,"height":180},"high":{"url":"https://i.ytimg.com/vi/eRzW8h5qZqI/hqdefault.jpg","width":480,"height":360},"default":{"url":"https://i.ytimg.com/vi/eRzW8h5qZqI/default.jpg","width":120,"height":90}},"url":"https://www.youtube.com/watch?v=eRzW8h5qZqI","searchQuery":"","pageNumber":""},{"videoId":"lUOlKpUztsk","name":"거짓말은 집관사","title":"거짓말은 집관사","description":"[키핑 멈(Keeping Mum), 2006] #크리스틴스콧토머스 #매기스미스 #로완앳킨슨 #패트릭스웨이지 - 본 리뷰 영상의 대본 작성과 편집 ...","channelTitle":"디토이야기","channelId":"UCnabt_BunUVVk1PcSd8CO9Q","publishedAt":"2025-02-17T10:59:46","thumbnails":{"medium":{"url":"https://i.ytimg.com/vi/lUOlKpUztsk/mqdefault.jpg","width":320,"height":180},"high":{"url":"https://i.ytimg.com/vi/lUOlKpUztsk/hqdefault.jpg","width":480,"height":360},"default":{"url":"https://i.ytimg.com/vi/lUOlKpUztsk/default.jpg","width":120,"height":90}},"url":"https://www.youtube.com/watch?v=lUOlKpUztsk","searchQuery":"","pageNumber":""},{"videoId":"OGpQ4LIflsE","name":"시대의 최고","title":"시대의 최고","description":"문의 및 컨택트 ddingzal@daum.net 인스타그램 https://www.instagram.com/ddingzal/ 멤버쉽 가입 https://bit.ly/34TUeqV 여러분들의 ...","channelTitle":"띵잘 ddingzal","channelId":"UCj7tB0mu6Ja9AUCBX2XKelg","publishedAt":"2024-07-05T09:00:21","thumbnails":{"medium":{"url":"https://i.ytimg.com/vi/OGpQ4LIflsE/mqdefault.jpg","width":320,"height":180},"high":{"url":"https://i.ytimg.com/vi/OGpQ4LIflsE/hqdefault.jpg","width":480,"height":360},"default":{"url":"https://i.ytimg.com/vi/OGpQ4LIflsE/default.jpg","width":120,"height":90}},"url":"https://www.youtube.com/watch?v=OGpQ4LIflsE","searchQuery":"","pageNumber":""},{"videoId":"KfdQ4nRJmOg","name":"불륜의 충격","title":"불륜의 충격","description":"빌런의나라 #김시선 #오나라 #소유진 드라마 ≪빌런의 나라≫ 1화 + 2화 예고편 내용입니다. 채널 KBS에서 (수, 목) 오후 09시 50 ...","channelTitle":"김시선","channelId":"UC79hJz6y1EEiIkwfHOuWC4w","publishedAt":"2025-03-22T01:00:14","thumbnails":{"medium":{"url":"https://i.ytimg.com/vi/KfdQ4nRJmOg/mqdefault.jpg","width":320,"height":180},"high":{"url":"https://i.ytimg.com/vi/KfdQ4nRJmOg/hqdefault.jpg","width":480,"height":360},"default":{"url":"https://i.ytimg.com/vi/KfdQ4nRJmOg/default.jpg","width":120,"height":90}},"url":"https://www.youtube.com/watch?v=KfdQ4nRJmOg","searchQuery":"","pageNumber":""},{"videoId":"BPllI9xizyo","name":"하루의 끝은 밤이 아니다","title":"하루의 끝은 밤이 아니다","description":"드라마 #몰아보기 #리뷰 #이정은 #정은지 #최진혁 ✓JTBC 드라마 '낮과 밤이 다른 그녀' 1-4회 리뷰입니다. ✓본방사수는 매주 토, ...","channelTitle":"리뷰 봐야지","channelId":"UC0Urb8B5andfbxzHOtQy6rA","publishedAt":"2024-06-26T08:00:06","thumbnails":{"medium":{"url":"https://i.ytimg.com/vi/BPllI9xizyo/mqdefault.jpg","width":320,"height":180},"high":{"url":"https://i.ytimg.com/vi/BPllI9xizyo/hqdefault.jpg","width":480,"height":360},"default":{"url":"https://i.ytimg.com/vi/BPllI9xizyo/default.jpg","width":120,"height":90}},"url":"https://www.youtube.com/watch?v=BPllI9xizyo","searchQuery":"","pageNumber":""},{"videoId":"ry-8aKBxleQ","name":"미친 병맛 코미디 드라마 : 가우스전자","title":"미친 병맛 코미디 드라마 : 가우스전자","description":"지무비 #드라마 #가우스전자 드라마 ≪가우스전자≫, 1화~2화의 내용입니다. 매주 금요일 오전 8시 올레TV와 seezn에서 두편씩 공개 ...","channelTitle":"지무비 : G Movie","channelId":"UCaHGOzOyeYzLQeKsVkfLEGA","publishedAt":"2022-10-01T01:00:32","thumbnails":{"medium":{"url":"https://i.ytimg.com/vi/ry-8aKBxleQ/mqdefault.jpg","width":320,"height":180},"high":{"url":"https://i.ytimg.com/vi/ry-8aKBxleQ/hqdefault.jpg","width":480,"height":360},"default":{"url":"https://i.ytimg.com/vi/ry-8aKBxleQ/default.jpg","width":120,"height":90}},"url":"https://www.youtube.com/watch?v=ry-8aKBxleQ","searchQuery":"","pageNumber":""},{"videoId":"YLVx2EnyT8o","name":"사랑의 봄날","title":"사랑의 봄날","description":"영화 제목 \"썸원 라이크 유\" #영화리뷰결말포함 #영화추천결말 #영화결말리뷰 #명작 #추천 #영화리뷰 #영화추천결말포함 #영화결말 ...","channelTitle":"띵영화","channelId":"UCCiLsaC6uPxvpewPjIXxZXA","publishedAt":"2025-08-14T09:00:49","thumbnails":{"medium":{"url":"https://i.ytimg.com/vi/YLVx2EnyT8o/mqdefault.jpg","width":320,"height":180},"high":{"url":"https://i.ytimg.com/vi/YLVx2EnyT8o/hqdefault.jpg","width":480,"height":360},"default":{"url":"https://i.ytimg.com/vi/YLVx2EnyT8o/default.jpg","width":120,"height":90}},"url":"https://www.youtube.com/watch?v=YLVx2EnyT8o","searchQuery":"","pageNumber":""},{"videoId":"wgUpBRYj8oo","name":"시대를 초월한 디자이너","title":"시대를 초월한 디자이너","description":"MBC [열녀박씨 계약결혼뎐] 1-2회를 다루고 있습니다. 이 영상은 MBC의 저작권 허가를 받고 제작,업로드 되었습니다. #유료광고 ...","channelTitle":"고몽","channelId":"UCpcft4FJXgUjnxWoQYsl7Ug","publishedAt":"2023-11-26T01:00:31","thumbnails":{"medium":{"url":"https://i.ytimg.com/vi/wgUpBRYj8oo/mqdefault.jpg","width":320,"height":180},"high":{"url":"https://i.ytimg.com/vi/wgUpBRYj8oo/hqdefault.jpg","width":480,"height":360},"default":{"url":"https://i.ytimg.com/vi/wgUpBRYj8oo/default.jpg","width":120,"height":90}},"url":"https://www.youtube.com/watch?v=wgUpBRYj8oo","searchQuery":"","pageNumber":""},{"videoId":"2_OtkVOnTH8","name":"악인","title":"악인","description":"웰컴투 삼달리, 2023 해당 영상은 드라마의 1~6회 줄거리를 포함하고 있습니다 https://jtbc.co.kr/pay/discount #웰컴투삼달리 ...","channelTitle":"신기누설: 영화를 그리다","channelId":"UCgMawr4F7HQML8kqROLeobQ","publishedAt":"2025-07-02T09:00:08","thumbnails":{"medium":{"url":"https://i.ytimg.com/vi/2_OtkVOnTH8/mqdefault.jpg","width":320,"height":180},"high":{"url":"https://i.ytimg.com/vi/2_OtkVOnTH8/hqdefault.jpg","width":480,"height":360},"default":{"url":"https://i.ytimg.com/vi/2_OtkVOnTH8/default.jpg","width":120,"height":90}},"url":"https://www.youtube.com/watch?v=2_OtkVOnTH8","searchQuery":"","pageNumber":""},{"videoId":"6APg_Fk43Ws","name":"황제성의 애드리브 대잔치","title":"황제성의 애드리브 대잔치","description":"코미디빅리그 #진호야 #황제성 00:00 4월부터는 토요일 밤에 만나요! 00:12 황제성 리얼 애드리브 04:46 진호야 망~해~라~ 07:38 쉴 ...","channelTitle":"샾잉 #ing","channelId":"UCwNVDlUgdBlmVWRPy4Nk0Dw","publishedAt":"2023-03-30T10:30:02","thumbnails":{"medium":{"url":"https://i.ytimg.com/vi/6APg_Fk43Ws/mqdefault.jpg","width":320,"height":180},"high":{"url":"https://i.ytimg.com/vi/6APg_Fk43Ws/hqdefault.jpg","width":480,"height":360},"default":{"url":"https://i.ytimg.com/vi/6APg_Fk43Ws/default.jpg","width":120,"height":90}},"url":"https://www.youtube.com/watch?v=6APg_Fk43Ws","searchQuery":"","pageNumber":""},{"videoId":"bZS3-j-cit0","name":"애드립 유니버스: 코미디 천재들의 미친 세계","title":"애드립 유니버스: 코미디 천재들의 미친 세계","description":"편집 오류로 인해... 하루만에 재업합니다.. 죄송합니다 ㅠ #스물 #바람바람바람 #극한직업 #이병헌 #비하인드스토리 [통합편] 이병헌 ...","channelTitle":"영화 줌인센타 : zOOm in Center","channelId":"UCahZQYrxOsOU02RSHDY9Qgg","publishedAt":"2025-11-06T03:56:51","thumbnails":{"medium":{"url":"https://i.ytimg.com/vi/bZS3-j-cit0/mqdefault.jpg","width":320,"height":180},"high":{"url":"https://i.ytimg.com/vi/bZS3-j-cit0/hqdefault.jpg","width":480,"height":360},"default":{"url":"https://i.ytimg.com/vi/bZS3-j-cit0/default.jpg","width":120,"height":90}},"url":"https://www.youtube.com/watch?v=bZS3-j-cit0","searchQuery":"","pageNumber":""},{"videoId":"Vaewqne8a74","name":"시간의 증명","title":"시간의 증명","description":"최신영화와 드라마, 다양한 컨텐츠 프로그램을 재밌고 빠르게 소개해드립니다 비지니스 문의 moviebooster@naver.com #카랑영화 ...","channelTitle":"카랑Karang","channelId":"UCcfz-8gGDYJfaRHYD7kkQpw","publishedAt":"2022-08-05T02:35:08","thumbnails":{"medium":{"url":"https://i.ytimg.com/vi/Vaewqne8a74/mqdefault.jpg","width":320,"height":180},"high":{"url":"https://i.ytimg.com/vi/Vaewqne8a74/hqdefault.jpg","width":480,"height":360},"default":{"url":"https://i.ytimg.com/vi/Vaewqne8a74/default.jpg","width":120,"height":90}},"url":"https://www.youtube.com/watch?v=Vaewqne8a74","searchQuery":"","pageNumber":""},{"videoId":"KfUhvgqgBNg","name":"마녀 상사의 결혼 강요","title":"마녀 상사의 결혼 강요","description":"영화 제목 \" 프로포즈 \" #영화리뷰결말포함 #영화추천결말 #영화결말리뷰 #명작 #추천 #영화리뷰 #영화추천결말포함 #영화결말포함 ...","channelTitle":"띵영화","channelId":"UCCiLsaC6uPxvpewPjIXxZXA","publishedAt":"2025-03-21T09:00:24","thumbnails":{"medium":{"url":"https://i.ytimg.com/vi/KfUhvgqgBNg/mqdefault.jpg","width":320,"height":180},"high":{"url":"https://i.ytimg.com/vi/KfUhvgqgBNg/hqdefault.jpg","width":480,"height":360},"default":{"url":"https://i.ytimg.com/vi/KfUhvgqgBNg/default.jpg","width":120,"height":90}},"url":"https://www.youtube.com/watch?v=KfUhvgqgBNg","searchQuery":"","pageNumber":""},{"videoId":"UaBbsdYYzYc","name":"결혼 전쟁","title":"결혼 전쟁","description":"신부들의 전쟁 본 영상은 결말이 포함된 리뷰입니다 :) 구독과 좋아요는 채널 성장에 큰 힘이 됩니다   시청해주셔서 감사합니다   ...","channelTitle":"망고 무비","channelId":"UCnWR9GjfjW_fiD9iaIQgdrw","publishedAt":"2025-04-30T08:42:26","thumbnails":{"medium":{"url":"https://i.ytimg.com/vi/UaBbsdYYzYc/mqdefault.jpg","width":320,"height":180},"high":{"url":"https://i.ytimg.com/vi/UaBbsdYYzYc/hqdefault.jpg","width":480,"height":360},"default":{"url":"https://i.ytimg.com/vi/UaBbsdYYzYc/default.jpg","width":120,"height":90}},"url":"https://www.youtube.com/watch?v=UaBbsdYYzYc","searchQuery":"","pageNumber":""},{"videoId":"oPh2hgyvioE","name":"갈등의 고조","title":"갈등의 고조","description":"이순재 #애견인 필수 관람드라마 #개소리 #김시선 드라마 ≪개소리≫ 5화~6화의 내용입니다. 채널 kbs에서 매주 수,목 밤 9시 50분 ...","channelTitle":"김시선","channelId":"UC79hJz6y1EEiIkwfHOuWC4w","publishedAt":"2024-10-11T01:00:28","thumbnails":{"medium":{"url":"https://i.ytimg.com/vi/oPh2hgyvioE/mqdefault.jpg","width":320,"height":180},"high":{"url":"https://i.ytimg.com/vi/oPh2hgyvioE/hqdefault.jpg","width":480,"height":360},"default":{"url":"https://i.ytimg.com/vi/oPh2hgyvioE/default.jpg","width":120,"height":90}},"url":"https://www.youtube.com/watch?v=oPh2hgyvioE","searchQuery":"","pageNumber":""},{"videoId":"UCXbKFyq3XA","name":"백화점 VIP 아줌마의 교훈","title":"백화점 VIP 아줌마의 교훈","description":"예고편보다 재밌는 콘텐츠 소개 저작권 허가를 받은 홍보 영상입니다 :) ▷지금 바로 [쿠팡플레이]에서 보실 수 있습니다!","channelTitle":"리씨네","channelId":"UCfDJ6zy3AZ1afT9FV0mwMOA","publishedAt":"2025-09-22T08:00:37","thumbnails":{"medium":{"url":"https://i.ytimg.com/vi/UCXbKFyq3XA/mqdefault.jpg","width":320,"height":180},"high":{"url":"https://i.ytimg.com/vi/UCXbKFyq3XA/hqdefault.jpg","width":480,"height":360},"default":{"url":"https://i.ytimg.com/vi/UCXbKFyq3XA/default.jpg","width":120,"height":90}},"url":"https://www.youtube.com/watch?v=UCXbKFyq3XA","searchQuery":"","pageNumber":""},{"videoId":"PeujXm39SuM","name":"술도가는 내 거야, 절대로 안 뺏겨!!","title":"술도가는 내 거야, 절대로 안 뺏겨!!","description":"11-12회 하이라이트ㅣ술도가는 내 거야, 절대로 안 뺏겨!! Copyright c KBS. All rights reserved. 무단 전재, 재배포 및 이용(AI 학습 ...","channelTitle":"KBS Drama","channelId":"UChpjIaEgwtDZtmWEkzFulSA","publishedAt":"2025-03-13T09:18:36","thumbnails":{"medium":{"url":"https://i.ytimg.com/vi/PeujXm39SuM/mqdefault.jpg","width":320,"height":180},"high":{"url":"https://i.ytimg.com/vi/PeujXm39SuM/hqdefault.jpg","width":480,"height":360},"default":{"url":"https://i.ytimg.com/vi/PeujXm39SuM/default.jpg","width":120,"height":90}},"url":"https://www.youtube.com/watch?v=PeujXm39SuM","searchQuery":"","pageNumber":""},{"videoId":"bIo_RJrNWXg","name":"웃음 폭탄 드라마","title":"웃음 폭탄 드라마","description":"드라마 #몰아보기 #리뷰 #육성재 #황정음 ✓JTBC 드라마 '쌍갑포차' 1-4회 리뷰입니다. ✓드라마 이어보기 ...","channelTitle":"리뷰 봐야지","channelId":"UC0Urb8B5andfbxzHOtQy6rA","publishedAt":"2024-07-06T01:00:14","thumbnails":{"medium":{"url":"https://i.ytimg.com/vi/bIo_RJrNWXg/mqdefault.jpg","width":320,"height":180},"high":{"url":"https://i.ytimg.com/vi/bIo_RJrNWXg/hqdefault.jpg","width":480,"height":360},"default":{"url":"https://i.ytimg.com/vi/bIo_RJrNWXg/default.jpg","width":120,"height":90}},"url":"https://www.youtube.com/watch?v=bIo_RJrNWXg","searchQuery":"","pageNumber":""},{"videoId":"INlKwfugw-s","name":"웃음을 유발하는 꿀잼 코미디","title":"웃음을 유발하는 꿀잼 코미디","description":"드라마 #몰아보기 #리뷰 #한선화 #엄태구 ✓JTBC 드라마 '놀아주는 여자' 1-2회 리뷰입니다. ✓본방사수는 매주 수, 목요일 저녁 8시 ...","channelTitle":"리뷰 봐야지","channelId":"UC0Urb8B5andfbxzHOtQy6rA","publishedAt":"2024-06-15T01:00:10","thumbnails":{"medium":{"url":"https://i.ytimg.com/vi/INlKwfugw-s/mqdefault.jpg","width":320,"height":180},"high":{"url":"https://i.ytimg.com/vi/INlKwfugw-s/hqdefault.jpg","width":480,"height":360},"default":{"url":"https://i.ytimg.com/vi/INlKwfugw-s/default.jpg","width":120,"height":90}},"url":"https://www.youtube.com/watch?v=INlKwfugw-s","searchQuery":"","pageNumber":""},{"videoId":"F9B3QAo-rmk","name":"글로벌 코미디 요리사","title":"글로벌 코미디 요리사","description":"라떼한편 유튜브 자막을 사용하고 있습니다 나레이션 자막이 보이지 않는다면 CC 기능을 On 해주세요 채널에 가입하여 혜택을 누려 ...","channelTitle":"라떼한편 - latte's movie","channelId":"UC0RBaMJf4qeMl7ZkVUlNSbA","publishedAt":"2024-10-01T04:26:41","thumbnails":{"medium":{"url":"https://i.ytimg.com/vi/F9B3QAo-rmk/mqdefault.jpg","width":320,"height":180},"high":{"url":"https://i.ytimg.com/vi/F9B3QAo-rmk/hqdefault.jpg","width":480,"height":360},"default":{"url":"https://i.ytimg.com/vi/F9B3QAo-rmk/default.jpg","width":120,"height":90}},"url":"https://www.youtube.com/watch?v=F9B3QAo-rmk","searchQuery":"","pageNumber":""},{"videoId":"6yrYJJrEZEw","name":"웃자! 김탁구와 시윤","title":"웃자! 김탁구와 시윤","description":"드라마몰아보기 #드라마리뷰 #윤시윤 #유레이즈미업 #웨이브 #하니 #박기웅 웨이브 오리지널 ≪유 레이즈 미 업≫, 1화~4화의 내용 ...","channelTitle":"U무비","channelId":"UCt2jWCd-eVVfTn-sCw6gmoA","publishedAt":"2024-02-24T01:00:05","thumbnails":{"medium":{"url":"https://i.ytimg.com/vi/6yrYJJrEZEw/mqdefault.jpg","width":320,"height":180},"high":{"url":"https://i.ytimg.com/vi/6yrYJJrEZEw/hqdefault.jpg","width":480,"height":360},"default":{"url":"https://i.ytimg.com/vi/6yrYJJrEZEw/default.jpg","width":120,"height":90}},"url":"https://www.youtube.com/watch?v=6yrYJJrEZEw","searchQuery":"","pageNumber":""},{"videoId":"1zoiEWdnWxU","name":"역주행 1위","title":"역주행 1위","description":"드라마: 멜로가 체질 임진주 시점 12회까지 입니다. ‍   어바웃타임 멤버십 가입 ...","channelTitle":"어바웃타임 (About time)","channelId":"UCxn_EHVOJnrEJBZY2p3E6Sg","publishedAt":"2025-05-21T08:00:07","thumbnails":{"medium":{"url":"https://i.ytimg.com/vi/1zoiEWdnWxU/mqdefault.jpg","width":320,"height":180},"high":{"url":"https://i.ytimg.com/vi/1zoiEWdnWxU/hqdefault.jpg","width":480,"height":360},"default":{"url":"https://i.ytimg.com/vi/1zoiEWdnWxU/default.jpg","width":120,"height":90}},"url":"https://www.youtube.com/watch?v=1zoiEWdnWxU","searchQuery":"","pageNumber":""},{"videoId":"yTlVucS-gyo","name":"거짓의 시작","title":"거짓의 시작","description":"25년 10월 2일 TF1 (TV Content), NBC Universal 로부터 저작권 허락 및 화이트리스트 완료된 영상입니다 #포커페이스 #왓챠 ...","channelTitle":"어퍼컷Tube","channelId":"UCuK80YHBZyyKrr2B1oHrgrw","publishedAt":"2025-10-17T10:26:32","thumbnails":{"medium":{"url":"https://i.ytimg.com/vi/yTlVucS-gyo/mqdefault.jpg","width":320,"height":180},"high":{"url":"https://i.ytimg.com/vi/yTlVucS-gyo/hqdefault.jpg","width":480,"height":360},"default":{"url":"https://i.ytimg.com/vi/yTlVucS-gyo/default.jpg","width":120,"height":90}},"url":"https://www.youtube.com/watch?v=yTlVucS-gyo","searchQuery":"","pageNumber":""},{"videoId":"nJyDSLLZ220","name":"웃음으로 열리는 열린 마이크 - 코미디 드라마","title":"웃음으로 열리는 열린 마이크 - 코미디 드라마","description":"Follow me on Twitter (preferred) and Instagram: https://twitter.com/NotoriousPeepop https://www.instagram.com/notoriouspeepop/ ...","channelTitle":"Notorious Peepop","channelId":"UCZdrcbdgne0QefkwtobZEVg","publishedAt":"2022-04-09T20:00:09","thumbnails":{"medium":{"url":"https://i.ytimg.com/vi/nJyDSLLZ220/mqdefault.jpg","width":320,"height":180},"high":{"url":"https://i.ytimg.com/vi/nJyDSLLZ220/hqdefault.jpg","width":480,"height":360},"default":{"url":"https://i.ytimg.com/vi/nJyDSLLZ220/default.jpg","width":120,"height":90}},"url":"https://www.youtube.com/watch?v=nJyDSLLZ220","searchQuery":"","pageNumber":""},{"videoId":"miXrhNk_hxg","name":"자만하는 남자 KR","title":"자만하는 남자 KR","description":"예고편보다 재밌는 콘텐츠 소개 저작권 허가를 받은 홍보 영상입니다 :) ▷지금 바로 [쿠팡플레이]에서 보실 수 있습니다!","channelTitle":"리씨네","channelId":"UCfDJ6zy3AZ1afT9FV0mwMOA","publishedAt":"2025-09-07T13:30:52","thumbnails":{"medium":{"url":"https://i.ytimg.com/vi/miXrhNk_hxg/mqdefault.jpg","width":320,"height":180},"high":{"url":"https://i.ytimg.com/vi/miXrhNk_hxg/hqdefault.jpg","width":480,"height":360},"default":{"url":"https://i.ytimg.com/vi/miXrhNk_hxg/default.jpg","width":120,"height":90}},"url":"https://www.youtube.com/watch?v=miXrhNk_hxg","searchQuery":"","pageNumber":""},{"videoId":"cRH81B9PGDg","name":"기억 속 사랑","title":"기억 속 사랑","description":"조이 #추영우 #netflix #드라마몰아보기 시청해 주셔서 감사합니다. 구독과 좋아요는 영상 제작에 큰 힘이 됩니다!!! 앞으로 더 좋은 ...","channelTitle":"드라마천국","channelId":"UCilqlxS45LAIFuhhlOYrfXQ","publishedAt":"2024-11-21T08:35:32","thumbnails":{"medium":{"url":"https://i.ytimg.com/vi/cRH81B9PGDg/mqdefault.jpg","width":320,"height":180},"high":{"url":"https://i.ytimg.com/vi/cRH81B9PGDg/hqdefault.jpg","width":480,"height":360},"default":{"url":"https://i.ytimg.com/vi/cRH81B9PGDg/default.jpg","width":120,"height":90}},"url":"https://www.youtube.com/watch?v=cRH81B9PGDg","searchQuery":"","pageNumber":""},{"videoId":"6nUW8DL3oG0","name":"반전의 거울","title":"반전의 거울","description":"미러넘버3 #영화리뷰 #신작영화 오늘 소개해 드릴 영화는 신작 영화 ≪미러 넘버3≫입니다. 비즈니스 관련 ...","channelTitle":"U무비","channelId":"UCt2jWCd-eVVfTn-sCw6gmoA","publishedAt":"2025-11-07T08:00:15","thumbnails":{"medium":{"url":"https://i.ytimg.com/vi/6nUW8DL3oG0/mqdefault.jpg","width":320,"height":180},"high":{"url":"https://i.ytimg.com/vi/6nUW8DL3oG0/hqdefault.jpg","width":480,"height":360},"default":{"url":"https://i.ytimg.com/vi/6nUW8DL3oG0/default.jpg","width":120,"height":90}},"url":"https://www.youtube.com/watch?v=6nUW8DL3oG0","searchQuery":"","pageNumber":""},{"videoId":"RcZBDdJU5qw","name":"생각의 영혼","title":"생각의 영혼","description":"초식물남 #연인 #만남 #이별 #웹드라마 #스케치코미디.","channelTitle":"CheezeFilm","channelId":"UCYn09ySlShmzBtYwl1OgOsA","publishedAt":"2023-12-09T03:00:12","thumbnails":{"medium":{"url":"https://i.ytimg.com/vi/RcZBDdJU5qw/mqdefault.jpg","width":320,"height":180},"high":{"url":"https://i.ytimg.com/vi/RcZBDdJU5qw/hqdefault.jpg","width":480,"height":360},"default":{"url":"https://i.ytimg.com/vi/RcZBDdJU5qw/default.jpg","width":120,"height":90}},"url":"https://www.youtube.com/watch?v=RcZBDdJU5qw","searchQuery":"","pageNumber":""},{"videoId":"8ld2VaW4Kyk","name":"인싸 수업","title":"인싸 수업","description":"김우석 #강나언 #netflix #드라마몰아보기 제목은 영상에 있으니 참고해주시면 감사하겠습니다 ^_^ 시청해 주셔서 감사합니다. 구독과 ...","channelTitle":"무비 드라마","channelId":"UC3Zn8hekeb_9hfh9nxkFztg","publishedAt":"2025-06-27T08:00:17","thumbnails":{"medium":{"url":"https://i.ytimg.com/vi/8ld2VaW4Kyk/mqdefault.jpg","width":320,"height":180},"high":{"url":"https://i.ytimg.com/vi/8ld2VaW4Kyk/hqdefault.jpg","width":480,"height":360},"default":{"url":"https://i.ytimg.com/vi/8ld2VaW4Kyk/default.jpg","width":120,"height":90}},"url":"https://www.youtube.com/watch?v=8ld2VaW4Kyk","searchQuery":"","pageNumber":""},{"videoId":"Rqt3xDfgrUc","name":"웃음과 떨리는 순간들","title":"웃음과 떨리는 순간들","description":"드라마리뷰 #드라마몰아보기 #이이경 #김선호 #신현수 #으라차차와이키키2 #문가영 오늘 전해드린 영상은 JTBC [으라차차 ...","channelTitle":"드림텔러 DREAM TELLER","channelId":"UCpCiIDf9UrfRqte55FHWlYQ","publishedAt":"2024-12-19T09:00:22","thumbnails":{"medium":{"url":"https://i.ytimg.com/vi/Rqt3xDfgrUc/mqdefault.jpg","width":320,"height":180},"high":{"url":"https://i.ytimg.com/vi/Rqt3xDfgrUc/hqdefault.jpg","width":480,"height":360},"default":{"url":"https://i.ytimg.com/vi/Rqt3xDfgrUc/default.jpg","width":120,"height":90}},"url":"https://www.youtube.com/watch?v=Rqt3xDfgrUc","searchQuery":"","pageNumber":""},{"videoId":"l5vPnkVzgO8","name":"이메일 천 통의 재미","title":"이메일 천 통의 재미","description":"블루마운틴스테이트 #아마존프라임 #어퍼컷Tube, 00:00 시즌1 1부 19:52 시즌1 2부 블루 마운틴 스테이트는 아마존프라임에서 미국 ...","channelTitle":"어퍼컷Tube","channelId":"UCuK80YHBZyyKrr2B1oHrgrw","publishedAt":"2025-03-15T00:00:43","thumbnails":{"medium":{"url":"https://i.ytimg.com/vi/l5vPnkVzgO8/mqdefault.jpg","width":320,"height":180},"high":{"url":"https://i.ytimg.com/vi/l5vPnkVzgO8/hqdefault.jpg","width":480,"height":360},"default":{"url":"https://i.ytimg.com/vi/l5vPnkVzgO8/default.jpg","width":120,"height":90}},"url":"https://www.youtube.com/watch?v=l5vPnkVzgO8","searchQuery":"","pageNumber":""}]