[{"videoId":"7EyK2vqt6hQ","name":"청춘의 시작","title":"청춘의 시작","description":"수익을 창출하지 않는 영상입니다 #청춘 #ost #playlist #플레이리스트 #노래모음.","channelTitle":"현여름","channelId":"UCrmLn_8habJl_2pTgKSB5Gw","publishedAt":"2023-07-05T03:38:11","thumbnails":{"medium":{"url":"https://i.ytimg.com/vi/7EyK2vqt6hQ/mqdefault.jpg","width":320,"height":180},"high":{"url":"https://i.ytimg.com/vi/7EyK2vqt6hQ/hqdefault.jpg","width":480,"height":360},"default":{"url":"https://i.ytimg.com/vi/7EyK2vqt6hQ/default.jpg","width":120,"height":90}},"url":"https://www.youtube.com/watch?v=7EyK2vqt6hQ","searchQuery":"","pageNumber":""},{"videoId":"Xh7O0C8Ctv4","name":"부유한 남편을 찾아서","title":"부유한 남편을 찾아서","description":"안녕하세요 제유튜브 채널에 오신것을 환영합니다 여기서너는 각종유형의 단막극 모든정판을 볼수있을것이다   당신이 그것을 ...","channelTitle":"청춘드라마","channelId":"UCpW4BSPMmPs4U8LmvvYI-Vg","publishedAt":"2025-10-23T04:00:42","thumbnails":{"medium":{"url":"https://i.ytimg.com/vi/Xh7O0C8Ctv4/mqdefault.jpg","width":320,"height":180},"high":{"url":"https://i.ytimg.com/vi/Xh7O0C8Ctv4/hqdefault.jpg","width":480,"height":360},"default":{"url":"https://i.ytimg.com/vi/Xh7O0C8Ctv4/default.jpg","width":120,"height":90}},"url":"https://www.youtube.com/watch?v=Xh7O0C8Ctv4","searchQuery":"","pageNumber":""},{"videoId":"0RGff4GWcvM","name":"인연의 절정","title":"인연의 절정","description":"안녕하세요 제유튜브 채널에 오신것을 환영합니다 여기서너는 각종유형의 단막극 모든정판을 볼수있을것이다   당신이 그것을 ...","channelTitle":"청춘드라마","channelId":"UCpW4BSPMmPs4U8LmvvYI-Vg","publishedAt":"2025-10-11T01:00:01","thumbnails":{"medium":{"url":"https://i.ytimg.com/vi/0RGff4GWcvM/mqdefault.jpg","width":320,"height":180},"high":{"url":"https://i.ytimg.com/vi/0RGff4GWcvM/hqdefault.jpg","width":480,"height":360},"default":{"url":"https://i.ytimg.com/vi/0RGff4GWcvM/default.jpg","width":120,"height":90}},"url":"https://www.youtube.com/watch?v=0RGff4GWcvM","searchQuery":"","pageNumber":""},{"videoId":"rOi_pBM_FO0","name":"여름 내내 숨겨진 사랑","title":"여름 내내 숨겨진 사랑","description":"안녕하세요 제유튜브 채널에 오신것을 환영합니다 여기서너는 각종유형의 단막극 모든정판을 볼수있을것이다   당신이 그것을 ...","channelTitle":"청춘드라마","channelId":"UCpW4BSPMmPs4U8LmvvYI-Vg","publishedAt":"2025-10-16T02:00:50","thumbnails":{"medium":{"url":"https://i.ytimg.com/vi/rOi_pBM_FO0/mqdefault.jpg","width":320,"height":180},"high":{"url":"https://i.ytimg.com/vi/rOi_pBM_FO0/hqdefault.jpg","width":480,"height":360},"default":{"url":"https://i.ytimg.com/vi/rOi_pBM_FO0/default.jpg","width":120,"height":90}},"url":"https://www.youtube.com/watch?v=rOi_pBM_FO0","searchQuery":"","pageNumber":""},{"videoId":"znOE6g6aeIc","name":"청춘의 노래","title":"청춘의 노래","description":"청춘드라마 ost로 에너지 충전✨ #라켓소년단 #스타트업 #고백부부 #스물다섯스물하나 #플레이리스트.","channelTitle":"타임마 ᴛᴀɪᴍᴍᴀ","channelId":"UC-UUB36UVE1YIOkAlIkas7g","publishedAt":"2022-05-11T18:38:59","thumbnails":{"medium":{"url":"https://i.ytimg.com/vi/znOE6g6aeIc/mqdefault.jpg","width":320,"height":180},"high":{"url":"https://i.ytimg.com/vi/znOE6g6aeIc/hqdefault.jpg","width":480,"height":360},"default":{"url":"https://i.ytimg.com/vi/znOE6g6aeIc/default.jpg","width":120,"height":90}},"url":"https://www.youtube.com/watch?v=znOE6g6aeIc","searchQuery":"","pageNumber":""},{"videoId":"S1hTAMWHmfE","name":"울림","title":"울림","description":"《청춘시대2》 10~최종화 몰아보기 #또봐야지 #청춘시대2 #한예리 #한승연 #박은빈 #최아라 #김민석 #이유진 #안우연 [JTBC 또 ...","channelTitle":"또 Voyage","channelId":"UC0JXED-EfkwAZguqUwvm1hw","publishedAt":"2025-11-18T11:03:00","thumbnails":{"medium":{"url":"https://i.ytimg.com/vi/S1hTAMWHmfE/mqdefault.jpg","width":320,"height":180},"high":{"url":"https://i.ytimg.com/vi/S1hTAMWHmfE/hqdefault.jpg","width":480,"height":360},"default":{"url":"https://i.ytimg.com/vi/S1hTAMWHmfE/default.jpg","width":120,"height":90}},"url":"https://www.youtube.com/watch?v=S1hTAMWHmfE","searchQuery":"","pageNumber":""},{"videoId":"jIbc9cfVsDM","name":"사랑의 고백","title":"사랑의 고백","description":"안녕하세요 제유튜브 채널에 오신것을 환영합니다 여기서너는 각종유형의 단막극 모든정판을 볼수있을것이다   당신이 그것을 ...","channelTitle":"청춘드라마","channelId":"UCpW4BSPMmPs4U8LmvvYI-Vg","publishedAt":"2025-08-15T06:17:25","thumbnails":{"medium":{"url":"https://i.ytimg.com/vi/jIbc9cfVsDM/mqdefault.jpg","width":320,"height":180},"high":{"url":"https://i.ytimg.com/vi/jIbc9cfVsDM/hqdefault.jpg","width":480,"height":360},"default":{"url":"https://i.ytimg.com/vi/jIbc9cfVsDM/default.jpg","width":120,"height":90}},"url":"https://www.youtube.com/watch?v=jIbc9cfVsDM","searchQuery":"","pageNumber":""},{"videoId":"K95J5qpBqdg","name":"청춘의 시작","title":"청춘의 시작","description":"청춘 드라마 OST 모음 플레이리스트가 마음에 드셨다면 구독과 좋아요 한 번씩 눌러주세요, 채널 운영에 정말 큰 힘이 됩니다 :D If you ...","channelTitle":"𝗔𝗯𝗶𝗹𝗶𝘁𝘆 어빌","channelId":"UCzsBXNXI-dzIozLlGxTeAgg","publishedAt":"2025-01-13T06:18:28","thumbnails":{"medium":{"url":"https://i.ytimg.com/vi/K95J5qpBqdg/mqdefault.jpg","width":320,"height":180},"high":{"url":"https://i.ytimg.com/vi/K95J5qpBqdg/hqdefault.jpg","width":480,"height":360},"default":{"url":"https://i.ytimg.com/vi/K95J5qpBqdg/default.jpg","width":120,"height":90}},"url":"https://www.youtube.com/watch?v=K95J5qpBqdg","searchQuery":"","pageNumber":""},{"videoId":"Z5rEcUPMA_o","name":"요정의 행운","title":"요정의 행운","description":"안녕하세요 제유튜브 채널에 오신것을 환영합니다 여기서너는 각종유형의 단막극 모든정판을 볼수있을것이다   당신이 그것을 ...","channelTitle":"청춘드라마","channelId":"UCpW4BSPMmPs4U8LmvvYI-Vg","publishedAt":"2025-07-28T07:00:28","thumbnails":{"medium":{"url":"https://i.ytimg.com/vi/Z5rEcUPMA_o/mqdefault.jpg","width":320,"height":180},"high":{"url":"https://i.ytimg.com/vi/Z5rEcUPMA_o/hqdefault.jpg","width":480,"height":360},"default":{"url":"https://i.ytimg.com/vi/Z5rEcUPMA_o/default.jpg","width":120,"height":90}},"url":"https://www.youtube.com/watch?v=Z5rEcUPMA_o","searchQuery":"","pageNumber":""},{"videoId":"tJD5Bq2Iwag","name":"청춘의 숨결","title":"청춘의 숨결","description":"신세대보고어른들은몰라요#KBS#옛날티비 [신세대보고 어른들은 몰라요] 90회 청춘별곡 | 19970130 KBS방송 ▷연출 : 함형진, ...","channelTitle":"옛날티비 : KBS Archive","channelId":"UCpdvFXMZkqFLdp1nagLkOhg","publishedAt":"2024-05-29T13:00:07","thumbnails":{"medium":{"url":"https://i.ytimg.com/vi/tJD5Bq2Iwag/mqdefault.jpg","width":320,"height":180},"high":{"url":"https://i.ytimg.com/vi/tJD5Bq2Iwag/hqdefault.jpg","width":480,"height":360},"default":{"url":"https://i.ytimg.com/vi/tJD5Bq2Iwag/default.jpg","width":120,"height":90}},"url":"https://www.youtube.com/watch?v=tJD5Bq2Iwag","searchQuery":"","pageNumber":""},{"videoId":"wB-zciUF4ag","name":"신부가 아니었습니다","title":"신부가 아니었습니다","description":"안녕하세요 제유튜브 채널에 오신것을 환영합니다 여기서너는 각종유형의 단막극 모든정판을 볼수있을것이다   당신이 그것을 ...","channelTitle":"청춘드라마","channelId":"UCpW4BSPMmPs4U8LmvvYI-Vg","publishedAt":"2025-10-23T06:00:50","thumbnails":{"medium":{"url":"https://i.ytimg.com/vi/wB-zciUF4ag/mqdefault.jpg","width":320,"height":180},"high":{"url":"https://i.ytimg.com/vi/wB-zciUF4ag/hqdefault.jpg","width":480,"height":360},"default":{"url":"https://i.ytimg.com/vi/wB-zciUF4ag/default.jpg","width":120,"height":90}},"url":"https://www.youtube.com/watch?v=wB-zciUF4ag","searchQuery":"","pageNumber":""},{"videoId":"8Vp7UnJn53o","name":"여장군과 아들의 귀환","title":"여장군과 아들의 귀환","description":"강인한 여장군이 뜻밖에 왕부의 천대받는 왕비로 환생한다. 약에 중독된 그날 밤, 왕爷와의 하룻밤으로 아이를 품고 떠난 그녀! 5년 뒤 ...","channelTitle":"청춘 로맨스","channelId":"UCHhXJaRGU8fgC0xOljie3Xw","publishedAt":"2025-09-24T11:03:25","thumbnails":{"medium":{"url":"https://i.ytimg.com/vi/8Vp7UnJn53o/mqdefault.jpg","width":320,"height":180},"high":{"url":"https://i.ytimg.com/vi/8Vp7UnJn53o/hqdefault.jpg","width":480,"height":360},"default":{"url":"https://i.ytimg.com/vi/8Vp7UnJn53o/default.jpg","width":120,"height":90}},"url":"https://www.youtube.com/watch?v=8Vp7UnJn53o","searchQuery":"","pageNumber":""},{"videoId":"jdrsVfvJgq4","name":"청춘의 노래","title":"청춘의 노래","description":"플레이리스트 #청춘드라마 #OST #사랑고백 #playlist #modernrock 00:00 첫사랑(First Love) · Golden Hour Dreams 02:52 끝나지 ...","channelTitle":"암거나들어 I'm gonna draw","channelId":"UCMaZZWkmHTYWqJua19Ncq2A","publishedAt":"2025-06-08T08:27:44","thumbnails":{"medium":{"url":"https://i.ytimg.com/vi/jdrsVfvJgq4/mqdefault.jpg","width":320,"height":180},"high":{"url":"https://i.ytimg.com/vi/jdrsVfvJgq4/hqdefault.jpg","width":480,"height":360},"default":{"url":"https://i.ytimg.com/vi/jdrsVfvJgq4/default.jpg","width":120,"height":90}},"url":"https://www.youtube.com/watch?v=jdrsVfvJgq4","searchQuery":"","pageNumber":""},{"videoId":"DEjGKip1t5Q","name":"도망치던 왕비","title":"도망치던 왕비","description":"도망치던 순간 눈을 뜨자 낯선 미남이 신랑이라니?! 세상에서 가장 무섭다고 소문난 연왕 전하와의 운명적인 결혼, 그러나 그녀의 손길 ...","channelTitle":"청춘 로맨스","channelId":"UCHhXJaRGU8fgC0xOljie3Xw","publishedAt":"2025-09-30T11:05:57","thumbnails":{"medium":{"url":"https://i.ytimg.com/vi/DEjGKip1t5Q/mqdefault.jpg","width":320,"height":180},"high":{"url":"https://i.ytimg.com/vi/DEjGKip1t5Q/hqdefault.jpg","width":480,"height":360},"default":{"url":"https://i.ytimg.com/vi/DEjGKip1t5Q/default.jpg","width":120,"height":90}},"url":"https://www.youtube.com/watch?v=DEjGKip1t5Q","searchQuery":"","pageNumber":""},{"videoId":"o5n53hs8Y4s","name":"소녀를 지켜줘","title":"소녀를 지켜줘","description":"따뜻한 마음을 가진 젊은 CEO와 운명처럼 나타난 한 소녀의 극적인 만남! 가족에게 버려진 소녀를 구하며 시작되는 치명적인 로맨스 ...","channelTitle":"달달연애","channelId":"UCK6TSharLZ4F15rPP_dFdvA","publishedAt":"2025-09-19T04:50:11","thumbnails":{"medium":{"url":"https://i.ytimg.com/vi/o5n53hs8Y4s/mqdefault.jpg","width":320,"height":180},"high":{"url":"https://i.ytimg.com/vi/o5n53hs8Y4s/hqdefault.jpg","width":480,"height":360},"default":{"url":"https://i.ytimg.com/vi/o5n53hs8Y4s/default.jpg","width":120,"height":90}},"url":"https://www.youtube.com/watch?v=o5n53hs8Y4s","searchQuery":"","pageNumber":""},{"videoId":"nhbnUeDN-Oo","name":"부유한 노인과의 결혼","title":"부유한 노인과의 결혼","description":"안녕하세요 제유튜브 채널에 오신것을 환영합니다 여기서너는 각종유형의 단막극 모든정판을 볼수있을것이다   당신이 그것을 ...","channelTitle":"청춘드라마","channelId":"UCpW4BSPMmPs4U8LmvvYI-Vg","publishedAt":"2025-07-20T16:01:17","thumbnails":{"medium":{"url":"https://i.ytimg.com/vi/nhbnUeDN-Oo/mqdefault.jpg","width":320,"height":180},"high":{"url":"https://i.ytimg.com/vi/nhbnUeDN-Oo/hqdefault.jpg","width":480,"height":360},"default":{"url":"https://i.ytimg.com/vi/nhbnUeDN-Oo/default.jpg","width":120,"height":90}},"url":"https://www.youtube.com/watch?v=nhbnUeDN-Oo","searchQuery":"","pageNumber":""},{"videoId":"k2AE1WWwY_k","name":"사랑의 노래","title":"사랑의 노래","description":"00:01 Starlight - 태일 (스물다섯 스물하나) 03:46 한 페이지가 될수 있게 - Day6 07:13 A-TEEN - 세븐틴 (에이틴) 10:26 높이 - 테이아 ...","channelTitle":"소화불량","channelId":"UCWmDgDFGPB6RRDaqSOwg54A","publishedAt":"2023-03-04T08:17:20","thumbnails":{"medium":{"url":"https://i.ytimg.com/vi/k2AE1WWwY_k/mqdefault.jpg","width":320,"height":180},"high":{"url":"https://i.ytimg.com/vi/k2AE1WWwY_k/hqdefault.jpg","width":480,"height":360},"default":{"url":"https://i.ytimg.com/vi/k2AE1WWwY_k/default.jpg","width":120,"height":90}},"url":"https://www.youtube.com/watch?v=k2AE1WWwY_k","searchQuery":"","pageNumber":""},{"videoId":"SMhbsxcZ4_8","name":"격변의 순간","title":"격변의 순간","description":"어르신을 위한 건강, 지식, 정보 채널, 백살티비 (100saltv) 100saltv@gmail.com 누구보다도 빠르고 정확하게 건강하고 지혜로운 노년 ...","channelTitle":"백살티비","channelId":"UC8BfAu0MiOOkev9KkOW9H0g","publishedAt":"2025-08-25T15:15:06","thumbnails":{"medium":{"url":"https://i.ytimg.com/vi/SMhbsxcZ4_8/mqdefault.jpg","width":320,"height":180},"high":{"url":"https://i.ytimg.com/vi/SMhbsxcZ4_8/hqdefault.jpg","width":480,"height":360},"default":{"url":"https://i.ytimg.com/vi/SMhbsxcZ4_8/default.jpg","width":120,"height":90}},"url":"https://www.youtube.com/watch?v=SMhbsxcZ4_8","searchQuery":"","pageNumber":""},{"videoId":"3B3CE2khaWg","name":"잘생긴 재벌의 달콤한 유혹","title":"잘생긴 재벌의 달콤한 유혹","description":"안녕하세요 제유튜브 채널에 오신것을 환영합니다 여기서너는 각종유형의 단막극 모든정판을 볼수있을것이다   당신이 그것을 ...","channelTitle":"청춘드라마","channelId":"UCpW4BSPMmPs4U8LmvvYI-Vg","publishedAt":"2025-09-06T17:00:07","thumbnails":{"medium":{"url":"https://i.ytimg.com/vi/3B3CE2khaWg/mqdefault.jpg","width":320,"height":180},"high":{"url":"https://i.ytimg.com/vi/3B3CE2khaWg/hqdefault.jpg","width":480,"height":360},"default":{"url":"https://i.ytimg.com/vi/3B3CE2khaWg/default.jpg","width":120,"height":90}},"url":"https://www.youtube.com/watch?v=3B3CE2khaWg","searchQuery":"","pageNumber":""},{"videoId":"AiQ7Y5rvGdw","name":"꽃이 필 땐 우리는 여전히 사랑해요","title":"꽃이 필 땐 우리는 여전히 사랑해요","description":"안녕하세요 제유튜브 채널에 오신것을 환영합니다 여기서너는 각종유형의 단막극 모든정판을 볼수있을것이다   당신이 그것을 ...","channelTitle":"청춘드라마","channelId":"UCpW4BSPMmPs4U8LmvvYI-Vg","publishedAt":"2025-09-29T16:00:11","thumbnails":{"medium":{"url":"https://i.ytimg.com/vi/AiQ7Y5rvGdw/mqdefault.jpg","width":320,"height":180},"high":{"url":"https://i.ytimg.com/vi/AiQ7Y5rvGdw/hqdefault.jpg","width":480,"height":360},"default":{"url":"https://i.ytimg.com/vi/AiQ7Y5rvGdw/default.jpg","width":120,"height":90}},"url":"https://www.youtube.com/watch?v=AiQ7Y5rvGdw","searchQuery":"","pageNumber":""},{"videoId":"dv12LHOwjls","name":"부유한 여자와 비참한 소녀","title":"부유한 여자와 비참한 소녀","description":"안녕하세요 제유튜브 채널에 오신것을 환영합니다 여기서너는 각종유형의 단막극 모든정판을 볼수있을것이다   당신이 그것을 ...","channelTitle":"청춘드라마","channelId":"UCpW4BSPMmPs4U8LmvvYI-Vg","publishedAt":"2025-10-21T02:00:39","thumbnails":{"medium":{"url":"https://i.ytimg.com/vi/dv12LHOwjls/mqdefault.jpg","width":320,"height":180},"high":{"url":"https://i.ytimg.com/vi/dv12LHOwjls/hqdefault.jpg","width":480,"height":360},"default":{"url":"https://i.ytimg.com/vi/dv12LHOwjls/default.jpg","width":120,"height":90}},"url":"https://www.youtube.com/watch?v=dv12LHOwjls","searchQuery":"","pageNumber":""},{"videoId":"_5stu5xZc6o","name":"갇힌 복수","title":"갇힌 복수","description":"안녕하세요 제유튜브 채널에 오신것을 환영합니다 여기서너는 각종유형의 단막극 모든정판을 볼수있을것이다   당신이 그것을 ...","channelTitle":"청춘드라마","channelId":"UCpW4BSPMmPs4U8LmvvYI-Vg","publishedAt":"2025-10-17T02:00:35","thumbnails":{"medium":{"url":"https://i.ytimg.com/vi/_5stu5xZc6o/mqdefault.jpg","width":320,"height":180},"high":{"url":"https://i.ytimg.com/vi/_5stu5xZc6o/hqdefault.jpg","width":480,"height":360},"default":{"url":"https://i.ytimg.com/vi/_5stu5xZc6o/default.jpg","width":120,"height":90}},"url":"https://www.youtube.com/watch?v=_5stu5xZc6o","searchQuery":"","pageNumber":""},{"videoId":"4dHFY-MQoFU","name":"어린이로 돌아가다","title":"어린이로 돌아가다","description":"안녕하세요 제유튜브 채널에 오신것을 환영합니다 여기서너는 각종유형의 단막극 모든정판을 볼수있을것이다   당신이 그것을 ...","channelTitle":"청춘드라마","channelId":"UCpW4BSPMmPs4U8LmvvYI-Vg","publishedAt":"2025-11-18T03:00:10","thumbnails":{"medium":{"url":"https://i.ytimg.com/vi/4dHFY-MQoFU/mqdefault.jpg","width":320,"height":180},"high":{"url":"https://i.ytimg.com/vi/4dHFY-MQoFU/hqdefault.jpg","width":480,"height":360},"default":{"url":"https://i.ytimg.com/vi/4dHFY-MQoFU/default.jpg","width":120,"height":90}},"url":"https://www.youtube.com/watch?v=4dHFY-MQoFU","searchQuery":"","pageNumber":""},{"videoId":"2LQp5yBgzPs","name":"남편의 사랑","title":"남편의 사랑","description":"안녕하세요 제유튜브 채널에 오신것을 환영합니다 여기서너는 각종유형의 단막극 모든정판을 볼수있을것이다   당신이 그것을 ...","channelTitle":"청춘드라마","channelId":"UCpW4BSPMmPs4U8LmvvYI-Vg","publishedAt":"2025-08-27T02:00:01","thumbnails":{"medium":{"url":"https://i.ytimg.com/vi/2LQp5yBgzPs/mqdefault.jpg","width":320,"height":180},"high":{"url":"https://i.ytimg.com/vi/2LQp5yBgzPs/hqdefault.jpg","width":480,"height":360},"default":{"url":"https://i.ytimg.com/vi/2LQp5yBgzPs/default.jpg","width":120,"height":90}},"url":"https://www.youtube.com/watch?v=2LQp5yBgzPs","searchQuery":"","pageNumber":""},{"videoId":"ZSdW1dT8QKU","name":"청춘의 노래","title":"청춘의 노래","description":"[Playlist] 청춘드라마 속 주인공이 되는 상상, 기분 좋아지는 드라마 OST 음악이 마음에 드셨다면 구독 ✓ 과 좋아요 ❤ 부탁드립니다!","channelTitle":"시밀러룩 Similar Look","channelId":"UC8gR6jvxdLIYJBqiMgwWg0A","publishedAt":"2021-07-14T04:22:20","thumbnails":{"medium":{"url":"https://i.ytimg.com/vi/ZSdW1dT8QKU/mqdefault.jpg","width":320,"height":180},"high":{"url":"https://i.ytimg.com/vi/ZSdW1dT8QKU/hqdefault.jpg","width":480,"height":360},"default":{"url":"https://i.ytimg.com/vi/ZSdW1dT8QKU/default.jpg","width":120,"height":90}},"url":"https://www.youtube.com/watch?v=ZSdW1dT8QKU","searchQuery":"","pageNumber":""}]