[{"videoId":"DHm27dT7Iik","name":"말 못 하는 CEO와 치유 로맨스","title":"말 못 하는 CEO와 치유 로맨스","description":"숏드라마 #드라마 #영화 #풀영화 #완결 여기서 전체 시리즈를 시청하세요 \"Flickreels\" 앱에서 \"lxkz39\" 제목 검색 또는 링크 ...","channelTitle":"Drama OX","channelId":"UCAGpXXhnn-R4exvzQcfPuPA","publishedAt":"2025-11-19T10:08:19","thumbnails":{"medium":{"url":"https://i.ytimg.com/vi/DHm27dT7Iik/mqdefault.jpg","width":320,"height":180},"high":{"url":"https://i.ytimg.com/vi/DHm27dT7Iik/hqdefault.jpg","width":480,"height":360},"default":{"url":"https://i.ytimg.com/vi/DHm27dT7Iik/default.jpg","width":120,"height":90}},"url":"https://www.youtube.com/watch?v=DHm27dT7Iik","searchQuery":"","pageNumber":""},{"videoId":"K03Lac4K4_k","name":"대형 바퀴","title":"대형 바퀴","description":"The Big Wheel (1949) is a thrilling vintage racing drama following the rise, fall, and redemption of a young driver trying to escape ...","channelTitle":"RetroAction Studio","channelId":"UCgEaQJhIuSSKWgP9MY109nA","publishedAt":"2025-11-13T05:47:16","thumbnails":{"medium":{"url":"https://i.ytimg.com/vi/K03Lac4K4_k/mqdefault.jpg","width":320,"height":180},"high":{"url":"https://i.ytimg.com/vi/K03Lac4K4_k/hqdefault.jpg","width":480,"height":360},"default":{"url":"https://i.ytimg.com/vi/K03Lac4K4_k/default.jpg","width":120,"height":90}},"url":"https://www.youtube.com/watch?v=K03Lac4K4_k","searchQuery":"","pageNumber":""},{"videoId":"hmEnBzelokw","name":"가족의 영광","title":"가족의 영광","description":"","channelTitle":"명지로교회 Myeongjiro Church","channelId":"UCdi6FZXGPHpqmK43c_c6shA","publishedAt":"2024-08-30T06:40:52","thumbnails":{"medium":{"url":"https://i.ytimg.com/vi/hmEnBzelokw/mqdefault.jpg","width":320,"height":180},"high":{"url":"https://i.ytimg.com/vi/hmEnBzelokw/hqdefault.jpg","width":480,"height":360},"default":{"url":"https://i.ytimg.com/vi/hmEnBzelokw/default.jpg","width":120,"height":90}},"url":"https://www.youtube.com/watch?v=hmEnBzelokw","searchQuery":"","pageNumber":""},{"videoId":"2velnWmcW9k","name":"홍콩 액션 드라마: 중드의 비각칠","title":"홍콩 액션 드라마: 중드의 비각칠","description":"비각칠1 #홍콩영화다시보기 #홍콩영화한글자막.","channelTitle":"제주도 여행 이사 이주 제주 살이","channelId":"UCcINTOobQH4l8ZR8pACn5YA","publishedAt":"2022-01-03T04:15:29","thumbnails":{"medium":{"url":"https://i.ytimg.com/vi/2velnWmcW9k/mqdefault.jpg","width":320,"height":180},"high":{"url":"https://i.ytimg.com/vi/2velnWmcW9k/hqdefault.jpg","width":480,"height":360},"default":{"url":"https://i.ytimg.com/vi/2velnWmcW9k/default.jpg","width":120,"height":90}},"url":"https://www.youtube.com/watch?v=2velnWmcW9k","searchQuery":"","pageNumber":""},{"videoId":"frzq8AsHLys","name":"람바남 액션 드라마","title":"람바남 액션 드라마","description":"TeluguMovieScenes #Latesttelugumovies Keep Following us for more Interesting Videos...,& Subscribe To Our Channel. CLICK ...","channelTitle":"Maa Cinemalu","channelId":"UCa197ScPLzoax3UylQAly1A","publishedAt":"2025-11-15T02:30:40","thumbnails":{"medium":{"url":"https://i.ytimg.com/vi/frzq8AsHLys/mqdefault.jpg","width":320,"height":180},"high":{"url":"https://i.ytimg.com/vi/frzq8AsHLys/hqdefault.jpg","width":480,"height":360},"default":{"url":"https://i.ytimg.com/vi/frzq8AsHLys/default.jpg","width":120,"height":90}},"url":"https://www.youtube.com/watch?v=frzq8AsHLys","searchQuery":"","pageNumber":""},{"videoId":"JY-M4H68nmk","name":"전투왕：댄쉬의 활약","title":"전투왕：댄쉬의 활약","description":"Keep Follow Us For More Telugu Movies : SIR Telugu Period Action Drama Dhanush Full Movie || Dhanush & Samyuktha #sir ...","channelTitle":"Orange 70MM Movies","channelId":"UCe986QeYn1vae-USDVDPXdw","publishedAt":"2025-11-05T11:30:16","thumbnails":{"medium":{"url":"https://i.ytimg.com/vi/JY-M4H68nmk/mqdefault.jpg","width":320,"height":180},"high":{"url":"https://i.ytimg.com/vi/JY-M4H68nmk/hqdefault.jpg","width":480,"height":360},"default":{"url":"https://i.ytimg.com/vi/JY-M4H68nmk/default.jpg","width":120,"height":90}},"url":"https://www.youtube.com/watch?v=JY-M4H68nmk","searchQuery":"","pageNumber":""},{"videoId":"GKQ2YB0RMq0","name":"악마들의 연대기","title":"악마들의 연대기","description":"〈최악의 악〉은 1990년대, 한-중-일 마약 거래의 중심 강남 연합 조직을 일망타진하기 위해 경찰 '준모'(지창욱)가 조직에 잠입 수사 ...","channelTitle":"씨네21","channelId":"UCz4vMhiedEWgICIF7NBYiYA","publishedAt":"2023-10-20T15:00:21","thumbnails":{"medium":{"url":"https://i.ytimg.com/vi/GKQ2YB0RMq0/mqdefault.jpg","width":320,"height":180},"high":{"url":"https://i.ytimg.com/vi/GKQ2YB0RMq0/hqdefault.jpg","width":480,"height":360},"default":{"url":"https://i.ytimg.com/vi/GKQ2YB0RMq0/default.jpg","width":120,"height":90}},"url":"https://www.youtube.com/watch?v=GKQ2YB0RMq0","searchQuery":"","pageNumber":""},{"videoId":"AGCHj0_6q44","name":"","title":"","description":"지난 22일 오후 2시 왕십리 CGV에서 [ 7급 공무원 ] 신태라 감독의 또 다른 S/S 신상코미디 영화가 주연배우 강지환, 성유리를 ...","channelTitle":"JBS [진실방송]","channelId":"UCsyk47KlvBZvA-qOl4D_7Dw","publishedAt":"2012-05-27T23:22:54","thumbnails":{"medium":{"url":"https://i.ytimg.com/vi/AGCHj0_6q44/mqdefault.jpg","width":320,"height":180},"high":{"url":"https://i.ytimg.com/vi/AGCHj0_6q44/hqdefault.jpg","width":480,"height":360},"default":{"url":"https://i.ytimg.com/vi/AGCHj0_6q44/default.jpg","width":120,"height":90}},"url":"https://www.youtube.com/watch?v=AGCHj0_6q44","searchQuery":"","pageNumber":""},{"videoId":"tmQkS2rYBG8","name":"살림미인이 도려내는 첫날밤","title":"살림미인이 도려내는 첫날밤","description":"Credits: 1. Tsuki Iwamoto: https://www.youtube.com/@tsukiwamoto 2. FreshestKReacts: ...","channelTitle":"리액션나이트 ReactionNight","channelId":"UCkEqruFVvS1R2ywpFvfD1Xg","publishedAt":"2025-09-16T10:00:08","thumbnails":{"medium":{"url":"https://i.ytimg.com/vi/tmQkS2rYBG8/mqdefault.jpg","width":320,"height":180},"high":{"url":"https://i.ytimg.com/vi/tmQkS2rYBG8/hqdefault.jpg","width":480,"height":360},"default":{"url":"https://i.ytimg.com/vi/tmQkS2rYBG8/default.jpg","width":120,"height":90}},"url":"https://www.youtube.com/watch?v=tmQkS2rYBG8","searchQuery":"","pageNumber":""},{"videoId":"GUETiy6h6C8","name":"신속함과 액션","title":"신속함과 액션","description":"Credits: 1. Tsuki Iwamoto: https://www.youtube.com/@tsukiwamoto 2. FreshestKReacts: ...","channelTitle":"리액션나이트 ReactionNight","channelId":"UCkEqruFVvS1R2ywpFvfD1Xg","publishedAt":"2025-09-25T07:01:41","thumbnails":{"medium":{"url":"https://i.ytimg.com/vi/GUETiy6h6C8/mqdefault.jpg","width":320,"height":180},"high":{"url":"https://i.ytimg.com/vi/GUETiy6h6C8/hqdefault.jpg","width":480,"height":360},"default":{"url":"https://i.ytimg.com/vi/GUETiy6h6C8/default.jpg","width":120,"height":90}},"url":"https://www.youtube.com/watch?v=GUETiy6h6C8","searchQuery":"","pageNumber":""},{"videoId":"3gTjq36z6ew","name":"마법 섬","title":"마법 섬","description":"김남길 #이다희 #차은우 거스를 수 없는 운명의 시작 티빙 오리지널 시리즈 [아일랜드] ✓ 지금 바로 TVING 바로가기 ...","channelTitle":"삐딱뷰","channelId":"UCcDUbqba5NveXWe4pGc6sKw","publishedAt":"2023-01-25T10:05:36","thumbnails":{"medium":{"url":"https://i.ytimg.com/vi/3gTjq36z6ew/mqdefault.jpg","width":320,"height":180},"high":{"url":"https://i.ytimg.com/vi/3gTjq36z6ew/hqdefault.jpg","width":480,"height":360},"default":{"url":"https://i.ytimg.com/vi/3gTjq36z6ew/default.jpg","width":120,"height":90}},"url":"https://www.youtube.com/watch?v=3gTjq36z6ew","searchQuery":"","pageNumber":""},{"videoId":"8cxX_kPadX8","name":"진우의 레벨업","title":"진우의 레벨업","description":"출연 리액터: 1. Carlie & Ange: https://www.youtube.com/@CarlieAndAnge 2. Core4VT Reacts: ...","channelTitle":"리액션나이트 ReactionNight","channelId":"UCkEqruFVvS1R2ywpFvfD1Xg","publishedAt":"2025-04-17T09:21:02","thumbnails":{"medium":{"url":"https://i.ytimg.com/vi/8cxX_kPadX8/mqdefault.jpg","width":320,"height":180},"high":{"url":"https://i.ytimg.com/vi/8cxX_kPadX8/hqdefault.jpg","width":480,"height":360},"default":{"url":"https://i.ytimg.com/vi/8cxX_kPadX8/default.jpg","width":120,"height":90}},"url":"https://www.youtube.com/watch?v=8cxX_kPadX8","searchQuery":"","pageNumber":""},{"videoId":"EHEPLUeQfFk","name":"왕족의 맛있는 식사","title":"왕족의 맛있는 식사","description":"Credits: 1. Tsuki Iwamoto: https://www.youtube.com/@tsukiwamoto 2. FreshestKReacts: ...","channelTitle":"리액션나이트 ReactionNight","channelId":"UCkEqruFVvS1R2ywpFvfD1Xg","publishedAt":"2025-10-02T09:18:11","thumbnails":{"medium":{"url":"https://i.ytimg.com/vi/EHEPLUeQfFk/mqdefault.jpg","width":320,"height":180},"high":{"url":"https://i.ytimg.com/vi/EHEPLUeQfFk/hqdefault.jpg","width":480,"height":360},"default":{"url":"https://i.ytimg.com/vi/EHEPLUeQfFk/default.jpg","width":120,"height":90}},"url":"https://www.youtube.com/watch?v=EHEPLUeQfFk","searchQuery":"","pageNumber":""},{"videoId":"lkeEobcZFMI","name":"마녀1의 포스","title":"마녀1의 포스","description":"Credits: 1. RT TV: https://www.youtube.com/@RTTV2011 2. Flix2Us: https://www.youtube.com/@Flix2Us 3. Everyday Negroes: ...","channelTitle":"리액션나이트 ReactionNight","channelId":"UCkEqruFVvS1R2ywpFvfD1Xg","publishedAt":"2025-09-05T09:51:30","thumbnails":{"medium":{"url":"https://i.ytimg.com/vi/lkeEobcZFMI/mqdefault.jpg","width":320,"height":180},"high":{"url":"https://i.ytimg.com/vi/lkeEobcZFMI/hqdefault.jpg","width":480,"height":360},"default":{"url":"https://i.ytimg.com/vi/lkeEobcZFMI/default.jpg","width":120,"height":90}},"url":"https://www.youtube.com/watch?v=lkeEobcZFMI","searchQuery":"","pageNumber":""},{"videoId":"OeehDB0j8yM","name":"풀리액션의 매력","title":"풀리액션의 매력","description":"출연 리액터: 1. Core4VT Reacts: https://www.youtube.com/@Core4VTReacts 2. CineTofu: https://www.youtube.com/@CineTofu 3.","channelTitle":"리액션나이트 ReactionNight","channelId":"UCkEqruFVvS1R2ywpFvfD1Xg","publishedAt":"2025-06-16T10:47:14","thumbnails":{"medium":{"url":"https://i.ytimg.com/vi/OeehDB0j8yM/mqdefault.jpg","width":320,"height":180},"high":{"url":"https://i.ytimg.com/vi/OeehDB0j8yM/hqdefault.jpg","width":480,"height":360},"default":{"url":"https://i.ytimg.com/vi/OeehDB0j8yM/default.jpg","width":120,"height":90}},"url":"https://www.youtube.com/watch?v=OeehDB0j8yM","searchQuery":"","pageNumber":""},{"videoId":"532oEhcWS3Q","name":"소문을 따라 온 해외팬들","title":"소문을 따라 온 해외팬들","description":"Credits: 1. Sorta Stupid: https://www.youtube.com/@sortastupid 2. Nerdy Nightly: https://www.youtube.com/@NerdyNightly 3.","channelTitle":"리액션나이트 ReactionNight","channelId":"UCkEqruFVvS1R2ywpFvfD1Xg","publishedAt":"2025-07-11T07:07:46","thumbnails":{"medium":{"url":"https://i.ytimg.com/vi/532oEhcWS3Q/mqdefault.jpg","width":320,"height":180},"high":{"url":"https://i.ytimg.com/vi/532oEhcWS3Q/hqdefault.jpg","width":480,"height":360},"default":{"url":"https://i.ytimg.com/vi/532oEhcWS3Q/default.jpg","width":120,"height":90}},"url":"https://www.youtube.com/watch?v=532oEhcWS3Q","searchQuery":"","pageNumber":""},{"videoId":"u73RpQKbRZA","name":"그가 도착한 날","title":"그가 도착한 날","description":"\"The Day He Arrives\" (2011) is a South Korean film directed by Hong Sang-soo. The movie follows the story of a film director ...","channelTitle":"Series Hub (Korea)","channelId":"UC--J0CNBDLZQLwo4wZHQGww","publishedAt":"2024-06-17T17:08:46","thumbnails":{"medium":{"url":"https://i.ytimg.com/vi/u73RpQKbRZA/mqdefault.jpg","width":320,"height":180},"high":{"url":"https://i.ytimg.com/vi/u73RpQKbRZA/hqdefault.jpg","width":480,"height":360},"default":{"url":"https://i.ytimg.com/vi/u73RpQKbRZA/default.jpg","width":120,"height":90}},"url":"https://www.youtube.com/watch?v=u73RpQKbRZA","searchQuery":"","pageNumber":""},{"videoId":"_INESxV5YWs","name":"몰입감의 끝에","title":"몰입감의 끝에","description":"영화 : 트리즌 시청해주셔서 감사합니다. 구독과 추천,공유는 영상제작에 큰 힘이 됩니다.","channelTitle":"꼬꼬뷰","channelId":"UCDOKi9ukMCYcE3ip-H2CUTA","publishedAt":"2023-09-28T09:51:32","thumbnails":{"medium":{"url":"https://i.ytimg.com/vi/_INESxV5YWs/mqdefault.jpg","width":320,"height":180},"high":{"url":"https://i.ytimg.com/vi/_INESxV5YWs/hqdefault.jpg","width":480,"height":360},"default":{"url":"https://i.ytimg.com/vi/_INESxV5YWs/default.jpg","width":120,"height":90}},"url":"https://www.youtube.com/watch?v=_INESxV5YWs","searchQuery":"","pageNumber":""},{"videoId":"s3SK-qgi8pI","name":"마녀 1부","title":"마녀 1부","description":"Credits: 1. RT TV: https://www.youtube.com/@RTTV2011 2. Flix2Us: https://www.youtube.com/@Flix2Us 3. Everyday Negroes: ...","channelTitle":"리액션나이트 ReactionNight","channelId":"UCkEqruFVvS1R2ywpFvfD1Xg","publishedAt":"2025-09-04T07:26:14","thumbnails":{"medium":{"url":"https://i.ytimg.com/vi/s3SK-qgi8pI/mqdefault.jpg","width":320,"height":180},"high":{"url":"https://i.ytimg.com/vi/s3SK-qgi8pI/hqdefault.jpg","width":480,"height":360},"default":{"url":"https://i.ytimg.com/vi/s3SK-qgi8pI/default.jpg","width":120,"height":90}},"url":"https://www.youtube.com/watch?v=s3SK-qgi8pI","searchQuery":"","pageNumber":""},{"videoId":"2keoiBg5vTg","name":"최후의 전투","title":"최후의 전투","description":"결말포함 #액션영화 #드라마 #미드 #전쟁영화 #영화리뷰 #미개봉 영상 시청해주시는 모든 분들께 감사드립니다!! 재미있게 보셨다면 ...","channelTitle":"채씨네","channelId":"UC3xi5oaSoAKiFUAvwuyDEFA","publishedAt":"2025-07-05T06:34:10","thumbnails":{"medium":{"url":"https://i.ytimg.com/vi/2keoiBg5vTg/mqdefault.jpg","width":320,"height":180},"high":{"url":"https://i.ytimg.com/vi/2keoiBg5vTg/hqdefault.jpg","width":480,"height":360},"default":{"url":"https://i.ytimg.com/vi/2keoiBg5vTg/default.jpg","width":120,"height":90}},"url":"https://www.youtube.com/watch?v=2keoiBg5vTg","searchQuery":"","pageNumber":""},{"videoId":"NzvAqOe8MeA","name":"초대박 액션","title":"초대박 액션","description":"2025년 신작 영화 #무추 #영화추천 #넷플릭스.","channelTitle":"무추","channelId":"UChVR9RJ7s2HBrxy4dIwQ1uw","publishedAt":"2025-09-29T05:09:09","thumbnails":{"medium":{"url":"https://i.ytimg.com/vi/NzvAqOe8MeA/mqdefault.jpg","width":320,"height":180},"high":{"url":"https://i.ytimg.com/vi/NzvAqOe8MeA/hqdefault.jpg","width":480,"height":360},"default":{"url":"https://i.ytimg.com/vi/NzvAqOe8MeA/default.jpg","width":120,"height":90}},"url":"https://www.youtube.com/watch?v=NzvAqOe8MeA","searchQuery":"","pageNumber":""},{"videoId":"0PxcNwFZt_w","name":"불굴의 저항","title":"불굴의 저항","description":"영화리뷰 #결말포함 #영화소개 #영화 #결말 #액션영화 #범죄영화 #실화영화 #스타뎀 킬러 엘리트(2011) 12월 순살이벤트 참여 ...","channelTitle":"순살비디오","channelId":"UCV8hHkedPDWAxFVmJz27_1A","publishedAt":"2024-11-28T09:00:00","thumbnails":{"medium":{"url":"https://i.ytimg.com/vi/0PxcNwFZt_w/mqdefault.jpg","width":320,"height":180},"high":{"url":"https://i.ytimg.com/vi/0PxcNwFZt_w/hqdefault.jpg","width":480,"height":360},"default":{"url":"https://i.ytimg.com/vi/0PxcNwFZt_w/default.jpg","width":120,"height":90}},"url":"https://www.youtube.com/watch?v=0PxcNwFZt_w","searchQuery":"","pageNumber":""},{"videoId":"4qe6K1F6Kpk","name":"K팝 데몬헌터스","title":"K팝 데몬헌터스","description":"Credits: 1. Flix n Feels: https://www.youtube.com/@Flix-n-Feels 2. TripleTake: https://www.youtube.com/@TripleTakeReacts 3.","channelTitle":"리액션나이트 ReactionNight","channelId":"UCkEqruFVvS1R2ywpFvfD1Xg","publishedAt":"2025-07-29T09:23:56","thumbnails":{"medium":{"url":"https://i.ytimg.com/vi/4qe6K1F6Kpk/mqdefault.jpg","width":320,"height":180},"high":{"url":"https://i.ytimg.com/vi/4qe6K1F6Kpk/hqdefault.jpg","width":480,"height":360},"default":{"url":"https://i.ytimg.com/vi/4qe6K1F6Kpk/default.jpg","width":120,"height":90}},"url":"https://www.youtube.com/watch?v=4qe6K1F6Kpk","searchQuery":"","pageNumber":""},{"videoId":"fy1J5mRPo7A","name":"사이다의 충전","title":"사이다의 충전","description":"돌아온 달콤살벌! 좋아요,구독은 사랑입니다 ♥ 월 2990원 멤버십 가입 ...","channelTitle":"무비쀼","channelId":"UC5URebNxtMvObHq7aKSyUSQ","publishedAt":"2025-06-09T23:08:47","thumbnails":{"medium":{"url":"https://i.ytimg.com/vi/fy1J5mRPo7A/mqdefault.jpg","width":320,"height":180},"high":{"url":"https://i.ytimg.com/vi/fy1J5mRPo7A/hqdefault.jpg","width":480,"height":360},"default":{"url":"https://i.ytimg.com/vi/fy1J5mRPo7A/default.jpg","width":120,"height":90}},"url":"https://www.youtube.com/watch?v=fy1J5mRPo7A","searchQuery":"","pageNumber":""},{"videoId":"BPSqFJWf2FU","name":"무법자의 복수","title":"무법자의 복수","description":"스타뎀 #액션영화 #밀덕 무비드의 FULL MOVIE 시리즈는 \"모든 전투 장면\"과 \"중요 장면\"을 편집 없이 선사합니다 1편 보러가기 ...","channelTitle":"무비드 : Movie & Drama","channelId":"UC-cIG4Cxp3dtfMjm_XNbUUg","publishedAt":"2025-08-03T04:23:32","thumbnails":{"medium":{"url":"https://i.ytimg.com/vi/BPSqFJWf2FU/mqdefault.jpg","width":320,"height":180},"high":{"url":"https://i.ytimg.com/vi/BPSqFJWf2FU/hqdefault.jpg","width":480,"height":360},"default":{"url":"https://i.ytimg.com/vi/BPSqFJWf2FU/default.jpg","width":120,"height":90}},"url":"https://www.youtube.com/watch?v=BPSqFJWf2FU","searchQuery":"","pageNumber":""},{"videoId":"hLhS_k1VMbI","name":"극한직업","title":"극한직업","description":"출연 리액터: 1. Ryan & Tiana: https://www.youtube.com/@ryanandtiana 2. CineTofu: https://www.youtube.com/@CineTofu 3.","channelTitle":"리액션나이트 ReactionNight","channelId":"UCkEqruFVvS1R2ywpFvfD1Xg","publishedAt":"2025-06-07T04:12:45","thumbnails":{"medium":{"url":"https://i.ytimg.com/vi/hLhS_k1VMbI/mqdefault.jpg","width":320,"height":180},"high":{"url":"https://i.ytimg.com/vi/hLhS_k1VMbI/hqdefault.jpg","width":480,"height":360},"default":{"url":"https://i.ytimg.com/vi/hLhS_k1VMbI/default.jpg","width":120,"height":90}},"url":"https://www.youtube.com/watch?v=hLhS_k1VMbI","searchQuery":"","pageNumber":""},{"videoId":"vhN1r-YSd4Y","name":"애절한 구출","title":"애절한 구출","description":"레전드 드라마 여기로! #레뜨로 #THEK2 레전드 영상 더 보러가기 ...","channelTitle":"디글 클래식 :Diggle Classic","channelId":"UCRMA_Nb5VF-YoWApSVeXPVA","publishedAt":"2021-12-24T12:31:00","thumbnails":{"medium":{"url":"https://i.ytimg.com/vi/vhN1r-YSd4Y/mqdefault.jpg","width":320,"height":180},"high":{"url":"https://i.ytimg.com/vi/vhN1r-YSd4Y/hqdefault.jpg","width":480,"height":360},"default":{"url":"https://i.ytimg.com/vi/vhN1r-YSd4Y/default.jpg","width":120,"height":90}},"url":"https://www.youtube.com/watch?v=vhN1r-YSd4Y","searchQuery":"","pageNumber":""},{"videoId":"8ND_8fA93Wo","name":"비열한 추적자들","title":"비열한 추적자들","description":"지무비 #드라마 #굿보이 드라마 ≪굿보이≫, 1화~2화의 내용입니다. 채널 JTBC에서 매주 토요일 밤 10시 40분, 일요일 밤 10시 30 ...","channelTitle":"지무비 : G Movie","channelId":"UCaHGOzOyeYzLQeKsVkfLEGA","publishedAt":"2025-06-04T08:00:12","thumbnails":{"medium":{"url":"https://i.ytimg.com/vi/8ND_8fA93Wo/mqdefault.jpg","width":320,"height":180},"high":{"url":"https://i.ytimg.com/vi/8ND_8fA93Wo/hqdefault.jpg","width":480,"height":360},"default":{"url":"https://i.ytimg.com/vi/8ND_8fA93Wo/default.jpg","width":120,"height":90}},"url":"https://www.youtube.com/watch?v=8ND_8fA93Wo","searchQuery":"","pageNumber":""},{"videoId":"bwASKgTIhKk","name":"풀리액션의 K팝 데몬헌터스","title":"풀리액션의 K팝 데몬헌터스","description":"Credits: 1. Sorta Stupid: https://www.youtube.com/@sortastupid 2. Nerdy Nightly: https://www.youtube.com/@NerdyNightly 3.","channelTitle":"리액션나이트 ReactionNight","channelId":"UCkEqruFVvS1R2ywpFvfD1Xg","publishedAt":"2025-07-10T07:51:40","thumbnails":{"medium":{"url":"https://i.ytimg.com/vi/bwASKgTIhKk/mqdefault.jpg","width":320,"height":180},"high":{"url":"https://i.ytimg.com/vi/bwASKgTIhKk/hqdefault.jpg","width":480,"height":360},"default":{"url":"https://i.ytimg.com/vi/bwASKgTIhKk/default.jpg","width":120,"height":90}},"url":"https://www.youtube.com/watch?v=bwASKgTIhKk","searchQuery":"","pageNumber":""},{"videoId":"eLyvZ2RRQyY","name":"질주본능","title":"질주본능","description":"영화리뷰결말포함 #바이크 #명작 #명작영화 #바이크액션.","channelTitle":"달콤 리뷰","channelId":"UCOXnyjUZjSn4Joy9CtyhXAg","publishedAt":"2025-11-15T10:46:54","thumbnails":{"medium":{"url":"https://i.ytimg.com/vi/eLyvZ2RRQyY/mqdefault.jpg","width":320,"height":180},"high":{"url":"https://i.ytimg.com/vi/eLyvZ2RRQyY/hqdefault.jpg","width":480,"height":360},"default":{"url":"https://i.ytimg.com/vi/eLyvZ2RRQyY/default.jpg","width":120,"height":90}},"url":"https://www.youtube.com/watch?v=eLyvZ2RRQyY","searchQuery":"","pageNumber":""},{"videoId":"HW8thb2cbFk","name":"전설의 시작","title":"전설의 시작","description":"안녕하세요^^ 채널 어바웃타임 입니다. 오늘 소개해드릴 작품은 헤일로 시즌2 1-4회 입니다. 비즈니스 문의: ...","channelTitle":"어바웃타임 (About time)","channelId":"UCxn_EHVOJnrEJBZY2p3E6Sg","publishedAt":"2024-05-18T09:00:25","thumbnails":{"medium":{"url":"https://i.ytimg.com/vi/HW8thb2cbFk/mqdefault.jpg","width":320,"height":180},"high":{"url":"https://i.ytimg.com/vi/HW8thb2cbFk/hqdefault.jpg","width":480,"height":360},"default":{"url":"https://i.ytimg.com/vi/HW8thb2cbFk/default.jpg","width":120,"height":90}},"url":"https://www.youtube.com/watch?v=HW8thb2cbFk","searchQuery":"","pageNumber":""},{"videoId":"PtoYThAFjZ4","name":"초반 결말","title":"초반 결말","description":"지무비 #드라마 #노무사노무진 드라마 ≪노무사 노무진≫, 1화~2화의 내용입니다. 채널 MBC에서 매주 금,토 밤 9시 50분 방영 ...","channelTitle":"지무비 : G Movie","channelId":"UCaHGOzOyeYzLQeKsVkfLEGA","publishedAt":"2025-06-01T01:00:23","thumbnails":{"medium":{"url":"https://i.ytimg.com/vi/PtoYThAFjZ4/mqdefault.jpg","width":320,"height":180},"high":{"url":"https://i.ytimg.com/vi/PtoYThAFjZ4/hqdefault.jpg","width":480,"height":360},"default":{"url":"https://i.ytimg.com/vi/PtoYThAFjZ4/default.jpg","width":120,"height":90}},"url":"https://www.youtube.com/watch?v=PtoYThAFjZ4","searchQuery":"","pageNumber":""},{"videoId":"YxcYybzFTD8","name":"숨은 위험","title":"숨은 위험","description":"영화 제목 \"시타델 다이애나\" #영화리뷰결말포함 #영화추천결말 #영화결말리뷰 #명작 #추천 #영화리뷰 #영화추천결말포함 #영화 ...","channelTitle":"소영화녀","channelId":"UCd_e5KletSnbACk6LqA5ykQ","publishedAt":"2025-03-03T01:00:28","thumbnails":{"medium":{"url":"https://i.ytimg.com/vi/YxcYybzFTD8/mqdefault.jpg","width":320,"height":180},"high":{"url":"https://i.ytimg.com/vi/YxcYybzFTD8/hqdefault.jpg","width":480,"height":360},"default":{"url":"https://i.ytimg.com/vi/YxcYybzFTD8/default.jpg","width":120,"height":90}},"url":"https://www.youtube.com/watch?v=YxcYybzFTD8","searchQuery":"","pageNumber":""},{"videoId":"dShuz8JT6c8","name":"만천하에 알린 존재","title":"만천하에 알린 존재","description":"출연 리액터: 1. ALovelyPenguin: https://www.youtube.com/@ALovelyPenguin 2. THATS SO KELVII: ...","channelTitle":"리액션나이트 ReactionNight","channelId":"UCkEqruFVvS1R2ywpFvfD1Xg","publishedAt":"2025-06-12T08:04:55","thumbnails":{"medium":{"url":"https://i.ytimg.com/vi/dShuz8JT6c8/mqdefault.jpg","width":320,"height":180},"high":{"url":"https://i.ytimg.com/vi/dShuz8JT6c8/hqdefault.jpg","width":480,"height":360},"default":{"url":"https://i.ytimg.com/vi/dShuz8JT6c8/default.jpg","width":120,"height":90}},"url":"https://www.youtube.com/watch?v=dShuz8JT6c8","searchQuery":"","pageNumber":""},{"videoId":"2t5t5zn2_wk","name":"첩보 액션의 끝판왕","title":"첩보 액션의 끝판왕","description":"영화리뷰 #결말포함 #영화소개 #전쟁 #드라마 #참교육 #복수 #액션 #킬러 #특수요원 #스나이퍼 #베리페퍼 #정보국 #어사일럼 ...","channelTitle":"동네비디오방","channelId":"UCXvftM-43hGjGc1TA-8Y_IA","publishedAt":"2024-10-12T00:54:36","thumbnails":{"medium":{"url":"https://i.ytimg.com/vi/2t5t5zn2_wk/mqdefault.jpg","width":320,"height":180},"high":{"url":"https://i.ytimg.com/vi/2t5t5zn2_wk/hqdefault.jpg","width":480,"height":360},"default":{"url":"https://i.ytimg.com/vi/2t5t5zn2_wk/default.jpg","width":120,"height":90}},"url":"https://www.youtube.com/watch?v=2t5t5zn2_wk","searchQuery":"","pageNumber":""},{"videoId":"cYC0Qzp1fKg","name":"도깨비 : 피는 물보다 진하다","title":"도깨비 : 피는 물보다 진하다","description":"SmingsWorld #Streaming #FullMovie #Freemovie #KoreanMovie #EnglishSubtitle Former gangster Doo-hyun, known as \"Goblin\", ...","channelTitle":"Smings World","channelId":"UC6aP_I3jm56MBqY_2oZeoJQ","publishedAt":"2025-04-21T04:00:46","thumbnails":{"medium":{"url":"https://i.ytimg.com/vi/cYC0Qzp1fKg/mqdefault.jpg","width":320,"height":180},"high":{"url":"https://i.ytimg.com/vi/cYC0Qzp1fKg/hqdefault.jpg","width":480,"height":360},"default":{"url":"https://i.ytimg.com/vi/cYC0Qzp1fKg/default.jpg","width":120,"height":90}},"url":"https://www.youtube.com/watch?v=cYC0Qzp1fKg","searchQuery":"","pageNumber":""},{"videoId":"S9LDTD4xnqQ","name":"싸움천재들의 학살","title":"싸움천재들의 학살","description":"티빙 오리지널 ≪스터디그룹≫은 \"\"티빙\"\"에서 보실 수 있습니다! #스터디그룹 #김시선 #티빙 ▶︎ 김시선 해설로 1-2화 보기 ...","channelTitle":"김시선","channelId":"UC79hJz6y1EEiIkwfHOuWC4w","publishedAt":"2025-01-31T02:59:26","thumbnails":{"medium":{"url":"https://i.ytimg.com/vi/S9LDTD4xnqQ/mqdefault.jpg","width":320,"height":180},"high":{"url":"https://i.ytimg.com/vi/S9LDTD4xnqQ/hqdefault.jpg","width":480,"height":360},"default":{"url":"https://i.ytimg.com/vi/S9LDTD4xnqQ/default.jpg","width":120,"height":90}},"url":"https://www.youtube.com/watch?v=S9LDTD4xnqQ","searchQuery":"","pageNumber":""},{"videoId":"xLkivhcjL4I","name":"도파민 액션의 극한","title":"도파민 액션의 극한","description":"액션영화 #무술 #movie 1편 보기 - https://youtu.be/_rbqFGcMMO4 무비드의 FULL MOVIE 시리즈는 \"모든 전투 장면\"과 \"중요 장면\"을 ...","channelTitle":"무비드 : Movie & Drama","channelId":"UC-cIG4Cxp3dtfMjm_XNbUUg","publishedAt":"2025-08-23T10:11:51","thumbnails":{"medium":{"url":"https://i.ytimg.com/vi/xLkivhcjL4I/mqdefault.jpg","width":320,"height":180},"high":{"url":"https://i.ytimg.com/vi/xLkivhcjL4I/hqdefault.jpg","width":480,"height":360},"default":{"url":"https://i.ytimg.com/vi/xLkivhcjL4I/default.jpg","width":120,"height":90}},"url":"https://www.youtube.com/watch?v=xLkivhcjL4I","searchQuery":"","pageNumber":""},{"videoId":"slM14Bf-MRM","name":"미추리 액션 대잔치","title":"미추리 액션 대잔치","description":"[스브스캐치] 구독하기▷ https://goo.gl/bnT3WD 미추리 액션 훈민정음 시즌1부터 시즌2 모두 모음입니다. 스브스캐치 페이스북 ...","channelTitle":"SBS Catch","channelId":"UC3re3ueOE_6VZK85zlEUWFA","publishedAt":"2019-04-08T08:54:24","thumbnails":{"medium":{"url":"https://i.ytimg.com/vi/slM14Bf-MRM/mqdefault.jpg","width":320,"height":180},"high":{"url":"https://i.ytimg.com/vi/slM14Bf-MRM/hqdefault.jpg","width":480,"height":360},"default":{"url":"https://i.ytimg.com/vi/slM14Bf-MRM/default.jpg","width":120,"height":90}},"url":"https://www.youtube.com/watch?v=slM14Bf-MRM","searchQuery":"","pageNumber":""},{"videoId":"1epJlogN5rY","name":"유럽 랭킹 1위 대테러 특수부대","title":"유럽 랭킹 1위 대테러 특수부대","description":"영화리뷰 #결말포함 #영화소개 #전쟁 #드라마 #참교육 #특수요원 #SAS #MI5 #CIA #델타포스 #해병대 #액션 스트라이크 백 시즌3 ...","channelTitle":"동네비디오방","channelId":"UCXvftM-43hGjGc1TA-8Y_IA","publishedAt":"2024-11-22T00:54:27","thumbnails":{"medium":{"url":"https://i.ytimg.com/vi/1epJlogN5rY/mqdefault.jpg","width":320,"height":180},"high":{"url":"https://i.ytimg.com/vi/1epJlogN5rY/hqdefault.jpg","width":480,"height":360},"default":{"url":"https://i.ytimg.com/vi/1epJlogN5rY/default.jpg","width":120,"height":90}},"url":"https://www.youtube.com/watch?v=1epJlogN5rY","searchQuery":"","pageNumber":""},{"videoId":"JMZ7Q1zsgRU","name":"발그레한 행동","title":"발그레한 행동","description":"돌아온 달콤살벌! 좋아요,구독은 사랑입니다요♥ 월 2990원 멤버십 가입 ...","channelTitle":"무비쀼","channelId":"UC5URebNxtMvObHq7aKSyUSQ","publishedAt":"2025-04-01T01:48:33","thumbnails":{"medium":{"url":"https://i.ytimg.com/vi/JMZ7Q1zsgRU/mqdefault.jpg","width":320,"height":180},"high":{"url":"https://i.ytimg.com/vi/JMZ7Q1zsgRU/hqdefault.jpg","width":480,"height":360},"default":{"url":"https://i.ytimg.com/vi/JMZ7Q1zsgRU/default.jpg","width":120,"height":90}},"url":"https://www.youtube.com/watch?v=JMZ7Q1zsgRU","searchQuery":"","pageNumber":""},{"videoId":"W6995JBwbow","name":"숨겨진 과거","title":"숨겨진 과거","description":"넷플릭스 #후 #이즈 #에린 #액션 #드라마 #몰아보기 #드라마추천 눌러주셔서 감사합니다! 콜라냥   구독   좋아요   ...","channelTitle":"콜라냥","channelId":"UC4Jc7nRQS5yGF-gyFwutXMw","publishedAt":"2023-09-05T09:31:01","thumbnails":{"medium":{"url":"https://i.ytimg.com/vi/W6995JBwbow/mqdefault.jpg","width":320,"height":180},"high":{"url":"https://i.ytimg.com/vi/W6995JBwbow/hqdefault.jpg","width":480,"height":360},"default":{"url":"https://i.ytimg.com/vi/W6995JBwbow/default.jpg","width":120,"height":90}},"url":"https://www.youtube.com/watch?v=W6995JBwbow","searchQuery":"","pageNumber":""},{"videoId":"BEBTjVW5zx0","name":"엘리트 특수요원의 최후","title":"엘리트 특수요원의 최후","description":"영화리뷰 #결말포함 #액션영화.","channelTitle":"하울무비","channelId":"UCfObDXCZ9mFHSdDdX1cvMqA","publishedAt":"2025-06-10T11:40:02","thumbnails":{"medium":{"url":"https://i.ytimg.com/vi/BEBTjVW5zx0/mqdefault.jpg","width":320,"height":180},"high":{"url":"https://i.ytimg.com/vi/BEBTjVW5zx0/hqdefault.jpg","width":480,"height":360},"default":{"url":"https://i.ytimg.com/vi/BEBTjVW5zx0/default.jpg","width":120,"height":90}},"url":"https://www.youtube.com/watch?v=BEBTjVW5zx0","searchQuery":"","pageNumber":""},{"videoId":"KytMzf2v62k","name":"반전의 미로","title":"반전의 미로","description":"비밀의 비밀(Fool Me Once, 2024)는 넷플릭스에서 시청할 수 있습니다. 비즈니스 문의: mvkk@mvkk.org #영화리뷰 #결말포함 ...","channelTitle":"무비팩토리","channelId":"UCgEq4FxPIh8V-ENq4c4Rs8A","publishedAt":"2025-02-20T02:00:13","thumbnails":{"medium":{"url":"https://i.ytimg.com/vi/KytMzf2v62k/mqdefault.jpg","width":320,"height":180},"high":{"url":"https://i.ytimg.com/vi/KytMzf2v62k/hqdefault.jpg","width":480,"height":360},"default":{"url":"https://i.ytimg.com/vi/KytMzf2v62k/default.jpg","width":120,"height":90}},"url":"https://www.youtube.com/watch?v=KytMzf2v62k","searchQuery":"","pageNumber":""},{"videoId":"8WhGgyoeNds","name":"불꽃처럼 번지는","title":"불꽃처럼 번지는","description":"퓨리(2024)","channelTitle":"양쟈까의 La View","channelId":"UCrsYoNklsxEQSGQEduLsIFg","publishedAt":"2024-06-21T10:45:00","thumbnails":{"medium":{"url":"https://i.ytimg.com/vi/8WhGgyoeNds/mqdefault.jpg","width":320,"height":180},"high":{"url":"https://i.ytimg.com/vi/8WhGgyoeNds/hqdefault.jpg","width":480,"height":360},"default":{"url":"https://i.ytimg.com/vi/8WhGgyoeNds/default.jpg","width":120,"height":90}},"url":"https://www.youtube.com/watch?v=8WhGgyoeNds","searchQuery":"","pageNumber":""},{"videoId":"wKb4e6vqSiM","name":"복수의 화살","title":"복수의 화살","description":"영화리뷰 #영화추천 #결말포함 *영화 제목은 영상 초반부를 확인해주시기 바랍니다!* 구독, 좋아요는 영상 제작에 큰 힘이 됩니다❤️ ...","channelTitle":"무비어클락","channelId":"UCT9oKA1nMldoG964oeqnIWA","publishedAt":"2025-06-29T04:01:08","thumbnails":{"medium":{"url":"https://i.ytimg.com/vi/wKb4e6vqSiM/mqdefault.jpg","width":320,"height":180},"high":{"url":"https://i.ytimg.com/vi/wKb4e6vqSiM/hqdefault.jpg","width":480,"height":360},"default":{"url":"https://i.ytimg.com/vi/wKb4e6vqSiM/default.jpg","width":120,"height":90}},"url":"https://www.youtube.com/watch?v=wKb4e6vqSiM","searchQuery":"","pageNumber":""},{"videoId":"yUze8dMZZsc","name":"전사","title":"전사","description":"절권도 #워리어 #이소룡마지막시나리오 #액션영화 #액션드라마 액션의 완성도가 높은 드라마입니다 채널에 가입하여 혜택을 누려 ...","channelTitle":"제이퀀도","channelId":"UCaxPT7nFyeoEyAajKsgbTpA","publishedAt":"2025-07-06T10:01:34","thumbnails":{"medium":{"url":"https://i.ytimg.com/vi/yUze8dMZZsc/mqdefault.jpg","width":320,"height":180},"high":{"url":"https://i.ytimg.com/vi/yUze8dMZZsc/hqdefault.jpg","width":480,"height":360},"default":{"url":"https://i.ytimg.com/vi/yUze8dMZZsc/default.jpg","width":120,"height":90}},"url":"https://www.youtube.com/watch?v=yUze8dMZZsc","searchQuery":"","pageNumber":""},{"videoId":"6I3Qyv4ek9g","name":"미션 임파서블: 완전파멸","title":"미션 임파서블: 완전파멸","description":"액션 #특수부대 #전쟁영화 FULL MOVIE 시리즈는 모든 전투 장면과 중요 장면을 편집 없이 선사합니다 ...","channelTitle":"무비드 : Movie & Drama","channelId":"UC-cIG4Cxp3dtfMjm_XNbUUg","publishedAt":"2025-07-18T06:57:03","thumbnails":{"medium":{"url":"https://i.ytimg.com/vi/6I3Qyv4ek9g/mqdefault.jpg","width":320,"height":180},"high":{"url":"https://i.ytimg.com/vi/6I3Qyv4ek9g/hqdefault.jpg","width":480,"height":360},"default":{"url":"https://i.ytimg.com/vi/6I3Qyv4ek9g/default.jpg","width":120,"height":90}},"url":"https://www.youtube.com/watch?v=6I3Qyv4ek9g","searchQuery":"","pageNumber":""},{"videoId":"3HKQktLu-Yo","name":"약한 영웅들의 새로운 학원","title":"약한 영웅들의 새로운 학원","description":"ONE_하이스쿨히어로즈 #원하이스쿨히어로즈 #이정하 #김도완 #김상호 #김주령 #유희제 #육준서 #임성균 #카카오웹툰 #웹툰 ...","channelTitle":"KoreaFilm 코리아필름","channelId":"UCZAxPxS6vghaL2KkP43tlnA","publishedAt":"2025-05-28T05:23:29","thumbnails":{"medium":{"url":"https://i.ytimg.com/vi/3HKQktLu-Yo/mqdefault.jpg","width":320,"height":180},"high":{"url":"https://i.ytimg.com/vi/3HKQktLu-Yo/hqdefault.jpg","width":480,"height":360},"default":{"url":"https://i.ytimg.com/vi/3HKQktLu-Yo/default.jpg","width":120,"height":90}},"url":"https://www.youtube.com/watch?v=3HKQktLu-Yo","searchQuery":"","pageNumber":""},{"videoId":"_iiElybgtHU","name":"용병의 무기","title":"용병의 무기","description":"레전드 드라마 여기로! #레뜨로 #THEK2 레전드 영상 더 보러가기 ...","channelTitle":"디글 클래식 :Diggle Classic","channelId":"UCRMA_Nb5VF-YoWApSVeXPVA","publishedAt":"2021-12-26T12:30:09","thumbnails":{"medium":{"url":"https://i.ytimg.com/vi/_iiElybgtHU/mqdefault.jpg","width":320,"height":180},"high":{"url":"https://i.ytimg.com/vi/_iiElybgtHU/hqdefault.jpg","width":480,"height":360},"default":{"url":"https://i.ytimg.com/vi/_iiElybgtHU/default.jpg","width":120,"height":90}},"url":"https://www.youtube.com/watch?v=_iiElybgtHU","searchQuery":"","pageNumber":""},{"videoId":"2SbMB07lQAI","name":"첩보","title":"첩보","description":"강제 전학 온 국내 최악의 학교 '대훈고'에서, 지하실 '파이트클럽'에서 벌어지는 격렬한 싸움과 욕망이 뒤섞인다. 과연 그는 싸움의 ...","channelTitle":"세환's 무비월드","channelId":"UCEXWlKv0mqRuplt2IpgF36A","publishedAt":"2025-10-12T12:30:02","thumbnails":{"medium":{"url":"https://i.ytimg.com/vi/2SbMB07lQAI/mqdefault.jpg","width":320,"height":180},"high":{"url":"https://i.ytimg.com/vi/2SbMB07lQAI/hqdefault.jpg","width":480,"height":360},"default":{"url":"https://i.ytimg.com/vi/2SbMB07lQAI/default.jpg","width":120,"height":90}},"url":"https://www.youtube.com/watch?v=2SbMB07lQAI","searchQuery":"","pageNumber":""},{"videoId":"Hsa3KtMeVV0","name":"세계를 열광시키다","title":"세계를 열광시키다","description":"영화리뷰 #결말포함 #넷플릭스 우와...... 정말 재밌습니다. 처음부터 끝까지 팝콘과 콜라를 모두 순삭시킨 띵작 넷플릭스 영화!","channelTitle":"Popcorn & Coke Review","channelId":"UCQtSkfvKq209UVGGqWwNEDg","publishedAt":"2025-05-03T10:00:32","thumbnails":{"medium":{"url":"https://i.ytimg.com/vi/Hsa3KtMeVV0/mqdefault.jpg","width":320,"height":180},"high":{"url":"https://i.ytimg.com/vi/Hsa3KtMeVV0/hqdefault.jpg","width":480,"height":360},"default":{"url":"https://i.ytimg.com/vi/Hsa3KtMeVV0/default.jpg","width":120,"height":90}},"url":"https://www.youtube.com/watch?v=Hsa3KtMeVV0","searchQuery":"","pageNumber":""},{"videoId":"dyYsESnTt_E","name":"외과의사의 최후","title":"외과의사의 최후","description":"영화리뷰 #결말포함 #액션영화.","channelTitle":"하울무비","channelId":"UCfObDXCZ9mFHSdDdX1cvMqA","publishedAt":"2025-11-13T09:00:46","thumbnails":{"medium":{"url":"https://i.ytimg.com/vi/dyYsESnTt_E/mqdefault.jpg","width":320,"height":180},"high":{"url":"https://i.ytimg.com/vi/dyYsESnTt_E/hqdefault.jpg","width":480,"height":360},"default":{"url":"https://i.ytimg.com/vi/dyYsESnTt_E/default.jpg","width":120,"height":90}},"url":"https://www.youtube.com/watch?v=dyYsESnTt_E","searchQuery":"","pageNumber":""},{"videoId":"HgQyBc3gwZA","name":"허겁지겁 사살","title":"허겁지겁 사살","description":"줌인센타 #아이킬유 #강지영 #이기광 #버거형 '말죽거리 잔혹사', '비열한 거리' 액션 천재 감독이 작정하고 만든 하드보일드 액션 ...","channelTitle":"영화 줌인센타 : zOOm in Center","channelId":"UCahZQYrxOsOU02RSHDY9Qgg","publishedAt":"2025-08-22T08:45:06","thumbnails":{"medium":{"url":"https://i.ytimg.com/vi/HgQyBc3gwZA/mqdefault.jpg","width":320,"height":180},"high":{"url":"https://i.ytimg.com/vi/HgQyBc3gwZA/hqdefault.jpg","width":480,"height":360},"default":{"url":"https://i.ytimg.com/vi/HgQyBc3gwZA/default.jpg","width":120,"height":90}},"url":"https://www.youtube.com/watch?v=HgQyBc3gwZA","searchQuery":"","pageNumber":""},{"videoId":"_2mHmEgPrIk","name":"죽기 전에 반드시 봐야 하는 영화","title":"죽기 전에 반드시 봐야 하는 영화","description":"전지현 #장혁 - 비지니스 메일 : jinminch@naver.com 로 부탁드립니다! *본 영상의 저작권은 배급사에 있으며 일체의 광고비를 받지 ...","channelTitle":"인생영화: Legend Movie","channelId":"UCD3TQB9--RP2sYeDjcrLYGw","publishedAt":"2025-08-16T23:15:03","thumbnails":{"medium":{"url":"https://i.ytimg.com/vi/_2mHmEgPrIk/mqdefault.jpg","width":320,"height":180},"high":{"url":"https://i.ytimg.com/vi/_2mHmEgPrIk/hqdefault.jpg","width":480,"height":360},"default":{"url":"https://i.ytimg.com/vi/_2mHmEgPrIk/default.jpg","width":120,"height":90}},"url":"https://www.youtube.com/watch?v=_2mHmEgPrIk","searchQuery":"","pageNumber":""},{"videoId":"is5Co5omELQ","name":"조각도시","title":"조각도시","description":"조각도시 #영화 #드라마 디즈니+ 신작 시리즈 《조각도시》 는 현재 스트리밍 중입니다 출연진: 지창욱, 도경수, 양동근, 조윤수, ...","channelTitle":"넷플릭스 뽕뽑기 [엘플릭스]","channelId":"UC6GOiYQCor5ki4IHDfFg-ug","publishedAt":"2025-11-05T11:01:33","thumbnails":{"medium":{"url":"https://i.ytimg.com/vi/is5Co5omELQ/mqdefault.jpg","width":320,"height":180},"high":{"url":"https://i.ytimg.com/vi/is5Co5omELQ/hqdefault.jpg","width":480,"height":360},"default":{"url":"https://i.ytimg.com/vi/is5Co5omELQ/default.jpg","width":120,"height":90}},"url":"https://www.youtube.com/watch?v=is5Co5omELQ","searchQuery":"","pageNumber":""},{"videoId":"6aX5d19meCo","name":"우주의 반란","title":"우주의 반란","description":"안녕하세요^^ 채널 어바웃타임 입니다. 오늘 소개해드릴 작품은 헤일로 시즌1+2입니다. 00:00 시즌 1 00:59:59 시즌 2 01:29:17 시즌 ...","channelTitle":"어바웃타임 (About time)","channelId":"UCxn_EHVOJnrEJBZY2p3E6Sg","publishedAt":"2024-05-23T10:02:03","thumbnails":{"medium":{"url":"https://i.ytimg.com/vi/6aX5d19meCo/mqdefault.jpg","width":320,"height":180},"high":{"url":"https://i.ytimg.com/vi/6aX5d19meCo/hqdefault.jpg","width":480,"height":360},"default":{"url":"https://i.ytimg.com/vi/6aX5d19meCo/default.jpg","width":120,"height":90}},"url":"https://www.youtube.com/watch?v=6aX5d19meCo","searchQuery":"","pageNumber":""},{"videoId":"cgDQBzYn_M0","name":"별에서 온 그대","title":"별에서 온 그대","description":"드라마 #영화 #몰아보기 #드라마추천 #영화추천.","channelTitle":"무비타이저(Movie Appetizer)","channelId":"UC-UXS_c6-Xyo3aXYk1Wv7JQ","publishedAt":"2024-10-14T08:00:23","thumbnails":{"medium":{"url":"https://i.ytimg.com/vi/cgDQBzYn_M0/mqdefault.jpg","width":320,"height":180},"high":{"url":"https://i.ytimg.com/vi/cgDQBzYn_M0/hqdefault.jpg","width":480,"height":360},"default":{"url":"https://i.ytimg.com/vi/cgDQBzYn_M0/default.jpg","width":120,"height":90}},"url":"https://www.youtube.com/watch?v=cgDQBzYn_M0","searchQuery":"","pageNumber":""},{"videoId":"kaTpXl9QyI4","name":"홍수의 왕: 아쿠아맨","title":"홍수의 왕: 아쿠아맨","description":"압도적인 몰입감을 선사하는 애플TV+ 최신 드라마 [위대한 전사]를 소개합니다 #애플티비플러스 #카랑드라마 #위대한전사 #제이슨 ...","channelTitle":"카랑Karang","channelId":"UCcfz-8gGDYJfaRHYD7kkQpw","publishedAt":"2025-08-15T07:00:05","thumbnails":{"medium":{"url":"https://i.ytimg.com/vi/kaTpXl9QyI4/mqdefault.jpg","width":320,"height":180},"high":{"url":"https://i.ytimg.com/vi/kaTpXl9QyI4/hqdefault.jpg","width":480,"height":360},"default":{"url":"https://i.ytimg.com/vi/kaTpXl9QyI4/default.jpg","width":120,"height":90}},"url":"https://www.youtube.com/watch?v=kaTpXl9QyI4","searchQuery":"","pageNumber":""},{"videoId":"p298wAvCGr8","name":"액션 마스터 주원","title":"액션 마스터 주원","description":"[스브스캐치] 구독하기▷https://goo.gl/bnT3WD 다시보는 〈앨리스〉 명장면 싸움 수준 ㄹㅇ 실화?? 떡잎부터 달랐던 액션 마스터 ...","channelTitle":"SBS Catch","channelId":"UC3re3ueOE_6VZK85zlEUWFA","publishedAt":"2022-08-05T08:00:20","thumbnails":{"medium":{"url":"https://i.ytimg.com/vi/p298wAvCGr8/mqdefault.jpg","width":320,"height":180},"high":{"url":"https://i.ytimg.com/vi/p298wAvCGr8/hqdefault.jpg","width":480,"height":360},"default":{"url":"https://i.ytimg.com/vi/p298wAvCGr8/default.jpg","width":120,"height":90}},"url":"https://www.youtube.com/watch?v=p298wAvCGr8","searchQuery":"","pageNumber":""},{"videoId":"oR-PWy-GAFQ","name":"격동의 어둠","title":"격동의 어둠","description":"애플 TV+최고의 액션 명작 '씨-어둠의 나날' 로 미친 몰입감주의, 주무시기 전엔 클릭 금지 해주세요 영상 타임라인 ........................ 시즌 ...","channelTitle":"씨야무비(Seeya Movie)","channelId":"UC_LcjmZjh6CNEsU_856Mswg","publishedAt":"2023-06-16T05:48:32","thumbnails":{"medium":{"url":"https://i.ytimg.com/vi/oR-PWy-GAFQ/mqdefault.jpg","width":320,"height":180},"high":{"url":"https://i.ytimg.com/vi/oR-PWy-GAFQ/hqdefault.jpg","width":480,"height":360},"default":{"url":"https://i.ytimg.com/vi/oR-PWy-GAFQ/default.jpg","width":120,"height":90}},"url":"https://www.youtube.com/watch?v=oR-PWy-GAFQ","searchQuery":"","pageNumber":""},{"videoId":"Hs2mAZeAEIY","name":"고요한 전설","title":"고요한 전설","description":"영화리뷰결말포함 #일본영화 #킬러 #전설의킬러 #명품영화.","channelTitle":"달콤 리뷰","channelId":"UCOXnyjUZjSn4Joy9CtyhXAg","publishedAt":"2025-10-25T09:35:42","thumbnails":{"medium":{"url":"https://i.ytimg.com/vi/Hs2mAZeAEIY/mqdefault.jpg","width":320,"height":180},"high":{"url":"https://i.ytimg.com/vi/Hs2mAZeAEIY/hqdefault.jpg","width":480,"height":360},"default":{"url":"https://i.ytimg.com/vi/Hs2mAZeAEIY/default.jpg","width":120,"height":90}},"url":"https://www.youtube.com/watch?v=Hs2mAZeAEIY","searchQuery":"","pageNumber":""},{"videoId":"Eyy3Hgpsz-8","name":"도파민 대폭발","title":"도파민 대폭발","description":"00:00 미션 파서블 (Mission: Possible, 2020) - 나이프 파이팅 02:09 황야 (Badland Hunters, 2024) - 샷건을 든 마동석 04:50 신세계 ...","channelTitle":"무비쀼","channelId":"UC5URebNxtMvObHq7aKSyUSQ","publishedAt":"2024-04-20T00:01:27","thumbnails":{"medium":{"url":"https://i.ytimg.com/vi/Eyy3Hgpsz-8/mqdefault.jpg","width":320,"height":180},"high":{"url":"https://i.ytimg.com/vi/Eyy3Hgpsz-8/hqdefault.jpg","width":480,"height":360},"default":{"url":"https://i.ytimg.com/vi/Eyy3Hgpsz-8/default.jpg","width":120,"height":90}},"url":"https://www.youtube.com/watch?v=Eyy3Hgpsz-8","searchQuery":"","pageNumber":""},{"videoId":"LzeGg8gLx6E","name":"암살자들의 도시: 더 컨티넨탈","title":"암살자들의 도시: 더 컨티넨탈","description":"더컨티넨탈 비즈니스 문의: letswatchcontactus@gmail.com *영화 제목은 영상 초반 우측상단에 있습니다.   *영상의 저작권은 모두 ...","channelTitle":"레츠워치","channelId":"UCnHfavZABe-QP17B-t3Pkew","publishedAt":"2024-05-03T08:45:00","thumbnails":{"medium":{"url":"https://i.ytimg.com/vi/LzeGg8gLx6E/mqdefault.jpg","width":320,"height":180},"high":{"url":"https://i.ytimg.com/vi/LzeGg8gLx6E/hqdefault.jpg","width":480,"height":360},"default":{"url":"https://i.ytimg.com/vi/LzeGg8gLx6E/default.jpg","width":120,"height":90}},"url":"https://www.youtube.com/watch?v=LzeGg8gLx6E","searchQuery":"","pageNumber":""},{"videoId":"mvQ0b2h4gUE","name":"점호선","title":"점호선","description":"마동석 #범죄도시 #범죄도시1 #범죄도시2 #범죄도시3 #영화리뷰 #영화 #영화추천.","channelTitle":"JJ._.J","channelId":"UCmqY3qV0YuPJAbPHDL9qLuA","publishedAt":"2024-05-24T14:54:24","thumbnails":{"medium":{"url":"https://i.ytimg.com/vi/mvQ0b2h4gUE/mqdefault.jpg","width":320,"height":180},"high":{"url":"https://i.ytimg.com/vi/mvQ0b2h4gUE/hqdefault.jpg","width":480,"height":360},"default":{"url":"https://i.ytimg.com/vi/mvQ0b2h4gUE/default.jpg","width":120,"height":90}},"url":"https://www.youtube.com/watch?v=mvQ0b2h4gUE","searchQuery":"","pageNumber":""},{"videoId":"j3qHUnkcFuY","name":"일진 매니저의 위험한 일상","title":"일진 매니저의 위험한 일상","description":"유튜브 1000만뷰를 기록했던 [멜로가 체질] 손석구외 서브커플 정주행~ #카랑 #드라마추천 #손석구 #전여빈 #이주빈 #김명준 ...","channelTitle":"카랑Karang","channelId":"UCcfz-8gGDYJfaRHYD7kkQpw","publishedAt":"2023-04-17T09:59:14","thumbnails":{"medium":{"url":"https://i.ytimg.com/vi/j3qHUnkcFuY/mqdefault.jpg","width":320,"height":180},"high":{"url":"https://i.ytimg.com/vi/j3qHUnkcFuY/hqdefault.jpg","width":480,"height":360},"default":{"url":"https://i.ytimg.com/vi/j3qHUnkcFuY/default.jpg","width":120,"height":90}},"url":"https://www.youtube.com/watch?v=j3qHUnkcFuY","searchQuery":"","pageNumber":""},{"videoId":"Heg_CdXd028","name":"후계자의 오만한 선택","title":"후계자의 오만한 선택","description":"한국영화, 영화리뷰 결말포함 한방에 몰아보기.","channelTitle":"영화리뷰하는사람","channelId":"UCu4SDxJgLoSnNwdWG4SDj7A","publishedAt":"2024-11-14T14:13:08","thumbnails":{"medium":{"url":"https://i.ytimg.com/vi/Heg_CdXd028/mqdefault.jpg","width":320,"height":180},"high":{"url":"https://i.ytimg.com/vi/Heg_CdXd028/hqdefault.jpg","width":480,"height":360},"default":{"url":"https://i.ytimg.com/vi/Heg_CdXd028/default.jpg","width":120,"height":90}},"url":"https://www.youtube.com/watch?v=Heg_CdXd028","searchQuery":"","pageNumber":""},{"videoId":"256LdRAcF0Y","name":"주류 전쟁","title":"주류 전쟁","description":"ena드라마 #김시선 #김세정 #취하는로맨스 #이종원 오늘 소개한 드라마 ≪취하는 로맨스≫ 지금 바로 지니 TV, 지니 TV 모바일, ...","channelTitle":"김시선","channelId":"UC79hJz6y1EEiIkwfHOuWC4w","publishedAt":"2024-11-06T08:00:01","thumbnails":{"medium":{"url":"https://i.ytimg.com/vi/256LdRAcF0Y/mqdefault.jpg","width":320,"height":180},"high":{"url":"https://i.ytimg.com/vi/256LdRAcF0Y/hqdefault.jpg","width":480,"height":360},"default":{"url":"https://i.ytimg.com/vi/256LdRAcF0Y/default.jpg","width":120,"height":90}},"url":"https://www.youtube.com/watch?v=256LdRAcF0Y","searchQuery":"","pageNumber":""},{"videoId":"9QON1odnkUY","name":"사마귀: 살인자의 외출","title":"사마귀: 살인자의 외출","description":"[사마귀: 살인자의 외출] 1-2화 리뷰입니다. 이 영상엔 유료광고가 포함되어 있습니다. #고현정 #사마귀 #SBS금토밤9시50분.","channelTitle":"고몽","channelId":"UCpcft4FJXgUjnxWoQYsl7Ug","publishedAt":"2025-09-07T01:00:14","thumbnails":{"medium":{"url":"https://i.ytimg.com/vi/9QON1odnkUY/mqdefault.jpg","width":320,"height":180},"high":{"url":"https://i.ytimg.com/vi/9QON1odnkUY/hqdefault.jpg","width":480,"height":360},"default":{"url":"https://i.ytimg.com/vi/9QON1odnkUY/default.jpg","width":120,"height":90}},"url":"https://www.youtube.com/watch?v=9QON1odnkUY","searchQuery":"","pageNumber":""},{"videoId":"wGjlEpreY_Y","name":"위장한 요원","title":"위장한 요원","description":"지무비 #드라마 #언더커버하이스쿨 드라마 《언더커버 하이스쿨》, 1화~2화의 내용입니다. 채널 MBC에서 매주 금,토 밤 9시 50분 ...","channelTitle":"지무비 : G Movie","channelId":"UCaHGOzOyeYzLQeKsVkfLEGA","publishedAt":"2025-02-23T01:00:49","thumbnails":{"medium":{"url":"https://i.ytimg.com/vi/wGjlEpreY_Y/mqdefault.jpg","width":320,"height":180},"high":{"url":"https://i.ytimg.com/vi/wGjlEpreY_Y/hqdefault.jpg","width":480,"height":360},"default":{"url":"https://i.ytimg.com/vi/wGjlEpreY_Y/default.jpg","width":120,"height":90}},"url":"https://www.youtube.com/watch?v=wGjlEpreY_Y","searchQuery":"","pageNumber":""},{"videoId":"7Ke1tTvGZYE","name":"신의 경고","title":"신의 경고","description":"단죄#드라마리뷰#씨네포유#신작드라마 드라마 ≪단죄≫ 1화~4화의 내용입니다 드라맥스와 웨이브를 통해 9월 24일 첫공개 ...","channelTitle":"씨네포유 cine4u","channelId":"UC7O9w0nxtdS8zmigyWfXKIA","publishedAt":"2025-10-02T13:58:56","thumbnails":{"medium":{"url":"https://i.ytimg.com/vi/7Ke1tTvGZYE/mqdefault.jpg","width":320,"height":180},"high":{"url":"https://i.ytimg.com/vi/7Ke1tTvGZYE/hqdefault.jpg","width":480,"height":360},"default":{"url":"https://i.ytimg.com/vi/7Ke1tTvGZYE/default.jpg","width":120,"height":90}},"url":"https://www.youtube.com/watch?v=7Ke1tTvGZYE","searchQuery":"","pageNumber":""},{"videoId":"CdsWijB-zfo","name":"음모","title":"음모","description":"인생 리셋까지 카운트다운 3개월! 한 방을 꿈꾸며 시한부 재벌 회장과 계약 결혼을 감행한 흙수저 여자 경호원이 막대한 유산을 노리는 ...","channelTitle":"김시선","channelId":"UC79hJz6y1EEiIkwfHOuWC4w","publishedAt":"2025-10-01T08:00:25","thumbnails":{"medium":{"url":"https://i.ytimg.com/vi/CdsWijB-zfo/mqdefault.jpg","width":320,"height":180},"high":{"url":"https://i.ytimg.com/vi/CdsWijB-zfo/hqdefault.jpg","width":480,"height":360},"default":{"url":"https://i.ytimg.com/vi/CdsWijB-zfo/default.jpg","width":120,"height":90}},"url":"https://www.youtube.com/watch?v=CdsWijB-zfo","searchQuery":"","pageNumber":""},{"videoId":"KBksXLOMFyw","name":"인디아나 존스의 후예들","title":"인디아나 존스의 후예들","description":"애플TV+의 최신 액션스릴러  젊음의 샘  을 소개합니다! #애플티비플러스 #나탈리포트만 #젊음의샘 #카랑영화 애플TV+ [젊음의 ...","channelTitle":"카랑Karang","channelId":"UCcfz-8gGDYJfaRHYD7kkQpw","publishedAt":"2025-06-06T11:13:57","thumbnails":{"medium":{"url":"https://i.ytimg.com/vi/KBksXLOMFyw/mqdefault.jpg","width":320,"height":180},"high":{"url":"https://i.ytimg.com/vi/KBksXLOMFyw/hqdefault.jpg","width":480,"height":360},"default":{"url":"https://i.ytimg.com/vi/KBksXLOMFyw/default.jpg","width":120,"height":90}},"url":"https://www.youtube.com/watch?v=KBksXLOMFyw","searchQuery":"","pageNumber":""},{"videoId":"djdjo9kkqEs","name":"알라 바이쿤타푸람루 텔루구 액션 드라마","title":"알라 바이쿤타푸람루 텔루구 액션 드라마","description":"WATCH & ENJOY : Ala Vaikunthapurramuloo Telugu Action Drama Full HD Movie | Allu Arjun & Pooja Hegde: ...","channelTitle":"TFC Films ","channelId":"UCl_y6GC5Y2mlRAZZB8FVqEw","publishedAt":"2025-11-15T02:30:37","thumbnails":{"medium":{"url":"https://i.ytimg.com/vi/djdjo9kkqEs/mqdefault.jpg","width":320,"height":180},"high":{"url":"https://i.ytimg.com/vi/djdjo9kkqEs/hqdefault.jpg","width":480,"height":360},"default":{"url":"https://i.ytimg.com/vi/djdjo9kkqEs/default.jpg","width":120,"height":90}},"url":"https://www.youtube.com/watch?v=djdjo9kkqEs","searchQuery":"","pageNumber":""},{"videoId":"_lPa2iLdIe4","name":"사이다 액션의 극치","title":"사이다 액션의 극치","description":"돌아온 달콤살벌! 좋아요,구독은 사랑입니다요♥ 월 2990원 멤버십 가입 ...","channelTitle":"무비쀼","channelId":"UC5URebNxtMvObHq7aKSyUSQ","publishedAt":"2025-01-02T01:23:29","thumbnails":{"medium":{"url":"https://i.ytimg.com/vi/_lPa2iLdIe4/mqdefault.jpg","width":320,"height":180},"high":{"url":"https://i.ytimg.com/vi/_lPa2iLdIe4/hqdefault.jpg","width":480,"height":360},"default":{"url":"https://i.ytimg.com/vi/_lPa2iLdIe4/default.jpg","width":120,"height":90}},"url":"https://www.youtube.com/watch?v=_lPa2iLdIe4","searchQuery":"","pageNumber":""},{"videoId":"ehlkvmdgAhc","name":"돈 빠가사이드","title":"돈 빠가사이드","description":"돈 믿고 까부는 무개념 갑질은 돈으로 쳐바르는 게 국룰! 이 연애는 불가항력 1화~6화 몰아보기입니다. #조보아 #로운 #jtbc 드라마 ...","channelTitle":"씨야무비(Seeya Movie)","channelId":"UC_LcjmZjh6CNEsU_856Mswg","publishedAt":"2025-08-20T09:01:03","thumbnails":{"medium":{"url":"https://i.ytimg.com/vi/ehlkvmdgAhc/mqdefault.jpg","width":320,"height":180},"high":{"url":"https://i.ytimg.com/vi/ehlkvmdgAhc/hqdefault.jpg","width":480,"height":360},"default":{"url":"https://i.ytimg.com/vi/ehlkvmdgAhc/default.jpg","width":120,"height":90}},"url":"https://www.youtube.com/watch?v=ehlkvmdgAhc","searchQuery":"","pageNumber":""},{"videoId":"SqRsX5QxcuM","name":"무림 쿠데타","title":"무림 쿠데타","description":"고려 말 조선 초를 배경으로 각자의 신념이 말하는 '나의 나라'를 두고 서로에게 칼끝을 겨누며 권력과 수호에 관한 욕망을 폭발적으로 ...","channelTitle":"김시선","channelId":"UC79hJz6y1EEiIkwfHOuWC4w","publishedAt":"2025-05-18T01:00:28","thumbnails":{"medium":{"url":"https://i.ytimg.com/vi/SqRsX5QxcuM/mqdefault.jpg","width":320,"height":180},"high":{"url":"https://i.ytimg.com/vi/SqRsX5QxcuM/hqdefault.jpg","width":480,"height":360},"default":{"url":"https://i.ytimg.com/vi/SqRsX5QxcuM/default.jpg","width":120,"height":90}},"url":"https://www.youtube.com/watch?v=SqRsX5QxcuM","searchQuery":"","pageNumber":""},{"videoId":"dKXd7Cti9n8","name":"액션 느와르 드라마","title":"액션 느와르 드라마","description":"드라마리뷰 #드라마몰아보기 #김성오 #박세완 #송건희 #최종병기앨리스 #드라마 왓챠 오리지널 ≪최종병기 앨리스≫ 입니다 본 ...","channelTitle":"무비아저씨","channelId":"UCprylW0H2OQ4I7Sw7I7XbIg","publishedAt":"2024-02-05T08:15:01","thumbnails":{"medium":{"url":"https://i.ytimg.com/vi/dKXd7Cti9n8/mqdefault.jpg","width":320,"height":180},"high":{"url":"https://i.ytimg.com/vi/dKXd7Cti9n8/hqdefault.jpg","width":480,"height":360},"default":{"url":"https://i.ytimg.com/vi/dKXd7Cti9n8/default.jpg","width":120,"height":90}},"url":"https://www.youtube.com/watch?v=dKXd7Cti9n8","searchQuery":"","pageNumber":""},{"videoId":"NNyux6Jp9s8","name":"피의 복수","title":"피의 복수","description":"영화리뷰 #헬무비 줄거리 - 타마라는 폭력적인 마을에서 실종된 아들을 찾아 나선다. 그녀는 도덕적으로 문제가 있는 전직 형사를 ...","channelTitle":"헬무비: Hell Movie","channelId":"UCYuOOjRoyXbhJHrN01yHOnA","publishedAt":"2025-08-27T11:00:09","thumbnails":{"medium":{"url":"https://i.ytimg.com/vi/NNyux6Jp9s8/mqdefault.jpg","width":320,"height":180},"high":{"url":"https://i.ytimg.com/vi/NNyux6Jp9s8/hqdefault.jpg","width":480,"height":360},"default":{"url":"https://i.ytimg.com/vi/NNyux6Jp9s8/default.jpg","width":120,"height":90}},"url":"https://www.youtube.com/watch?v=NNyux6Jp9s8","searchQuery":"","pageNumber":""},{"videoId":"Q-8e94NSccY","name":"악마와의 협상","title":"악마와의 협상","description":"[스브스캐치] 구독하기▷https://goo.gl/bnT3WD 다시보는 〈일지매〉 명장면 미쳐버린 액션으로 26분을 순삭시키는 조선의 절대 ...","channelTitle":"SBS Catch","channelId":"UC3re3ueOE_6VZK85zlEUWFA","publishedAt":"2023-10-09T04:00:12","thumbnails":{"medium":{"url":"https://i.ytimg.com/vi/Q-8e94NSccY/mqdefault.jpg","width":320,"height":180},"high":{"url":"https://i.ytimg.com/vi/Q-8e94NSccY/hqdefault.jpg","width":480,"height":360},"default":{"url":"https://i.ytimg.com/vi/Q-8e94NSccY/default.jpg","width":120,"height":90}},"url":"https://www.youtube.com/watch?v=Q-8e94NSccY","searchQuery":"","pageNumber":""},{"videoId":"NXq9d-k7lQc","name":"사랑의 최종답안","title":"사랑의 최종답안","description":"'구독'옆에 《종》을 눌러 《전체알림》설정하면 가장 빨리 최신 영상을 시청할 수 있습니다. #캡틴라미 #영화리뷰 #영화소개 #드라마 ...","channelTitle":"캡틴라미[captain ramy]","channelId":"UCVE-zq_yK_InhsVaJPQEttw","publishedAt":"2025-05-28T06:31:04","thumbnails":{"medium":{"url":"https://i.ytimg.com/vi/NXq9d-k7lQc/mqdefault.jpg","width":320,"height":180},"high":{"url":"https://i.ytimg.com/vi/NXq9d-k7lQc/hqdefault.jpg","width":480,"height":360},"default":{"url":"https://i.ytimg.com/vi/NXq9d-k7lQc/default.jpg","width":120,"height":90}},"url":"https://www.youtube.com/watch?v=NXq9d-k7lQc","searchQuery":"","pageNumber":""},{"videoId":"0AyDdRHI5iE","name":"좀비 여고 일진승무원","title":"좀비 여고 일진승무원","description":"영화에 관한 모든것 : 올댓무비 (ALL THAT MOVIE) 모든문의 및 배급사들의 리뷰 요청 대환영!! ▷ haravang@gmail.com ...","channelTitle":"올댓무비 : ALL THAT MOVIE","channelId":"UC07XtT6X8R9e0Dwh7NNj5Qg","publishedAt":"2024-06-27T11:31:30","thumbnails":{"medium":{"url":"https://i.ytimg.com/vi/0AyDdRHI5iE/mqdefault.jpg","width":320,"height":180},"high":{"url":"https://i.ytimg.com/vi/0AyDdRHI5iE/hqdefault.jpg","width":480,"height":360},"default":{"url":"https://i.ytimg.com/vi/0AyDdRHI5iE/default.jpg","width":120,"height":90}},"url":"https://www.youtube.com/watch?v=0AyDdRHI5iE","searchQuery":"","pageNumber":""},{"videoId":"1WLsrylkGf8","name":"힘을 숨긴 MZ알바생의 복수","title":"힘을 숨긴 MZ알바생의 복수","description":"","channelTitle":"시네마녀","channelId":"UCZQ4HabX_d9IJanFajhUW9A","publishedAt":"2025-10-05T13:04:50","thumbnails":{"medium":{"url":"https://i.ytimg.com/vi/1WLsrylkGf8/mqdefault.jpg","width":320,"height":180},"high":{"url":"https://i.ytimg.com/vi/1WLsrylkGf8/hqdefault.jpg","width":480,"height":360},"default":{"url":"https://i.ytimg.com/vi/1WLsrylkGf8/default.jpg","width":120,"height":90}},"url":"https://www.youtube.com/watch?v=1WLsrylkGf8","searchQuery":"","pageNumber":""},{"videoId":"z3Jb7tEJwjw","name":"쌈짱 히트맨","title":"쌈짱 히트맨","description":"권상우?! 영화 ≪히트맨2≫ 1월 22일 극장 개봉 #권상우 #정준호 #이이경 #황우슬혜 #김성오 #이지원 웃기려고 작정했다!","channelTitle":"김시선","channelId":"UC79hJz6y1EEiIkwfHOuWC4w","publishedAt":"2025-01-18T01:00:45","thumbnails":{"medium":{"url":"https://i.ytimg.com/vi/z3Jb7tEJwjw/mqdefault.jpg","width":320,"height":180},"high":{"url":"https://i.ytimg.com/vi/z3Jb7tEJwjw/hqdefault.jpg","width":480,"height":360},"default":{"url":"https://i.ytimg.com/vi/z3Jb7tEJwjw/default.jpg","width":120,"height":90}},"url":"https://www.youtube.com/watch?v=z3Jb7tEJwjw","searchQuery":"","pageNumber":""},{"videoId":"fnE3CZt9r-o","name":"싸움의 신","title":"싸움의 신","description":"웨이브 #아이킬유 #신작드라마 #드라마리뷰 #드라마몰아보기 #액션영화 #일진영화리뷰 #wavve #웹툰 오늘 소개해드린 작품은 신작 ...","channelTitle":"씨네포유 cine4u","channelId":"UC7O9w0nxtdS8zmigyWfXKIA","publishedAt":"2025-08-22T07:59:45","thumbnails":{"medium":{"url":"https://i.ytimg.com/vi/fnE3CZt9r-o/mqdefault.jpg","width":320,"height":180},"high":{"url":"https://i.ytimg.com/vi/fnE3CZt9r-o/hqdefault.jpg","width":480,"height":360},"default":{"url":"https://i.ytimg.com/vi/fnE3CZt9r-o/default.jpg","width":120,"height":90}},"url":"https://www.youtube.com/watch?v=fnE3CZt9r-o","searchQuery":"","pageNumber":""},{"videoId":"bfxWTYmd3lc","name":"시간의 선순환","title":"시간의 선순환","description":"이서진 #이주영 #wavve #드라마몰아보기 안녕하세요 ! 뭅픽 입니다. 저희 채널 찾아주셔서 정말정말 감사합니다 ~ 앞으로도 재밌는 ...","channelTitle":"뭅픽","channelId":"UCt3lcgvCgAHyobATioEQpIQ","publishedAt":"2025-09-19T08:00:54","thumbnails":{"medium":{"url":"https://i.ytimg.com/vi/bfxWTYmd3lc/mqdefault.jpg","width":320,"height":180},"high":{"url":"https://i.ytimg.com/vi/bfxWTYmd3lc/hqdefault.jpg","width":480,"height":360},"default":{"url":"https://i.ytimg.com/vi/bfxWTYmd3lc/default.jpg","width":120,"height":90}},"url":"https://www.youtube.com/watch?v=bfxWTYmd3lc","searchQuery":"","pageNumber":""},{"videoId":"QXfe4j-NoOQ","name":"쇼크웨이브","title":"쇼크웨이브","description":"시간순삭...!! 자숙하고 있는 킬러 건드렸더니...ㄷㄷ[넷플릭스 영화리뷰 결말포함] 제목은 영상 끝에 표기해놨습니다 끝까지 재밌게 ...","channelTitle":"순삭리뷰","channelId":"UCsRSFzTXm5mhCZqn-TSHIcA","publishedAt":"2025-01-10T09:00:35","thumbnails":{"medium":{"url":"https://i.ytimg.com/vi/QXfe4j-NoOQ/mqdefault.jpg","width":320,"height":180},"high":{"url":"https://i.ytimg.com/vi/QXfe4j-NoOQ/hqdefault.jpg","width":480,"height":360},"default":{"url":"https://i.ytimg.com/vi/QXfe4j-NoOQ/default.jpg","width":120,"height":90}},"url":"https://www.youtube.com/watch?v=QXfe4j-NoOQ","searchQuery":"","pageNumber":""},{"videoId":"aUHSL2k6sAY","name":"전생에 강한 여자, 미완의 계승자","title":"전생에 강한 여자, 미완의 계승자","description":"인생 리셋까지 카운트다운 3개월! 한 방을 꿈꾸며 시한부 재벌 회장과 계약 결혼을 감행한 흙수저 여자 경호원이 막대한 유산을 노리는 ...","channelTitle":"김시선","channelId":"UC79hJz6y1EEiIkwfHOuWC4w","publishedAt":"2025-10-15T08:00:02","thumbnails":{"medium":{"url":"https://i.ytimg.com/vi/aUHSL2k6sAY/mqdefault.jpg","width":320,"height":180},"high":{"url":"https://i.ytimg.com/vi/aUHSL2k6sAY/hqdefault.jpg","width":480,"height":360},"default":{"url":"https://i.ytimg.com/vi/aUHSL2k6sAY/default.jpg","width":120,"height":90}},"url":"https://www.youtube.com/watch?v=aUHSL2k6sAY","searchQuery":"","pageNumber":""},{"videoId":"JbvrpKXwWe0","name":"특수요원의 예의범저","title":"특수요원의 예의범저","description":"The k2 의 고티꿀 영상입니다! #지창욱 #윤아 고몽 즐거움앳홈파티 콘텐츠는 자발적 리뷰 콘텐츠입니다 (1원의 돈도 받지 않은 자발적 ...","channelTitle":"고몽","channelId":"UCpcft4FJXgUjnxWoQYsl7Ug","publishedAt":"2021-01-08T06:48:01","thumbnails":{"medium":{"url":"https://i.ytimg.com/vi/JbvrpKXwWe0/mqdefault.jpg","width":320,"height":180},"high":{"url":"https://i.ytimg.com/vi/JbvrpKXwWe0/hqdefault.jpg","width":480,"height":360},"default":{"url":"https://i.ytimg.com/vi/JbvrpKXwWe0/default.jpg","width":120,"height":90}},"url":"https://www.youtube.com/watch?v=JbvrpKXwWe0","searchQuery":"","pageNumber":""},{"videoId":"uXoxYs-Nhok","name":"곡산 검법의 마지막 전승자","title":"곡산 검법의 마지막 전승자","description":"속이 뻥 뚫리는 미친 액션! 곡산 검법의 마지막 전승자 #육룡이나르샤 #척사광 #한예리 장면을 모아왔습니다!⚔ ♨육룡이 나르샤 타임 ...","channelTitle":"SBS 옛날 드라마 - 빽드","channelId":"UC41Vyqs1wSY0FTMqDsLsELA","publishedAt":"2024-10-27T08:00:40","thumbnails":{"medium":{"url":"https://i.ytimg.com/vi/uXoxYs-Nhok/mqdefault.jpg","width":320,"height":180},"high":{"url":"https://i.ytimg.com/vi/uXoxYs-Nhok/hqdefault.jpg","width":480,"height":360},"default":{"url":"https://i.ytimg.com/vi/uXoxYs-Nhok/default.jpg","width":120,"height":90}},"url":"https://www.youtube.com/watch?v=uXoxYs-Nhok","searchQuery":"","pageNumber":""},{"videoId":"vK1tGN-V5n4","name":"파인: 촌뜨기들","title":"파인: 촌뜨기들","description":"지무비 #드라마 #파인촌뜨기들 디즈니+의 오리지널 시리즈 ≪파인: 촌뜨기들≫, 1화~3화의 내용입니다. 현재 디즈니+에서 감상 ...","channelTitle":"지무비 : G Movie","channelId":"UCaHGOzOyeYzLQeKsVkfLEGA","publishedAt":"2025-07-16T09:30:37","thumbnails":{"medium":{"url":"https://i.ytimg.com/vi/vK1tGN-V5n4/mqdefault.jpg","width":320,"height":180},"high":{"url":"https://i.ytimg.com/vi/vK1tGN-V5n4/hqdefault.jpg","width":480,"height":360},"default":{"url":"https://i.ytimg.com/vi/vK1tGN-V5n4/default.jpg","width":120,"height":90}},"url":"https://www.youtube.com/watch?v=vK1tGN-V5n4","searchQuery":"","pageNumber":""},{"videoId":"l9MLHQqz4OY","name":"참교육","title":"참교육","description":"지무비 #드라마 #모범택시2 드라마 ≪모범택시2≫, 1화~2화의 내용입니다. 채널 SBS에서 매주 금,토 밤 10시 방영됩니다.","channelTitle":"지무비 : G Movie","channelId":"UCaHGOzOyeYzLQeKsVkfLEGA","publishedAt":"2023-02-19T01:04:08","thumbnails":{"medium":{"url":"https://i.ytimg.com/vi/l9MLHQqz4OY/mqdefault.jpg","width":320,"height":180},"high":{"url":"https://i.ytimg.com/vi/l9MLHQqz4OY/hqdefault.jpg","width":480,"height":360},"default":{"url":"https://i.ytimg.com/vi/l9MLHQqz4OY/default.jpg","width":120,"height":90}},"url":"https://www.youtube.com/watch?v=l9MLHQqz4OY","searchQuery":"","pageNumber":""},{"videoId":"qlBCOVI9R-M","name":"엘리트의 저주","title":"엘리트의 저주","description":"무비트립 #단죄 #웨이브 #지승현 #액션 #드라마 #드라마추천 #드라마리뷰 #신작드라마 #드라마몰아보기#B 구독자 여러분, ...","channelTitle":"movie trip 무비트립","channelId":"UCpr2S3SBmyjvrx9Q4pLUZHw","publishedAt":"2025-10-02T14:01:30","thumbnails":{"medium":{"url":"https://i.ytimg.com/vi/qlBCOVI9R-M/mqdefault.jpg","width":320,"height":180},"high":{"url":"https://i.ytimg.com/vi/qlBCOVI9R-M/hqdefault.jpg","width":480,"height":360},"default":{"url":"https://i.ytimg.com/vi/qlBCOVI9R-M/default.jpg","width":120,"height":90}},"url":"https://www.youtube.com/watch?v=qlBCOVI9R-M","searchQuery":"","pageNumber":""},{"videoId":"T9Dt20IYOmA","name":"삶을 위한 한 방","title":"삶을 위한 한 방","description":"드라마: 아이 킬 유 1-3회 ‍   어바웃타임 멤버십 가입 https://www.youtube.com/channel/UCxn_EHVOJnrEJBZY2p3E6Sg/join ...","channelTitle":"어바웃타임 (About time)","channelId":"UCxn_EHVOJnrEJBZY2p3E6Sg","publishedAt":"2025-08-22T08:00:26","thumbnails":{"medium":{"url":"https://i.ytimg.com/vi/T9Dt20IYOmA/mqdefault.jpg","width":320,"height":180},"high":{"url":"https://i.ytimg.com/vi/T9Dt20IYOmA/hqdefault.jpg","width":480,"height":360},"default":{"url":"https://i.ytimg.com/vi/T9Dt20IYOmA/default.jpg","width":120,"height":90}},"url":"https://www.youtube.com/watch?v=T9Dt20IYOmA","searchQuery":"","pageNumber":""},{"videoId":"yQeFgDKYM7A","name":"시간을 건너는 수사","title":"시간을 건너는 수사","description":"최진혁 #윤현민 #netflix #드라마몰아보기 시청해 주셔서 감사합니다. 구독과 좋아요는 저에게 큰 힘이 됩니다. 본 영상은 유튜브 ...","channelTitle":"무비N","channelId":"UCb1fpjLn63ibZE4aWtGBKWw","publishedAt":"2025-09-16T08:00:21","thumbnails":{"medium":{"url":"https://i.ytimg.com/vi/yQeFgDKYM7A/mqdefault.jpg","width":320,"height":180},"high":{"url":"https://i.ytimg.com/vi/yQeFgDKYM7A/hqdefault.jpg","width":480,"height":360},"default":{"url":"https://i.ytimg.com/vi/yQeFgDKYM7A/default.jpg","width":120,"height":90}},"url":"https://www.youtube.com/watch?v=yQeFgDKYM7A","searchQuery":"","pageNumber":""},{"videoId":"1MqokFpUXpU","name":"최강 여고생 VS 재벌 일진","title":"최강 여고생 VS 재벌 일진","description":"가난하고 고단한 삶을 살아가는 전직 태권도 유망주 강선우. 아픈 과거를 안고 살아가던 어느 날, 그녀는 우연히 한지연이라는 인물과 ...","channelTitle":"김시선","channelId":"UC79hJz6y1EEiIkwfHOuWC4w","publishedAt":"2025-08-22T08:00:04","thumbnails":{"medium":{"url":"https://i.ytimg.com/vi/1MqokFpUXpU/mqdefault.jpg","width":320,"height":180},"high":{"url":"https://i.ytimg.com/vi/1MqokFpUXpU/hqdefault.jpg","width":480,"height":360},"default":{"url":"https://i.ytimg.com/vi/1MqokFpUXpU/default.jpg","width":120,"height":90}},"url":"https://www.youtube.com/watch?v=1MqokFpUXpU","searchQuery":"","pageNumber":""},{"videoId":"LOTEH48Oav8","name":"치킨 빠져들다","title":"치킨 빠져들다","description":"시쳤해주셔서 감사합니다.","channelTitle":"라이크어무비","channelId":"UCZZLitetDJATgDM85c19CWA","publishedAt":"2025-03-13T09:01:20","thumbnails":{"medium":{"url":"https://i.ytimg.com/vi/LOTEH48Oav8/mqdefault.jpg","width":320,"height":180},"high":{"url":"https://i.ytimg.com/vi/LOTEH48Oav8/hqdefault.jpg","width":480,"height":360},"default":{"url":"https://i.ytimg.com/vi/LOTEH48Oav8/default.jpg","width":120,"height":90}},"url":"https://www.youtube.com/watch?v=LOTEH48Oav8","searchQuery":"","pageNumber":""},{"videoId":"8H6atVmHZBg","name":"용감한 서행객","title":"용감한 서행객","description":"【영화명】 《서행객잔》 【출연진】 任宇 Yu Ren / 张星瑶 Xingyao Zhang 【설명】 누런 사막 땅에서 말을 쫓아 유랑하던 지사는 ...","channelTitle":"iQIYI 한글자막 영화 - Get the iQIYI APP","channelId":"UCk7pMgsgMvvyIb1f0khc89A","publishedAt":"2024-10-20T12:00:06","thumbnails":{"medium":{"url":"https://i.ytimg.com/vi/8H6atVmHZBg/mqdefault.jpg","width":320,"height":180},"high":{"url":"https://i.ytimg.com/vi/8H6atVmHZBg/hqdefault.jpg","width":480,"height":360},"default":{"url":"https://i.ytimg.com/vi/8H6atVmHZBg/default.jpg","width":120,"height":90}},"url":"https://www.youtube.com/watch?v=8H6atVmHZBg","searchQuery":"","pageNumber":""},{"videoId":"iyd60Nqjs7Y","name":"기억의 미로","title":"기억의 미로","description":"리멤버 #아들의전쟁 #남궁민 #유승호 #박성웅 #박민영 출근한 뒤 눈치 보면서 만드는 '출근후리뷰' 결말 포함 스포가 있습니다 SBS ...","channelTitle":"SBS 옛날 드라마 - 빽드","channelId":"UC41Vyqs1wSY0FTMqDsLsELA","publishedAt":"2025-09-18T08:00:49","thumbnails":{"medium":{"url":"https://i.ytimg.com/vi/iyd60Nqjs7Y/mqdefault.jpg","width":320,"height":180},"high":{"url":"https://i.ytimg.com/vi/iyd60Nqjs7Y/hqdefault.jpg","width":480,"height":360},"default":{"url":"https://i.ytimg.com/vi/iyd60Nqjs7Y/default.jpg","width":120,"height":90}},"url":"https://www.youtube.com/watch?v=iyd60Nqjs7Y","searchQuery":"","pageNumber":""},{"videoId":"NhQRxFj14TM","name":"화끈한 상남자","title":"화끈한 상남자","description":"전쟁 #해병대 #밀덕리뷰 https://www.youtube.com/playlist?list=PL36MW_-O7XGnu1fGMJpJZ-47m_AqRgmol ...","channelTitle":"무비드 : Movie & Drama","channelId":"UC-cIG4Cxp3dtfMjm_XNbUUg","publishedAt":"2024-10-19T04:34:59","thumbnails":{"medium":{"url":"https://i.ytimg.com/vi/NhQRxFj14TM/mqdefault.jpg","width":320,"height":180},"high":{"url":"https://i.ytimg.com/vi/NhQRxFj14TM/hqdefault.jpg","width":480,"height":360},"default":{"url":"https://i.ytimg.com/vi/NhQRxFj14TM/default.jpg","width":120,"height":90}},"url":"https://www.youtube.com/watch?v=NhQRxFj14TM","searchQuery":"","pageNumber":""},{"videoId":"wF5LAFRGZU0","name":"전설의 야쿠자","title":"전설의 야쿠자","description":"결말포함 #영화리뷰.","channelTitle":"멀더의 무비파일 season2","channelId":"UCwsEYFN_Mzleq7_V5MiR5ow","publishedAt":"2025-06-01T09:30:24","thumbnails":{"medium":{"url":"https://i.ytimg.com/vi/wF5LAFRGZU0/mqdefault.jpg","width":320,"height":180},"high":{"url":"https://i.ytimg.com/vi/wF5LAFRGZU0/hqdefault.jpg","width":480,"height":360},"default":{"url":"https://i.ytimg.com/vi/wF5LAFRGZU0/default.jpg","width":120,"height":90}},"url":"https://www.youtube.com/watch?v=wF5LAFRGZU0","searchQuery":"","pageNumber":""},{"videoId":"H7WbmMtnJKY","name":"액션의 극치","title":"액션의 극치","description":"[봉춘쿠키] 서사를 알면 더 과몰입하게 되는 사극 액션 모음.zip ✓check point 1. 해모수의 장렬한 죽음 사랑하는 연인과 재회하고 주몽 ...","channelTitle":"옛드 : MBC 옛날 드라마","channelId":"UCG5bAssl2H0wjLG4BEv5ScQ","publishedAt":"2023-11-19T09:00:17","thumbnails":{"medium":{"url":"https://i.ytimg.com/vi/H7WbmMtnJKY/mqdefault.jpg","width":320,"height":180},"high":{"url":"https://i.ytimg.com/vi/H7WbmMtnJKY/hqdefault.jpg","width":480,"height":360},"default":{"url":"https://i.ytimg.com/vi/H7WbmMtnJKY/default.jpg","width":120,"height":90}},"url":"https://www.youtube.com/watch?v=H7WbmMtnJKY","searchQuery":"","pageNumber":""},{"videoId":"z5caBXYAgc4","name":"도시경찰 이야기","title":"도시경찰 이야기","description":"본 영상은 스포일러와 결말을 포함합니다. 재밌게 보셨다면 구독과 좋아요 부탁드립니다     00:00 폴리스 스토리(1985) 19:56 ...","channelTitle":"어쩌다영화한편","channelId":"UCaS8JH5U5nMaOfrSVYnbOTQ","publishedAt":"2023-09-19T11:05:38","thumbnails":{"medium":{"url":"https://i.ytimg.com/vi/z5caBXYAgc4/mqdefault.jpg","width":320,"height":180},"high":{"url":"https://i.ytimg.com/vi/z5caBXYAgc4/hqdefault.jpg","width":480,"height":360},"default":{"url":"https://i.ytimg.com/vi/z5caBXYAgc4/default.jpg","width":120,"height":90}},"url":"https://www.youtube.com/watch?v=z5caBXYAgc4","searchQuery":"","pageNumber":""},{"videoId":"wArFKRk2PGc","name":"구조폭 퇴역","title":"구조폭 퇴역","description":"안녕하세요^^ 채널 어바웃타임 입니다. 오늘 소개해드릴 작품은 발효가족 입니다. 비즈니스 문의: serendipityabout1@gmail.com ...","channelTitle":"어바웃타임 (About time)","channelId":"UCxn_EHVOJnrEJBZY2p3E6Sg","publishedAt":"2023-03-29T08:03:32","thumbnails":{"medium":{"url":"https://i.ytimg.com/vi/wArFKRk2PGc/mqdefault.jpg","width":320,"height":180},"high":{"url":"https://i.ytimg.com/vi/wArFKRk2PGc/hqdefault.jpg","width":480,"height":360},"default":{"url":"https://i.ytimg.com/vi/wArFKRk2PGc/default.jpg","width":120,"height":90}},"url":"https://www.youtube.com/watch?v=wArFKRk2PGc","searchQuery":"","pageNumber":""},{"videoId":"V4fJkApaANA","name":"타격감 그룹","title":"타격감 그룹","description":"《스터디그룹》 시청하기 ▷ https://www.tving.com/contents/P001765418 예고편보다 재밌는 콘텐츠 소개 저작권 허가를 받은 홍보 ...","channelTitle":"리씨네","channelId":"UCfDJ6zy3AZ1afT9FV0mwMOA","publishedAt":"2025-02-06T09:44:49","thumbnails":{"medium":{"url":"https://i.ytimg.com/vi/V4fJkApaANA/mqdefault.jpg","width":320,"height":180},"high":{"url":"https://i.ytimg.com/vi/V4fJkApaANA/hqdefault.jpg","width":480,"height":360},"default":{"url":"https://i.ytimg.com/vi/V4fJkApaANA/default.jpg","width":120,"height":90}},"url":"https://www.youtube.com/watch?v=V4fJkApaANA","searchQuery":"","pageNumber":""},{"videoId":"rP3JZ7LOsvU","name":"면접의 오류, 인재의 형체","title":"면접의 오류, 인재의 형체","description":"드라마몰아보기 #에스콰이어 #이진욱 #정채연 ✓JTBC 드라마 '에스콰이어' 1-2회 리뷰입니다. ✓매주 [토] 밤 10시 40분, [일] 밤 10시 ...","channelTitle":"리뷰 봐야지","channelId":"UC0Urb8B5andfbxzHOtQy6rA","publishedAt":"2025-08-06T08:04:40","thumbnails":{"medium":{"url":"https://i.ytimg.com/vi/rP3JZ7LOsvU/mqdefault.jpg","width":320,"height":180},"high":{"url":"https://i.ytimg.com/vi/rP3JZ7LOsvU/hqdefault.jpg","width":480,"height":360},"default":{"url":"https://i.ytimg.com/vi/rP3JZ7LOsvU/default.jpg","width":120,"height":90}},"url":"https://www.youtube.com/watch?v=rP3JZ7LOsvU","searchQuery":"","pageNumber":""},{"videoId":"gA_mTxayqr8","name":"열혈사제 시즌1：마침내 정의는 이긴다","title":"열혈사제 시즌1：마침내 정의는 이긴다","description":"지무비 #드라마 #열혈사제 드라마 ≪열혈사제 시즌1≫ 1화~20화의 내용입니다. --------------------------------------------- 지무비 ...","channelTitle":"지무비 : G Movie","channelId":"UCaHGOzOyeYzLQeKsVkfLEGA","publishedAt":"2024-10-28T08:00:32","thumbnails":{"medium":{"url":"https://i.ytimg.com/vi/gA_mTxayqr8/mqdefault.jpg","width":320,"height":180},"high":{"url":"https://i.ytimg.com/vi/gA_mTxayqr8/hqdefault.jpg","width":480,"height":360},"default":{"url":"https://i.ytimg.com/vi/gA_mTxayqr8/default.jpg","width":120,"height":90}},"url":"https://www.youtube.com/watch?v=gA_mTxayqr8","searchQuery":"","pageNumber":""},{"videoId":"2LRV5PloNxk","name":"범죄교육","title":"범죄교육","description":"영화리뷰 #결말포함 #액션영화 #한국영화 다양한 영화 및 드라마도 계속해서 업로드 하겠습니다   재밌게 보셨다면 구독과 좋아요 ...","channelTitle":"시네마홈","channelId":"UCLcHyLirbJ3qH6q9TWwJeaw","publishedAt":"2024-12-25T10:49:05","thumbnails":{"medium":{"url":"https://i.ytimg.com/vi/2LRV5PloNxk/mqdefault.jpg","width":320,"height":180},"high":{"url":"https://i.ytimg.com/vi/2LRV5PloNxk/hqdefault.jpg","width":480,"height":360},"default":{"url":"https://i.ytimg.com/vi/2LRV5PloNxk/default.jpg","width":120,"height":90}},"url":"https://www.youtube.com/watch?v=2LRV5PloNxk","searchQuery":"","pageNumber":""},{"videoId":"fRG1QMzmiOc","name":"불후의 검사 이방지","title":"불후의 검사 이방지","description":"육룡이나르샤 #변요한 #이방지.","channelTitle":"SBS 옛날 드라마 - 빽드","channelId":"UC41Vyqs1wSY0FTMqDsLsELA","publishedAt":"2022-08-19T08:00:29","thumbnails":{"medium":{"url":"https://i.ytimg.com/vi/fRG1QMzmiOc/mqdefault.jpg","width":320,"height":180},"high":{"url":"https://i.ytimg.com/vi/fRG1QMzmiOc/hqdefault.jpg","width":480,"height":360},"default":{"url":"https://i.ytimg.com/vi/fRG1QMzmiOc/default.jpg","width":120,"height":90}},"url":"https://www.youtube.com/watch?v=fRG1QMzmiOc","searchQuery":"","pageNumber":""},{"videoId":"co5j0OHCylo","name":"잠복","title":"잠복","description":"영화리뷰 #결말포함.","channelTitle":"하울무비","channelId":"UCfObDXCZ9mFHSdDdX1cvMqA","publishedAt":"2025-10-18T02:00:47","thumbnails":{"medium":{"url":"https://i.ytimg.com/vi/co5j0OHCylo/mqdefault.jpg","width":320,"height":180},"high":{"url":"https://i.ytimg.com/vi/co5j0OHCylo/hqdefault.jpg","width":480,"height":360},"default":{"url":"https://i.ytimg.com/vi/co5j0OHCylo/default.jpg","width":120,"height":90}},"url":"https://www.youtube.com/watch?v=co5j0OHCylo","searchQuery":"","pageNumber":""},{"videoId":"k9rdokuFgFI","name":"진구의 충격적인 하루","title":"진구의 충격적인 하루","description":"진구 #하도권 #임화영 #드라마몰아보기 제목은 영상에 있으니 참고해주시면 감사하겠습니다 ^_^ 시청해 주셔서 감사합니다. 구독과 ...","channelTitle":"무비 드라마","channelId":"UC3Zn8hekeb_9hfh9nxkFztg","publishedAt":"2025-09-12T08:00:50","thumbnails":{"medium":{"url":"https://i.ytimg.com/vi/k9rdokuFgFI/mqdefault.jpg","width":320,"height":180},"high":{"url":"https://i.ytimg.com/vi/k9rdokuFgFI/hqdefault.jpg","width":480,"height":360},"default":{"url":"https://i.ytimg.com/vi/k9rdokuFgFI/default.jpg","width":120,"height":90}},"url":"https://www.youtube.com/watch?v=k9rdokuFgFI","searchQuery":"","pageNumber":""},{"videoId":"oC0yANNLfos","name":"두뇌싸움：진실의 교사","title":"두뇌싸움：진실의 교사","description":"예원 #이준영 #웨이브 #드라마몰아보기 안녕하세요 ! 뭅픽 입니다. 저희 채널 찾아주셔서 정말정말 감사합니다 ~ 앞으로도 재밌는 ...","channelTitle":"뭅픽","channelId":"UCt3lcgvCgAHyobATioEQpIQ","publishedAt":"2025-10-02T08:01:03","thumbnails":{"medium":{"url":"https://i.ytimg.com/vi/oC0yANNLfos/mqdefault.jpg","width":320,"height":180},"high":{"url":"https://i.ytimg.com/vi/oC0yANNLfos/hqdefault.jpg","width":480,"height":360},"default":{"url":"https://i.ytimg.com/vi/oC0yANNLfos/default.jpg","width":120,"height":90}},"url":"https://www.youtube.com/watch?v=oC0yANNLfos","searchQuery":"","pageNumber":""},{"videoId":"73nHraNsllA","name":"비밀기방의 음모","title":"비밀기방의 음모","description":"조선첩보활극 앙심정: 비밀기방 11회 역모를 꿈꾸는 음모세력 12지신에 대항하는 조선첩보활극 앙심정, 다모의 하지원과 대적할만한 ...","channelTitle":"티캐스트 tcast","channelId":"UC8_wgZy23gjTNVQeyfwl92g","publishedAt":"2019-05-10T08:33:00","thumbnails":{"medium":{"url":"https://i.ytimg.com/vi/73nHraNsllA/mqdefault.jpg","width":320,"height":180},"high":{"url":"https://i.ytimg.com/vi/73nHraNsllA/hqdefault.jpg","width":480,"height":360},"default":{"url":"https://i.ytimg.com/vi/73nHraNsllA/default.jpg","width":120,"height":90}},"url":"https://www.youtube.com/watch?v=73nHraNsllA","searchQuery":"","pageNumber":""},{"videoId":"7Q7SB9Txs0s","name":"격동의 두 사람","title":"격동의 두 사람","description":"Bobby Simha & Anaswara Rajan Tamil Action Drama Full Movie. Sethu Padmakumar is sentenced to imprisonment for ...","channelTitle":"Comedy One","channelId":"UCdwQOUt3ns-BSWlLFK-fEpA","publishedAt":"2025-11-14T10:20:06","thumbnails":{"medium":{"url":"https://i.ytimg.com/vi/7Q7SB9Txs0s/mqdefault.jpg","width":320,"height":180},"high":{"url":"https://i.ytimg.com/vi/7Q7SB9Txs0s/hqdefault.jpg","width":480,"height":360},"default":{"url":"https://i.ytimg.com/vi/7Q7SB9Txs0s/default.jpg","width":120,"height":90}},"url":"https://www.youtube.com/watch?v=7Q7SB9Txs0s","searchQuery":"","pageNumber":""},{"videoId":"NkxePM8i88c","name":"신의 힘","title":"신의 힘","description":"【영화명】 《#新封神之二郎神》 《#天地宝莲灯》 【주연】 张睿 Zhang Rui / 石雪婧 Shi Xuejing 赵文浩 Zhao Wenhao / 翁虹 ...","channelTitle":"iQIYI 한글자막 영화 - Get the iQIYI APP","channelId":"UCk7pMgsgMvvyIb1f0khc89A","publishedAt":"2024-08-31T12:00:27","thumbnails":{"medium":{"url":"https://i.ytimg.com/vi/NkxePM8i88c/mqdefault.jpg","width":320,"height":180},"high":{"url":"https://i.ytimg.com/vi/NkxePM8i88c/hqdefault.jpg","width":480,"height":360},"default":{"url":"https://i.ytimg.com/vi/NkxePM8i88c/default.jpg","width":120,"height":90}},"url":"https://www.youtube.com/watch?v=NkxePM8i88c","searchQuery":"","pageNumber":""},{"videoId":"TFukkMkpEFI","name":"고객 책임자","title":"고객 책임자","description":"[스브스캐치] 구독하기▷https://goo.gl/bnT3WD 다시보는 〈여우각시별〉 명장면 쫀득한 딕션과 존멋 액션으로 갑질 고객 화끈하게 역 ...","channelTitle":"SBS Catch","channelId":"UC3re3ueOE_6VZK85zlEUWFA","publishedAt":"2021-06-10T08:13:38","thumbnails":{"medium":{"url":"https://i.ytimg.com/vi/TFukkMkpEFI/mqdefault.jpg","width":320,"height":180},"high":{"url":"https://i.ytimg.com/vi/TFukkMkpEFI/hqdefault.jpg","width":480,"height":360},"default":{"url":"https://i.ytimg.com/vi/TFukkMkpEFI/default.jpg","width":120,"height":90}},"url":"https://www.youtube.com/watch?v=TFukkMkpEFI","searchQuery":"","pageNumber":""},{"videoId":"TdaWa6X8_pA","name":"불의를 보면 주먹부터 나온다","title":"불의를 보면 주먹부터 나온다","description":"건드리면 주먹부터 나감! 불의를 보면 못 참는 MZ형사 #열혈사제 #금새록 장면을 모아왔습니다!   ♨열혈사제 타임라인   0:21 MZ ...","channelTitle":"SBS 옛날 드라마 - 빽드","channelId":"UC41Vyqs1wSY0FTMqDsLsELA","publishedAt":"2024-09-29T08:00:20","thumbnails":{"medium":{"url":"https://i.ytimg.com/vi/TdaWa6X8_pA/mqdefault.jpg","width":320,"height":180},"high":{"url":"https://i.ytimg.com/vi/TdaWa6X8_pA/hqdefault.jpg","width":480,"height":360},"default":{"url":"https://i.ytimg.com/vi/TdaWa6X8_pA/default.jpg","width":120,"height":90}},"url":"https://www.youtube.com/watch?v=TdaWa6X8_pA","searchQuery":"","pageNumber":""},{"videoId":"zOYIhemJGVo","name":"싸움의 신","title":"싸움의 신","description":"웨이브 #ONE하이스쿨히어로즈 #신작드라마 #드라마리뷰 #드라마몰아보기 #액션영화 #일진영화리뷰 #wavve #웨이브오리지널 ...","channelTitle":"씨네포유 cine4u","channelId":"UC7O9w0nxtdS8zmigyWfXKIA","publishedAt":"2025-06-13T03:16:38","thumbnails":{"medium":{"url":"https://i.ytimg.com/vi/zOYIhemJGVo/mqdefault.jpg","width":320,"height":180},"high":{"url":"https://i.ytimg.com/vi/zOYIhemJGVo/hqdefault.jpg","width":480,"height":360},"default":{"url":"https://i.ytimg.com/vi/zOYIhemJGVo/default.jpg","width":120,"height":90}},"url":"https://www.youtube.com/watch?v=zOYIhemJGVo","searchQuery":"","pageNumber":""},{"videoId":"vxULy1sEtlM","name":"양해","title":"양해","description":"드라마리뷰 #괴물 #오티티 #ott 오늘 소개 해드린 영상은 \"괴물\" 입니다 구독과 좋아요는 영상 제작에 정말 큰 도움이 됩니다 저작권 ...","channelTitle":"오티티 : OTT","channelId":"UCA7TUSbnsi0CiWSmfuGShww","publishedAt":"2024-09-16T01:00:30","thumbnails":{"medium":{"url":"https://i.ytimg.com/vi/vxULy1sEtlM/mqdefault.jpg","width":320,"height":180},"high":{"url":"https://i.ytimg.com/vi/vxULy1sEtlM/hqdefault.jpg","width":480,"height":360},"default":{"url":"https://i.ytimg.com/vi/vxULy1sEtlM/default.jpg","width":120,"height":90}},"url":"https://www.youtube.com/watch?v=vxULy1sEtlM","searchQuery":"","pageNumber":""},{"videoId":"9VezbYk9oxw","name":"알래스카의 미녀 해결사","title":"알래스카의 미녀 해결사","description":"손에 땀을 쥐게 하는 몰입감! 애플TV [라스트 프런티어]를 소개합니다! #라스트프런티어 #애플티비 #카랑드라마 #최신스릴러 ...","channelTitle":"카랑Karang","channelId":"UCcfz-8gGDYJfaRHYD7kkQpw","publishedAt":"2025-10-24T05:38:48","thumbnails":{"medium":{"url":"https://i.ytimg.com/vi/9VezbYk9oxw/mqdefault.jpg","width":320,"height":180},"high":{"url":"https://i.ytimg.com/vi/9VezbYk9oxw/hqdefault.jpg","width":480,"height":360},"default":{"url":"https://i.ytimg.com/vi/9VezbYk9oxw/default.jpg","width":120,"height":90}},"url":"https://www.youtube.com/watch?v=9VezbYk9oxw","searchQuery":"","pageNumber":""},{"videoId":"ntFMjFsFdnw","name":"집권","title":"집권","description":"00:00 〈어웨이크〉 13:37 〈워터월드〉 30:35 〈보케〉 #영화리뷰 #결말포함 #아포칼립스 #포스트아포칼립스.","channelTitle":"진리의 영화","channelId":"UC3P0QN3fUNBd7v3VLzHeh0A","publishedAt":"2025-08-02T02:48:02","thumbnails":{"medium":{"url":"https://i.ytimg.com/vi/ntFMjFsFdnw/mqdefault.jpg","width":320,"height":180},"high":{"url":"https://i.ytimg.com/vi/ntFMjFsFdnw/hqdefault.jpg","width":480,"height":360},"default":{"url":"https://i.ytimg.com/vi/ntFMjFsFdnw/default.jpg","width":120,"height":90}},"url":"https://www.youtube.com/watch?v=ntFMjFsFdnw","searchQuery":"","pageNumber":""},{"videoId":"oput7rbTuPk","name":"우승자의 그림자","title":"우승자의 그림자","description":"[원: 하이스쿨 히어로즈] 1-7회 몰아보기 리뷰입니다. 저작권은 wavve로 부터 허가 받았습니다. #원하이스쿨히어로즈 #wavve 1-4화 ...","channelTitle":"고몽","channelId":"UCpcft4FJXgUjnxWoQYsl7Ug","publishedAt":"2025-06-13T07:00:48","thumbnails":{"medium":{"url":"https://i.ytimg.com/vi/oput7rbTuPk/mqdefault.jpg","width":320,"height":180},"high":{"url":"https://i.ytimg.com/vi/oput7rbTuPk/hqdefault.jpg","width":480,"height":360},"default":{"url":"https://i.ytimg.com/vi/oput7rbTuPk/default.jpg","width":120,"height":90}},"url":"https://www.youtube.com/watch?v=oput7rbTuPk","searchQuery":"","pageNumber":""}]