[{"videoId":"krn6OsjWHOs","name":"Twenty Years of Flash Marriage","title":"Twenty Years of Flash Marriage","description":"English Dubbing Full Version: Hey, drama enthusiasts! Welcome to the dazzling Drama Glitz Channel! We're serving up the ...","channelTitle":"Drama Glitz","channelId":"UCuyvaRuDaB-0T8ZlVERzyug","publishedAt":"2025-10-05T02:00:46","thumbnails":{"medium":{"url":"https://i.ytimg.com/vi/krn6OsjWHOs/mqdefault.jpg","width":320,"height":180},"high":{"url":"https://i.ytimg.com/vi/krn6OsjWHOs/hqdefault.jpg","width":480,"height":360},"default":{"url":"https://i.ytimg.com/vi/krn6OsjWHOs/default.jpg","width":120,"height":90}},"url":"https://www.youtube.com/watch?v=krn6OsjWHOs","searchQuery":"","pageNumber":""},{"videoId":"aiH8yJ6tynw","name":"Super Daddy's","title":"Super Daddy's","description":"movies #drama #chinesedrama #shortplay #urban #minidrama #action #$ystem #comeback #rebirth #dragon #revenge ...","channelTitle":"Old Friends Short Theatre","channelId":"UChX8JhnUvv0qHOfLB-LA5cg","publishedAt":"2025-11-11T11:00:06","thumbnails":{"medium":{"url":"https://i.ytimg.com/vi/aiH8yJ6tynw/mqdefault.jpg","width":320,"height":180},"high":{"url":"https://i.ytimg.com/vi/aiH8yJ6tynw/hqdefault.jpg","width":480,"height":360},"default":{"url":"https://i.ytimg.com/vi/aiH8yJ6tynw/default.jpg","width":120,"height":90}},"url":"https://www.youtube.com/watch?v=aiH8yJ6tynw","searchQuery":"","pageNumber":""},{"videoId":"2RcFSMW0tXo","name":"18-Year-Old","title":"18-Year-Old","description":"English Dubbing Full Version: Hey, drama enthusiasts! Welcome to the dazzling Drama Glitz Channel! We're serving up the ...","channelTitle":"Drama Glitz","channelId":"UCuyvaRuDaB-0T8ZlVERzyug","publishedAt":"2025-11-05T01:00:02","thumbnails":{"medium":{"url":"https://i.ytimg.com/vi/2RcFSMW0tXo/mqdefault.jpg","width":320,"height":180},"high":{"url":"https://i.ytimg.com/vi/2RcFSMW0tXo/hqdefault.jpg","width":480,"height":360},"default":{"url":"https://i.ytimg.com/vi/2RcFSMW0tXo/default.jpg","width":120,"height":90}},"url":"https://www.youtube.com/watch?v=2RcFSMW0tXo","searchQuery":"","pageNumber":""},{"videoId":"oWeoE0iybGU","name":"a Little Maid","title":"a Little Maid","description":"English Dubbing Full Version: Hey, drama enthusiasts! Welcome to the dazzling Drama Glitz Channel! We're serving up the ...","channelTitle":"Drama Glitz","channelId":"UCuyvaRuDaB-0T8ZlVERzyug","publishedAt":"2025-09-09T16:30:20","thumbnails":{"medium":{"url":"https://i.ytimg.com/vi/oWeoE0iybGU/mqdefault.jpg","width":320,"height":180},"high":{"url":"https://i.ytimg.com/vi/oWeoE0iybGU/hqdefault.jpg","width":480,"height":360},"default":{"url":"https://i.ytimg.com/vi/oWeoE0iybGU/default.jpg","width":120,"height":90}},"url":"https://www.youtube.com/watch?v=oWeoE0iybGU","searchQuery":"","pageNumber":""},{"videoId":"Iue_B5ggjBQ","name":"Husband's Assistant","title":"Husband's Assistant","description":"English Dubbing Full Version: ML:Shu Tong FL:Zhong Xi Hey, drama enthusiasts! Welcome to the dazzling Drama Glitz Channel!","channelTitle":"Drama Glitz","channelId":"UCuyvaRuDaB-0T8ZlVERzyug","publishedAt":"2025-09-14T14:45:02","thumbnails":{"medium":{"url":"https://i.ytimg.com/vi/Iue_B5ggjBQ/mqdefault.jpg","width":320,"height":180},"high":{"url":"https://i.ytimg.com/vi/Iue_B5ggjBQ/hqdefault.jpg","width":480,"height":360},"default":{"url":"https://i.ytimg.com/vi/Iue_B5ggjBQ/default.jpg","width":120,"height":90}},"url":"https://www.youtube.com/watch?v=Iue_B5ggjBQ","searchQuery":"","pageNumber":""},{"videoId":"x72O-C9Pn4s","name":"He Only Loves His Chubby Chef Wife","title":"He Only Loves His Chubby Chef Wife","description":"Subscribe and enjoy the best of C-Dramas, one episode at a time! Welcome to ShortDramaTime! Your go-to spot for the best ...","channelTitle":"DramaTime","channelId":"UCRHYmKJZC1Bn1lJXGuLOC4g","publishedAt":"2025-09-19T02:01:02","thumbnails":{"medium":{"url":"https://i.ytimg.com/vi/x72O-C9Pn4s/mqdefault.jpg","width":320,"height":180},"high":{"url":"https://i.ytimg.com/vi/x72O-C9Pn4s/hqdefault.jpg","width":480,"height":360},"default":{"url":"https://i.ytimg.com/vi/x72O-C9Pn4s/default.jpg","width":120,"height":90}},"url":"https://www.youtube.com/watch?v=x72O-C9Pn4s","searchQuery":"","pageNumber":""},{"videoId":"NnSTTCSIX0k","name":"Filipino-Dubbed Korean Comedy Drama","title":"Filipino-Dubbed Korean Comedy Drama","description":"No Copyright Infringement \"Copyright Disclaimer Under Section 107 of the Copyright Act 1976, allowance is made for \"fairuse\" for ...","channelTitle":"MovieHolics PH","channelId":"UCvMbl5fIvB0nmsnF5_TWKSg","publishedAt":"2020-06-23T16:38:54","thumbnails":{"medium":{"url":"https://i.ytimg.com/vi/NnSTTCSIX0k/mqdefault.jpg","width":320,"height":180},"high":{"url":"https://i.ytimg.com/vi/NnSTTCSIX0k/hqdefault.jpg","width":480,"height":360},"default":{"url":"https://i.ytimg.com/vi/NnSTTCSIX0k/default.jpg","width":120,"height":90}},"url":"https://www.youtube.com/watch?v=NnSTTCSIX0k","searchQuery":"","pageNumber":""},{"videoId":"1Ee8cTlLhio","name":"The CEO's Pure Love","title":"The CEO's Pure Love","description":"Welcome to subscribe to this channel ⁨@BoomShortFilmNO1⁩ #Cinderella #boss #Chasingwifecrematorium #Exciting short play ...","channelTitle":"BlessedBits","channelId":"UCz2IGn-ranovRu9zbc7hUPg","publishedAt":"2025-09-02T10:00:37","thumbnails":{"medium":{"url":"https://i.ytimg.com/vi/1Ee8cTlLhio/mqdefault.jpg","width":320,"height":180},"high":{"url":"https://i.ytimg.com/vi/1Ee8cTlLhio/hqdefault.jpg","width":480,"height":360},"default":{"url":"https://i.ytimg.com/vi/1Ee8cTlLhio/default.jpg","width":120,"height":90}},"url":"https://www.youtube.com/watch?v=1Ee8cTlLhio","searchQuery":"","pageNumber":""},{"videoId":"1M5CZgr7cDE","name":"When Fate Forgets to Lie","title":"When Fate Forgets to Lie","description":"Click the link to download the app       https://www.flickreels.net/landing_page/194404 ⭐Search title: When Fate Forgets to Lie ...","channelTitle":"Eira Drama","channelId":"UCr1-X194ZilWycPU0-db2Dg","publishedAt":"2025-09-01T08:26:37","thumbnails":{"medium":{"url":"https://i.ytimg.com/vi/1M5CZgr7cDE/mqdefault.jpg","width":320,"height":180},"high":{"url":"https://i.ytimg.com/vi/1M5CZgr7cDE/hqdefault.jpg","width":480,"height":360},"default":{"url":"https://i.ytimg.com/vi/1M5CZgr7cDE/default.jpg","width":120,"height":90}},"url":"https://www.youtube.com/watch?v=1M5CZgr7cDE","searchQuery":"","pageNumber":""},{"videoId":"eoaNdUYDE7k","name":"My Heroic Husband","title":"My Heroic Husband","description":"【Chinese Name】 《#赘婿之吉兴高照》 【Cast】 刘冠麟Guanlin Liu / 王伊瑶Vanessa / 岳旸Yue Yang 【Synopsis】 Su ...","channelTitle":"爱奇艺大电影 iQIYI MOVIE THEATER - Get the iQIYI APP","channelId":"UCZ8ZJNzzIiDQFuGxdGTyWcQ","publishedAt":"2023-02-03T12:00:10","thumbnails":{"medium":{"url":"https://i.ytimg.com/vi/eoaNdUYDE7k/mqdefault.jpg","width":320,"height":180},"high":{"url":"https://i.ytimg.com/vi/eoaNdUYDE7k/hqdefault.jpg","width":480,"height":360},"default":{"url":"https://i.ytimg.com/vi/eoaNdUYDE7k/default.jpg","width":120,"height":90}},"url":"https://www.youtube.com/watch?v=eoaNdUYDE7k","searchQuery":"","pageNumber":""}]