[{"videoId":"8pVNJUkBBeA","name":"His New Family","title":"His New Family","description":"Welcome to Happy virus? ( ✨ ˘◡˘ ✨) #dramaschinese #Military #kiss We bring you epic, high-quality short dramas daily!","channelTitle":"Happy virus","channelId":"UCaVItTsj9fEvdaPikUc3sTA","publishedAt":"2025-11-17T09:29:13","thumbnails":{"medium":{"url":"https://i.ytimg.com/vi/8pVNJUkBBeA/mqdefault.jpg","width":320,"height":180},"high":{"url":"https://i.ytimg.com/vi/8pVNJUkBBeA/hqdefault.jpg","width":480,"height":360},"default":{"url":"https://i.ytimg.com/vi/8pVNJUkBBeA/default.jpg","width":120,"height":90}},"url":"https://www.youtube.com/watch?v=8pVNJUkBBeA","searchQuery":"","pageNumber":""},{"videoId":"x5gNBVp2I9E","name":"The Double Life","title":"The Double Life","description":"Welcome to English Imitation! Immerse yourself in our brand-new viral English short story, \"The Double Life\" — a gripping modern ...","channelTitle":"English Imitation","channelId":"UC69Ux7IGRySLUql5YVtcG6A","publishedAt":"2025-09-28T14:10:15","thumbnails":{"medium":{"url":"https://i.ytimg.com/vi/x5gNBVp2I9E/mqdefault.jpg","width":320,"height":180},"high":{"url":"https://i.ytimg.com/vi/x5gNBVp2I9E/hqdefault.jpg","width":480,"height":360},"default":{"url":"https://i.ytimg.com/vi/x5gNBVp2I9E/default.jpg","width":120,"height":90}},"url":"https://www.youtube.com/watch?v=x5gNBVp2I9E","searchQuery":"","pageNumber":""},{"videoId":"xrPCdZJfLAI","name":"Fate and Destiny","title":"Fate and Destiny","description":"Dashreels App Short Drama video #shortvideo #shorts #darma #koreandrama #korea.","channelTitle":"Shortdrama1997😕🤔","channelId":"UCrA0chfHYlU5_jYermBQxkg","publishedAt":"2025-09-20T15:51:53","thumbnails":{"medium":{"url":"https://i.ytimg.com/vi/xrPCdZJfLAI/mqdefault.jpg","width":320,"height":180},"high":{"url":"https://i.ytimg.com/vi/xrPCdZJfLAI/hqdefault.jpg","width":480,"height":360},"default":{"url":"https://i.ytimg.com/vi/xrPCdZJfLAI/default.jpg","width":120,"height":90}},"url":"https://www.youtube.com/watch?v=xrPCdZJfLAI","searchQuery":"","pageNumber":""},{"videoId":"rPuHTV6QvwY","name":"Love WIN","title":"Love WIN","description":"Welcome to Pulse Stories! ( ✨ ˘◡˘ ✨) Your daily destination for heart-pounding premium short dramas—updated daily with ...","channelTitle":"Pulse Stories","channelId":"UC8uq4SVQOQy9aXCQlLpsivw","publishedAt":"2025-10-12T10:01:25","thumbnails":{"medium":{"url":"https://i.ytimg.com/vi/rPuHTV6QvwY/mqdefault.jpg","width":320,"height":180},"high":{"url":"https://i.ytimg.com/vi/rPuHTV6QvwY/hqdefault.jpg","width":480,"height":360},"default":{"url":"https://i.ytimg.com/vi/rPuHTV6QvwY/default.jpg","width":120,"height":90}},"url":"https://www.youtube.com/watch?v=rPuHTV6QvwY","searchQuery":"","pageNumber":""},{"videoId":"W7e527sX7V8","name":"Marrying The Underestimated Billionaire","title":"Marrying The Underestimated Billionaire","description":"Hello, this is Choco Drama  /@Choco-film Here, you can find the latest, hottest, and sweetest short drama~ 【潮起时问 ...","channelTitle":"Choco Drama","channelId":"UC-DOyqxl_nH7BKyJMLma_XA","publishedAt":"2025-09-19T12:30:51","thumbnails":{"medium":{"url":"https://i.ytimg.com/vi/W7e527sX7V8/mqdefault.jpg","width":320,"height":180},"high":{"url":"https://i.ytimg.com/vi/W7e527sX7V8/hqdefault.jpg","width":480,"height":360},"default":{"url":"https://i.ytimg.com/vi/W7e527sX7V8/default.jpg","width":120,"height":90}},"url":"https://www.youtube.com/watch?v=W7e527sX7V8","searchQuery":"","pageNumber":""},{"videoId":"NJPn_uujsEQ","name":"The Stand-In Wife Walks Away","title":"The Stand-In Wife Walks Away","description":"For more wonderful vedios, please click： https://www.youtube.com/channel/UCJaHaax1s0G2BTycmfw7vMw/join Full English ...","channelTitle":" LiLi Drama","channelId":"UCJaHaax1s0G2BTycmfw7vMw","publishedAt":"2025-07-19T10:30:25","thumbnails":{"medium":{"url":"https://i.ytimg.com/vi/NJPn_uujsEQ/mqdefault.jpg","width":320,"height":180},"high":{"url":"https://i.ytimg.com/vi/NJPn_uujsEQ/hqdefault.jpg","width":480,"height":360},"default":{"url":"https://i.ytimg.com/vi/NJPn_uujsEQ/default.jpg","width":120,"height":90}},"url":"https://www.youtube.com/watch?v=NJPn_uujsEQ","searchQuery":"","pageNumber":""},{"videoId":"F18wNsrHLoM","name":"He Returns to Win Her Back","title":"He Returns to Win Her Back","description":"Hey, dear drama lovers! Welcome to the wonderful Twilight Drama Channel! We've got the trendiest short dramas made just for ...","channelTitle":"Twilight Drama Dreams💫","channelId":"UC3mYNjFaGV4ucwSRR6JsbGA","publishedAt":"2025-10-03T06:15:45","thumbnails":{"medium":{"url":"https://i.ytimg.com/vi/F18wNsrHLoM/mqdefault.jpg","width":320,"height":180},"high":{"url":"https://i.ytimg.com/vi/F18wNsrHLoM/hqdefault.jpg","width":480,"height":360},"default":{"url":"https://i.ytimg.com/vi/F18wNsrHLoM/default.jpg","width":120,"height":90}},"url":"https://www.youtube.com/watch?v=F18wNsrHLoM","searchQuery":"","pageNumber":""},{"videoId":"cp3Ktq9wm6Y","name":"The CEO's Lifesaver","title":"The CEO's Lifesaver","description":"For more wonderful vedios, please click： https://www.youtube.com/channel/UCJaHaax1s0G2BTycmfw7vMw/join Full English ...","channelTitle":" LiLi Drama","channelId":"UCJaHaax1s0G2BTycmfw7vMw","publishedAt":"2025-10-04T10:30:33","thumbnails":{"medium":{"url":"https://i.ytimg.com/vi/cp3Ktq9wm6Y/mqdefault.jpg","width":320,"height":180},"high":{"url":"https://i.ytimg.com/vi/cp3Ktq9wm6Y/hqdefault.jpg","width":480,"height":360},"default":{"url":"https://i.ytimg.com/vi/cp3Ktq9wm6Y/default.jpg","width":120,"height":90}},"url":"https://www.youtube.com/watch?v=cp3Ktq9wm6Y","searchQuery":"","pageNumber":""},{"videoId":"zAhjaAWHXmk","name":"CEO Dad's Instant Devotion","title":"CEO Dad's Instant Devotion","description":"This video has been authorized in writing by the copyright owner, and is based on scenes from film and television dramas.","channelTitle":"Sweet Hearth Drama","channelId":"UCLbPeZJ5k1amD3Z9KRBlUFg","publishedAt":"2025-09-25T12:17:56","thumbnails":{"medium":{"url":"https://i.ytimg.com/vi/zAhjaAWHXmk/mqdefault.jpg","width":320,"height":180},"high":{"url":"https://i.ytimg.com/vi/zAhjaAWHXmk/hqdefault.jpg","width":480,"height":360},"default":{"url":"https://i.ytimg.com/vi/zAhjaAWHXmk/default.jpg","width":120,"height":90}},"url":"https://www.youtube.com/watch?v=zAhjaAWHXmk","searchQuery":"","pageNumber":""},{"videoId":"knz68FK9QIY","name":"The CEO's Contract Bride","title":"The CEO's Contract Bride","description":"Hello, this is Bliss Drama   the most popular hit short drama on the whole network is here! Regular updates every day, don't ...","channelTitle":"Bliss Drama","channelId":"UCkHXShXLFdKd3FnK11-_i2Q","publishedAt":"2025-07-24T11:01:12","thumbnails":{"medium":{"url":"https://i.ytimg.com/vi/knz68FK9QIY/mqdefault.jpg","width":320,"height":180},"high":{"url":"https://i.ytimg.com/vi/knz68FK9QIY/hqdefault.jpg","width":480,"height":360},"default":{"url":"https://i.ytimg.com/vi/knz68FK9QIY/default.jpg","width":120,"height":90}},"url":"https://www.youtube.com/watch?v=knz68FK9QIY","searchQuery":"","pageNumber":""},{"videoId":"vbLlph-6VLs","name":"The Silent Heiress","title":"The Silent Heiress","description":"For more wonderful vedios, please click： https://www.youtube.com/channel/UCJaHaax1s0G2BTycmfw7vMw/join Full English ...","channelTitle":" LiLi Drama","channelId":"UCJaHaax1s0G2BTycmfw7vMw","publishedAt":"2025-08-21T15:01:38","thumbnails":{"medium":{"url":"https://i.ytimg.com/vi/vbLlph-6VLs/mqdefault.jpg","width":320,"height":180},"high":{"url":"https://i.ytimg.com/vi/vbLlph-6VLs/hqdefault.jpg","width":480,"height":360},"default":{"url":"https://i.ytimg.com/vi/vbLlph-6VLs/default.jpg","width":120,"height":90}},"url":"https://www.youtube.com/watch?v=vbLlph-6VLs","searchQuery":"","pageNumber":""},{"videoId":"7bWcx0gscM4","name":"The CEO's Miracle Baby","title":"The CEO's Miracle Baby","description":"Welcome to subscribe to the channel  https://www.youtube.com/channel/UCKxJGxLZmr-JREW3r8TOIVw #chinesedrama #drama ...","channelTitle":"KIKI SHORTDRAMA","channelId":"UCKxJGxLZmr-JREW3r8TOIVw","publishedAt":"2025-08-17T10:00:11","thumbnails":{"medium":{"url":"https://i.ytimg.com/vi/7bWcx0gscM4/mqdefault.jpg","width":320,"height":180},"high":{"url":"https://i.ytimg.com/vi/7bWcx0gscM4/hqdefault.jpg","width":480,"height":360},"default":{"url":"https://i.ytimg.com/vi/7bWcx0gscM4/default.jpg","width":120,"height":90}},"url":"https://www.youtube.com/watch?v=7bWcx0gscM4","searchQuery":"","pageNumber":""},{"videoId":"eRoJg3SYohA","name":"My Thoughts","title":"My Thoughts","description":"Welcome to Pulse Stories! ( ✨ ˘◡˘ ✨) We specialize in crafting high-quality short dramas that make your heart race—updated ...","channelTitle":"Pulse Stories","channelId":"UC8uq4SVQOQy9aXCQlLpsivw","publishedAt":"2025-10-18T10:01:10","thumbnails":{"medium":{"url":"https://i.ytimg.com/vi/eRoJg3SYohA/mqdefault.jpg","width":320,"height":180},"high":{"url":"https://i.ytimg.com/vi/eRoJg3SYohA/hqdefault.jpg","width":480,"height":360},"default":{"url":"https://i.ytimg.com/vi/eRoJg3SYohA/default.jpg","width":120,"height":90}},"url":"https://www.youtube.com/watch?v=eRoJg3SYohA","searchQuery":"","pageNumber":""},{"videoId":"GJVFlVeaQug","name":"The Billionaire's Test","title":"The Billionaire's Test","description":"Subscribe to see more: https://bit.ly/ccapstudiosub Fanpage CCAP Studio: https://www.facebook.com/ccapmovies Tiktok CCAP ...","channelTitle":"CCAP Studio","channelId":"UCjiYy-L1H76YlkgU6cwxq-Q","publishedAt":"2025-09-11T10:00:22","thumbnails":{"medium":{"url":"https://i.ytimg.com/vi/GJVFlVeaQug/mqdefault.jpg","width":320,"height":180},"high":{"url":"https://i.ytimg.com/vi/GJVFlVeaQug/hqdefault.jpg","width":480,"height":360},"default":{"url":"https://i.ytimg.com/vi/GJVFlVeaQug/default.jpg","width":120,"height":90}},"url":"https://www.youtube.com/watch?v=GJVFlVeaQug","searchQuery":"","pageNumber":""},{"videoId":"VKEsIgiRYa4","name":"No Escape Now","title":"No Escape Now","description":"For more wonderful vedios, please click： https://www.youtube.com/channel/UCJaHaax1s0G2BTycmfw7vMw/join Full English ...","channelTitle":" LiLi Drama","channelId":"UCJaHaax1s0G2BTycmfw7vMw","publishedAt":"2025-10-13T10:30:17","thumbnails":{"medium":{"url":"https://i.ytimg.com/vi/VKEsIgiRYa4/mqdefault.jpg","width":320,"height":180},"high":{"url":"https://i.ytimg.com/vi/VKEsIgiRYa4/hqdefault.jpg","width":480,"height":360},"default":{"url":"https://i.ytimg.com/vi/VKEsIgiRYa4/default.jpg","width":120,"height":90}},"url":"https://www.youtube.com/watch?v=VKEsIgiRYa4","searchQuery":"","pageNumber":""},{"videoId":"KzsQ-9jMNjU","name":"A Divorce for Revenge","title":"A Divorce for Revenge","description":"For more wonderful vedios, please click： https://www.youtube.com/channel/UC-nSRSw_kzYz-3AwdMHajFg/join Full English ...","channelTitle":"Cinderella Drama","channelId":"UC-nSRSw_kzYz-3AwdMHajFg","publishedAt":"2025-11-04T10:30:29","thumbnails":{"medium":{"url":"https://i.ytimg.com/vi/KzsQ-9jMNjU/mqdefault.jpg","width":320,"height":180},"high":{"url":"https://i.ytimg.com/vi/KzsQ-9jMNjU/hqdefault.jpg","width":480,"height":360},"default":{"url":"https://i.ytimg.com/vi/KzsQ-9jMNjU/default.jpg","width":120,"height":90}},"url":"https://www.youtube.com/watch?v=KzsQ-9jMNjU","searchQuery":"","pageNumber":""},{"videoId":"Xmi6bU7eZ5E","name":"My Son's Chosen One Is Her!","title":"My Son's Chosen One Is Her!","description":"Hello, this is Cream Drama   the most popular hit short drama on the whole network is here! Regular updates every day, don't ...","channelTitle":"Cream Drama","channelId":"UCrWyDh_K3Xy38MZC4nLpqFA","publishedAt":"2025-08-16T12:01:01","thumbnails":{"medium":{"url":"https://i.ytimg.com/vi/Xmi6bU7eZ5E/mqdefault.jpg","width":320,"height":180},"high":{"url":"https://i.ytimg.com/vi/Xmi6bU7eZ5E/hqdefault.jpg","width":480,"height":360},"default":{"url":"https://i.ytimg.com/vi/Xmi6bU7eZ5E/default.jpg","width":120,"height":90}},"url":"https://www.youtube.com/watch?v=Xmi6bU7eZ5E","searchQuery":"","pageNumber":""},{"videoId":"No1sseYMr9U","name":"The Makeover","title":"The Makeover","description":"Watch more exciting episodes here： https://www.youtube.com/playlist?list=PLfMi0j4rbMO0I7WJ9WDOZjixJV79EIrzN Thank ...","channelTitle":"CrazyDrama FULL","channelId":"UCWvt5ezyPV0AcAD23Gg0Gew","publishedAt":"2025-07-21T13:05:01","thumbnails":{"medium":{"url":"https://i.ytimg.com/vi/No1sseYMr9U/mqdefault.jpg","width":320,"height":180},"high":{"url":"https://i.ytimg.com/vi/No1sseYMr9U/hqdefault.jpg","width":480,"height":360},"default":{"url":"https://i.ytimg.com/vi/No1sseYMr9U/default.jpg","width":120,"height":90}},"url":"https://www.youtube.com/watch?v=No1sseYMr9U","searchQuery":"","pageNumber":""},{"videoId":"IC0v0gqfonM","name":"Kidnapped by the Mafia","title":"Kidnapped by the Mafia","description":"Click the link to download the app       https://www.goodshort.com/koc/GRKOC00001/701272-KOC ⭐Search title: Kidnapped ...","channelTitle":"Eira Drama","channelId":"UCr1-X194ZilWycPU0-db2Dg","publishedAt":"2025-07-03T04:56:00","thumbnails":{"medium":{"url":"https://i.ytimg.com/vi/IC0v0gqfonM/mqdefault.jpg","width":320,"height":180},"high":{"url":"https://i.ytimg.com/vi/IC0v0gqfonM/hqdefault.jpg","width":480,"height":360},"default":{"url":"https://i.ytimg.com/vi/IC0v0gqfonM/default.jpg","width":120,"height":90}},"url":"https://www.youtube.com/watch?v=IC0v0gqfonM","searchQuery":"","pageNumber":""},{"videoId":"9SvKzUYtm4Y","name":"The Price of Betrayal","title":"The Price of Betrayal","description":"Hello, this is Bitter Drama✨the most popular hit short drama on the whole network is here! Regular updates every day, don't forget ...","channelTitle":"Bitter Drama","channelId":"UC89HtpseJ6dA3TSr0pWtHLA","publishedAt":"2025-10-31T12:00:30","thumbnails":{"medium":{"url":"https://i.ytimg.com/vi/9SvKzUYtm4Y/mqdefault.jpg","width":320,"height":180},"high":{"url":"https://i.ytimg.com/vi/9SvKzUYtm4Y/hqdefault.jpg","width":480,"height":360},"default":{"url":"https://i.ytimg.com/vi/9SvKzUYtm4Y/default.jpg","width":120,"height":90}},"url":"https://www.youtube.com/watch?v=9SvKzUYtm4Y","searchQuery":"","pageNumber":""}]