[{"videoId":"tBi9D7pQcMk","name":"The Terrifying House","title":"The Terrifying House","description":"ভয়ানক বাড়ির গল্প Thriller mystery Movie Explain In Bangla Korean Drama Bangla ○ Movie Name : Check ...","channelTitle":"Cinemohol","channelId":"UCEiiaw0kLXhqIGq5_eHKwHg","publishedAt":"2025-08-14T13:15:05","thumbnails":{"medium":{"url":"https://i.ytimg.com/vi/tBi9D7pQcMk/mqdefault.jpg","width":320,"height":180},"high":{"url":"https://i.ytimg.com/vi/tBi9D7pQcMk/hqdefault.jpg","width":480,"height":360},"default":{"url":"https://i.ytimg.com/vi/tBi9D7pQcMk/default.jpg","width":120,"height":90}},"url":"https://www.youtube.com/watch?v=tBi9D7pQcMk","searchQuery":"","pageNumber":""},{"videoId":"bB9X7kvvSA0","name":"Watch at Your Own Risk","title":"Watch at Your Own Risk","description":"कत्लों का मकड़जाल 2025 ~ Japanese Suspense Thriller Movie IEM Link: ...","channelTitle":"I Explain Hollywood Movies","channelId":"UC7DduZRW1ook-Z2SGlVSczQ","publishedAt":"2025-08-19T13:01:10","thumbnails":{"medium":{"url":"https://i.ytimg.com/vi/bB9X7kvvSA0/mqdefault.jpg","width":320,"height":180},"high":{"url":"https://i.ytimg.com/vi/bB9X7kvvSA0/hqdefault.jpg","width":480,"height":360},"default":{"url":"https://i.ytimg.com/vi/bB9X7kvvSA0/default.jpg","width":120,"height":90}},"url":"https://www.youtube.com/watch?v=bB9X7kvvSA0","searchQuery":"","pageNumber":""},{"videoId":"SofiNLuIqDI","name":"Aishwarya","title":"Aishwarya","description":"You are Watching on: New English Action Thriller Movie | Aathmika English Dubbed Movie | Ananth Nag | Aishwarya Subscribe ...","channelTitle":"English Premier Movies","channelId":"UCmrWFBL_eA3g94MrE4JQnwA","publishedAt":"2025-05-08T08:02:19","thumbnails":{"medium":{"url":"https://i.ytimg.com/vi/SofiNLuIqDI/mqdefault.jpg","width":320,"height":180},"high":{"url":"https://i.ytimg.com/vi/SofiNLuIqDI/hqdefault.jpg","width":480,"height":360},"default":{"url":"https://i.ytimg.com/vi/SofiNLuIqDI/default.jpg","width":120,"height":90}},"url":"https://www.youtube.com/watch?v=SofiNLuIqDI","searchQuery":"","pageNumber":""},{"videoId":"0WF8A5hq5Fw","name":"Call Back The Spirit","title":"Call Back The Spirit","description":"Joining YOUKU English Channel members NOW  ： https://www.youtube.com/channel/UCI70JGG0hJS306Q-hGWfB7Q/join ...","channelTitle":"YOUKU English-Get APP now","channelId":"UCI70JGG0hJS306Q-hGWfB7Q","publishedAt":"2022-01-01T10:00:11","thumbnails":{"medium":{"url":"https://i.ytimg.com/vi/0WF8A5hq5Fw/mqdefault.jpg","width":320,"height":180},"high":{"url":"https://i.ytimg.com/vi/0WF8A5hq5Fw/hqdefault.jpg","width":480,"height":360},"default":{"url":"https://i.ytimg.com/vi/0WF8A5hq5Fw/default.jpg","width":120,"height":90}},"url":"https://www.youtube.com/watch?v=0WF8A5hq5Fw","searchQuery":"","pageNumber":""},{"videoId":"IL8BFCbU3q0","name":"Innocent","title":"Innocent","description":"Imprisoned after being held guilty of his wife's murder, David is acquitted after his conviction is upturned. He then struggles to ...","channelTitle":"Real Drama","channelId":"UC6P6FTLNInK0K1DmwaD6X1w","publishedAt":"2024-07-28T15:30:03","thumbnails":{"medium":{"url":"https://i.ytimg.com/vi/IL8BFCbU3q0/mqdefault.jpg","width":320,"height":180},"high":{"url":"https://i.ytimg.com/vi/IL8BFCbU3q0/hqdefault.jpg","width":480,"height":360},"default":{"url":"https://i.ytimg.com/vi/IL8BFCbU3q0/default.jpg","width":120,"height":90}},"url":"https://www.youtube.com/watch?v=IL8BFCbU3q0","searchQuery":"","pageNumber":""},{"videoId":"RhDgdrFHB0g","name":"Somarasam","title":"Somarasam","description":"Somarasam | English Dubbed Full Movie | Love Story | Romantic Thriller Full Movie | Ananya| Khushboo | With English Subtitles ...","channelTitle":"New Generation","channelId":"UC8U_BxE6KxcdxDPHdNlOUZw","publishedAt":"2024-04-19T08:30:07","thumbnails":{"medium":{"url":"https://i.ytimg.com/vi/RhDgdrFHB0g/mqdefault.jpg","width":320,"height":180},"high":{"url":"https://i.ytimg.com/vi/RhDgdrFHB0g/hqdefault.jpg","width":480,"height":360},"default":{"url":"https://i.ytimg.com/vi/RhDgdrFHB0g/default.jpg","width":120,"height":90}},"url":"https://www.youtube.com/watch?v=RhDgdrFHB0g","searchQuery":"","pageNumber":""},{"videoId":"w0hLLgD4qs8","name":"New Guest|","title":"New Guest|","description":"When a man and woman checks in to a remote cabin to complete a therapy exercise, they soon realize they will encounter more ...","channelTitle":"Delinda Kay Productions","channelId":"UCv0MXpqNzFr1pSz9esf2L4A","publishedAt":"2025-07-05T23:00:06","thumbnails":{"medium":{"url":"https://i.ytimg.com/vi/w0hLLgD4qs8/mqdefault.jpg","width":320,"height":180},"high":{"url":"https://i.ytimg.com/vi/w0hLLgD4qs8/hqdefault.jpg","width":480,"height":360},"default":{"url":"https://i.ytimg.com/vi/w0hLLgD4qs8/default.jpg","width":120,"height":90}},"url":"https://www.youtube.com/watch?v=w0hLLgD4qs8","searchQuery":"","pageNumber":""},{"videoId":"vLi-JtACn2U","name":"","title":"","description":"SmingsWorld #Streaming #FullMovie #Freemovie #KoreanMovie #EnglishSubtitle Content Information   Title: Awake Director: ...","channelTitle":"Smings World","channelId":"UC6aP_I3jm56MBqY_2oZeoJQ","publishedAt":"2025-05-24T04:01:06","thumbnails":{"medium":{"url":"https://i.ytimg.com/vi/vLi-JtACn2U/mqdefault.jpg","width":320,"height":180},"high":{"url":"https://i.ytimg.com/vi/vLi-JtACn2U/hqdefault.jpg","width":480,"height":360},"default":{"url":"https://i.ytimg.com/vi/vLi-JtACn2U/default.jpg","width":120,"height":90}},"url":"https://www.youtube.com/watch?v=vLi-JtACn2U","searchQuery":"","pageNumber":""},{"videoId":"t8-l_45fljc","name":"","title":"","description":"A rekindled friendship leads to love and goes dangerously awry when past relationships suffer from psychotic breakdowns.","channelTitle":"Stash - Black Stories","channelId":"UCdCvmrA9sLwV2u1FB1DUGeA","publishedAt":"2025-01-18T19:00:36","thumbnails":{"medium":{"url":"https://i.ytimg.com/vi/t8-l_45fljc/mqdefault.jpg","width":320,"height":180},"high":{"url":"https://i.ytimg.com/vi/t8-l_45fljc/hqdefault.jpg","width":480,"height":360},"default":{"url":"https://i.ytimg.com/vi/t8-l_45fljc/default.jpg","width":120,"height":90}},"url":"https://www.youtube.com/watch?v=t8-l_45fljc","searchQuery":"","pageNumber":""},{"videoId":"_ZUxLuGfSlY","name":"","title":"","description":"The sole survivor of an infamous slasher killer grapples with her past while trying to overcome the loss of her murdered friends.","channelTitle":"Boxoffice | THRILLERS | Full Movies","channelId":"UCvxeYDOSv2PKcSgIckhgsbQ","publishedAt":"2025-11-14T13:01:26","thumbnails":{"medium":{"url":"https://i.ytimg.com/vi/_ZUxLuGfSlY/mqdefault.jpg","width":320,"height":180},"high":{"url":"https://i.ytimg.com/vi/_ZUxLuGfSlY/hqdefault.jpg","width":480,"height":360},"default":{"url":"https://i.ytimg.com/vi/_ZUxLuGfSlY/default.jpg","width":120,"height":90}},"url":"https://www.youtube.com/watch?v=_ZUxLuGfSlY","searchQuery":"","pageNumber":""},{"videoId":"infoAimAL6w","name":"Unnamed","title":"Unnamed","description":"Ijeoma (Ee-joe-mah) is a young Nigerian woman who struggles to get by as a hairdresser in the poor and undeveloped Benin City ...","channelTitle":"Indie Rights Movies For Free","channelId":"UCJuyiB0GT9-q92gC_M3XLpg","publishedAt":"2025-08-03T17:00:06","thumbnails":{"medium":{"url":"https://i.ytimg.com/vi/infoAimAL6w/mqdefault.jpg","width":320,"height":180},"high":{"url":"https://i.ytimg.com/vi/infoAimAL6w/hqdefault.jpg","width":480,"height":360},"default":{"url":"https://i.ytimg.com/vi/infoAimAL6w/default.jpg","width":120,"height":90}},"url":"https://www.youtube.com/watch?v=infoAimAL6w","searchQuery":"","pageNumber":""},{"videoId":"0Xa7fsEQDjU","name":"","title":"","description":"Instinct to kill (2001). The serial killer's deceptions. Full action thriller movie. SYNOPSIS Escaped serial killer James Becket, who ...","channelTitle":"Mediatime Network","channelId":"UCsJ_ndX9MKprtGcD0glG_pg","publishedAt":"2025-06-07T11:30:02","thumbnails":{"medium":{"url":"https://i.ytimg.com/vi/0Xa7fsEQDjU/mqdefault.jpg","width":320,"height":180},"high":{"url":"https://i.ytimg.com/vi/0Xa7fsEQDjU/hqdefault.jpg","width":480,"height":360},"default":{"url":"https://i.ytimg.com/vi/0Xa7fsEQDjU/default.jpg","width":120,"height":90}},"url":"https://www.youtube.com/watch?v=0Xa7fsEQDjU","searchQuery":"","pageNumber":""},{"videoId":"S09xJKpMsNo","name":"","title":"","description":"Cinema from the past, for the viewers of today. 🎞️ This channel shares rare, classic, and hard-to-find films for cinematic ...","channelTitle":"Anna Mariya","channelId":"UCKa7tr6cA7HGZaRAKEbRoSQ","publishedAt":"2025-07-04T19:00:26","thumbnails":{"medium":{"url":"https://i.ytimg.com/vi/S09xJKpMsNo/mqdefault.jpg","width":320,"height":180},"high":{"url":"https://i.ytimg.com/vi/S09xJKpMsNo/hqdefault.jpg","width":480,"height":360},"default":{"url":"https://i.ytimg.com/vi/S09xJKpMsNo/default.jpg","width":120,"height":90}},"url":"https://www.youtube.com/watch?v=S09xJKpMsNo","searchQuery":"","pageNumber":""},{"videoId":"b-tCtzXRjLg","name":"Bad Women","title":"Bad Women","description":"Title: BAD WOMEN (aka MALA) Summary: Rosario is a paid assassin who kills men who mistreat or abuse women. When the ...","channelTitle":"WATCH ACTION MOVIES NOW","channelId":"UC2GMmYhVM9B1zJDbWK5wGRg","publishedAt":"2025-03-26T17:00:48","thumbnails":{"medium":{"url":"https://i.ytimg.com/vi/b-tCtzXRjLg/mqdefault.jpg","width":320,"height":180},"high":{"url":"https://i.ytimg.com/vi/b-tCtzXRjLg/hqdefault.jpg","width":480,"height":360},"default":{"url":"https://i.ytimg.com/vi/b-tCtzXRjLg/default.jpg","width":120,"height":90}},"url":"https://www.youtube.com/watch?v=b-tCtzXRjLg","searchQuery":"","pageNumber":""},{"videoId":"9uptArO0gW8","name":"The Student and the Professor","title":"The Student and the Professor","description":"Tony Lord, un avocat, retourne dans sa ville natale pour défendre un ami professeur qui est accusé du meurtre d'un étudiant.","channelTitle":"Boxoffice | DRAMES | Film Complets","channelId":"UCFpXESwoWagEfrk-lkM5aig","publishedAt":"2022-11-25T20:00:04","thumbnails":{"medium":{"url":"https://i.ytimg.com/vi/9uptArO0gW8/mqdefault.jpg","width":320,"height":180},"high":{"url":"https://i.ytimg.com/vi/9uptArO0gW8/hqdefault.jpg","width":480,"height":360},"default":{"url":"https://i.ytimg.com/vi/9uptArO0gW8/default.jpg","width":120,"height":90}},"url":"https://www.youtube.com/watch?v=9uptArO0gW8","searchQuery":"","pageNumber":""},{"videoId":"LFA-dFFOOWI","name":"The Rabbit's Gambit","title":"The Rabbit's Gambit","description":"Risking Everything to Save His Family | Rabbit | Action Thriller Movie After finding out his brother is missing, a man returns to the ...","channelTitle":"Movie Central","channelId":"UCGBzBkV-MinlBvHBzZawfLQ","publishedAt":"2025-10-04T12:00:41","thumbnails":{"medium":{"url":"https://i.ytimg.com/vi/LFA-dFFOOWI/mqdefault.jpg","width":320,"height":180},"high":{"url":"https://i.ytimg.com/vi/LFA-dFFOOWI/hqdefault.jpg","width":480,"height":360},"default":{"url":"https://i.ytimg.com/vi/LFA-dFFOOWI/default.jpg","width":120,"height":90}},"url":"https://www.youtube.com/watch?v=LFA-dFFOOWI","searchQuery":"","pageNumber":""},{"videoId":"hRKA74YqKk8","name":"Murder Mystery","title":"Murder Mystery","description":"Amy Bradford, the beautiful small town veterinarian and crime scene investigator, just lost her best friend in a car accident.","channelTitle":"Cinema First","channelId":"UCyiUQhgQBn1XqgtUkW5XrFA","publishedAt":"2023-10-23T15:40:26","thumbnails":{"medium":{"url":"https://i.ytimg.com/vi/hRKA74YqKk8/mqdefault.jpg","width":320,"height":180},"high":{"url":"https://i.ytimg.com/vi/hRKA74YqKk8/hqdefault.jpg","width":480,"height":360},"default":{"url":"https://i.ytimg.com/vi/hRKA74YqKk8/default.jpg","width":120,"height":90}},"url":"https://www.youtube.com/watch?v=hRKA74YqKk8","searchQuery":"","pageNumber":""},{"videoId":"Om27SRAYRN4","name":"This Forest","title":"This Forest","description":"This Forest Thriller Will Keep You Up All Night | The Beast | Full Movie The Beast A group of friends go on a hike in a remote forest ...","channelTitle":"Nexus Cinematic","channelId":"UC_eutE-ezLubHRJsY5gNUJw","publishedAt":"2025-07-24T09:57:09","thumbnails":{"medium":{"url":"https://i.ytimg.com/vi/Om27SRAYRN4/mqdefault.jpg","width":320,"height":180},"high":{"url":"https://i.ytimg.com/vi/Om27SRAYRN4/hqdefault.jpg","width":480,"height":360},"default":{"url":"https://i.ytimg.com/vi/Om27SRAYRN4/default.jpg","width":120,"height":90}},"url":"https://www.youtube.com/watch?v=Om27SRAYRN4","searchQuery":"","pageNumber":""},{"videoId":"4nJrYMJo1DY","name":"Desiree","title":"Desiree","description":"Tension Builds Every Minute | DESIREE | Thriller Online Name: Desiree A chemist wakes up in a New Orleans jail with no ...","channelTitle":"FILMDOMINION","channelId":"UCQj0Q8lWZNTFNHwoS9XmHdg","publishedAt":"2025-11-05T20:00:03","thumbnails":{"medium":{"url":"https://i.ytimg.com/vi/4nJrYMJo1DY/mqdefault.jpg","width":320,"height":180},"high":{"url":"https://i.ytimg.com/vi/4nJrYMJo1DY/hqdefault.jpg","width":480,"height":360},"default":{"url":"https://i.ytimg.com/vi/4nJrYMJo1DY/default.jpg","width":120,"height":90}},"url":"https://www.youtube.com/watch?v=4nJrYMJo1DY","searchQuery":"","pageNumber":""},{"videoId":"GbmSyB8OHho","name":"Desecration","title":"Desecration","description":"A respected doctor's weekend affair with a seductive younger woman spirals into a dangerous game of obsession, blackmail, and ...","channelTitle":"THE STREAM - Movies and More","channelId":"UC1JjWrQJ0a_IwpyXA_ptt1A","publishedAt":"2025-10-07T22:00:22","thumbnails":{"medium":{"url":"https://i.ytimg.com/vi/GbmSyB8OHho/mqdefault.jpg","width":320,"height":180},"high":{"url":"https://i.ytimg.com/vi/GbmSyB8OHho/hqdefault.jpg","width":480,"height":360},"default":{"url":"https://i.ytimg.com/vi/GbmSyB8OHho/default.jpg","width":120,"height":90}},"url":"https://www.youtube.com/watch?v=GbmSyB8OHho","searchQuery":"","pageNumber":""},{"videoId":"7AE-AZinFuM","name":"Divorced","title":"Divorced","description":"DIVORCED. Directed by Jamie Grefe (Anatomy Lab), DIVORCED is a suspense drama feature about Peter and Nancy, a married ...","channelTitle":"CinemaEpoch","channelId":"UCFE7ROruPkKyKtpk0u0-4NA","publishedAt":"2025-08-01T03:09:15","thumbnails":{"medium":{"url":"https://i.ytimg.com/vi/7AE-AZinFuM/mqdefault.jpg","width":320,"height":180},"high":{"url":"https://i.ytimg.com/vi/7AE-AZinFuM/hqdefault.jpg","width":480,"height":360},"default":{"url":"https://i.ytimg.com/vi/7AE-AZinFuM/default.jpg","width":120,"height":90}},"url":"https://www.youtube.com/watch?v=7AE-AZinFuM","searchQuery":"","pageNumber":""},{"videoId":"hmdahe8DMwo","name":"A Gangster Off the Streets","title":"A Gangster Off the Streets","description":"Out of prison and back on the streets, a man struggles to stay clean while facing old enemies, broken trust, and a world that hasn't ...","channelTitle":"Boxoffice | DRAMA | Full Movies","channelId":"UCe5FAshoggE3iAd7Okt45IQ","publishedAt":"2025-08-12T12:01:26","thumbnails":{"medium":{"url":"https://i.ytimg.com/vi/hmdahe8DMwo/mqdefault.jpg","width":320,"height":180},"high":{"url":"https://i.ytimg.com/vi/hmdahe8DMwo/hqdefault.jpg","width":480,"height":360},"default":{"url":"https://i.ytimg.com/vi/hmdahe8DMwo/default.jpg","width":120,"height":90}},"url":"https://www.youtube.com/watch?v=hmdahe8DMwo","searchQuery":"","pageNumber":""},{"videoId":"LbEL6dbTK7Q","name":"Dangerous Sniper","title":"Dangerous Sniper","description":"Dangerous Sniper | Attack Thriller Hollywood Full Action Movie English HD Subscribe Ours Channel For More Upload English ...","channelTitle":"Oye Filmy","channelId":"UCRUrr0TOyphkkzTCxqz6D-w","publishedAt":"2024-06-22T03:00:11","thumbnails":{"medium":{"url":"https://i.ytimg.com/vi/LbEL6dbTK7Q/mqdefault.jpg","width":320,"height":180},"high":{"url":"https://i.ytimg.com/vi/LbEL6dbTK7Q/hqdefault.jpg","width":480,"height":360},"default":{"url":"https://i.ytimg.com/vi/LbEL6dbTK7Q/default.jpg","width":120,"height":90}},"url":"https://www.youtube.com/watch?v=LbEL6dbTK7Q","searchQuery":"","pageNumber":""}]