[{"videoId":"qGr-ZDYDNj0","name":"Blind Love","title":"Blind Love","description":"A woman becomes mesmerised by a man's singing, unaware of his criminal side. However, when she loses her eyesight in a ...","channelTitle":"English Movie Cafe","channelId":"UCFsH3moRqbLxBpaXJRSJ5bg","publishedAt":"2025-08-16T08:35:23","thumbnails":{"medium":{"url":"https://i.ytimg.com/vi/qGr-ZDYDNj0/mqdefault.jpg","width":320,"height":180},"high":{"url":"https://i.ytimg.com/vi/qGr-ZDYDNj0/hqdefault.jpg","width":480,"height":360},"default":{"url":"https://i.ytimg.com/vi/qGr-ZDYDNj0/default.jpg","width":120,"height":90}},"url":"https://www.youtube.com/watch?v=qGr-ZDYDNj0","searchQuery":"","pageNumber":""},{"videoId":"IUcGvoAWp_c","name":"Friendship","title":"Friendship","description":"Friendship (2024) | New English Dubbed Full Movie | Latest Action Thriller | Arjun | Harbhajan Singh | With English Subtitle ...","channelTitle":"New Generation","channelId":"UC8U_BxE6KxcdxDPHdNlOUZw","publishedAt":"2024-07-05T13:30:10","thumbnails":{"medium":{"url":"https://i.ytimg.com/vi/IUcGvoAWp_c/mqdefault.jpg","width":320,"height":180},"high":{"url":"https://i.ytimg.com/vi/IUcGvoAWp_c/hqdefault.jpg","width":480,"height":360},"default":{"url":"https://i.ytimg.com/vi/IUcGvoAWp_c/default.jpg","width":120,"height":90}},"url":"https://www.youtube.com/watch?v=IUcGvoAWp_c","searchQuery":"","pageNumber":""},{"videoId":"2iBszdtXRqY","name":"The Silence of the Shouts","title":"The Silence of the Shouts","description":"【Chinese Name】沉默的呼喊【Starring】唐以诺Tang Yinuo / 黄璐Huang Lu 【Synopsis】Gouwa's peaceful and boring life like ...","channelTitle":"China Movie Channel ENGLISH","channelId":"UCGhGr_hznZxISOI_kaLWpfw","publishedAt":"2023-03-23T14:00:01","thumbnails":{"medium":{"url":"https://i.ytimg.com/vi/2iBszdtXRqY/mqdefault.jpg","width":320,"height":180},"high":{"url":"https://i.ytimg.com/vi/2iBszdtXRqY/hqdefault.jpg","width":480,"height":360},"default":{"url":"https://i.ytimg.com/vi/2iBszdtXRqY/default.jpg","width":120,"height":90}},"url":"https://www.youtube.com/watch?v=2iBszdtXRqY","searchQuery":"","pageNumber":""},{"videoId":"hhEfvIlwPGA","name":"The Great Father","title":"The Great Father","description":"Subscribe New Generation : https://www.youtube.com/c/NewGenerationMovies Movie : The Great Father Written & Directed By ...","channelTitle":"New Generation","channelId":"UC8U_BxE6KxcdxDPHdNlOUZw","publishedAt":"2024-12-27T08:30:17","thumbnails":{"medium":{"url":"https://i.ytimg.com/vi/hhEfvIlwPGA/mqdefault.jpg","width":320,"height":180},"high":{"url":"https://i.ytimg.com/vi/hhEfvIlwPGA/hqdefault.jpg","width":480,"height":360},"default":{"url":"https://i.ytimg.com/vi/hhEfvIlwPGA/default.jpg","width":120,"height":90}},"url":"https://www.youtube.com/watch?v=hhEfvIlwPGA","searchQuery":"","pageNumber":""},{"videoId":"thoGWMmw7Fk","name":"Trust No One","title":"Trust No One","description":"Next Stop Murder is a gripping thriller set against the backdrop of a city transit system where danger lurks at every stop. When a ...","channelTitle":"FullFlicks Central","channelId":"UC4C1XRkGy8B3WKAaJoz9S8Q","publishedAt":"2025-09-04T15:01:40","thumbnails":{"medium":{"url":"https://i.ytimg.com/vi/thoGWMmw7Fk/mqdefault.jpg","width":320,"height":180},"high":{"url":"https://i.ytimg.com/vi/thoGWMmw7Fk/hqdefault.jpg","width":480,"height":360},"default":{"url":"https://i.ytimg.com/vi/thoGWMmw7Fk/default.jpg","width":120,"height":90}},"url":"https://www.youtube.com/watch?v=thoGWMmw7Fk","searchQuery":"","pageNumber":""},{"videoId":"OXzA4ulQiS4","name":"Proud Damned","title":"Proud Damned","description":"Proud Damned - Action Movies Full Length English | Full Hollywood Action Movie With English Substitles If you like our movies ...","channelTitle":"SAB Cinema Zone","channelId":"UCn8OaYxe51X32MHJyYb1PNg","publishedAt":"2025-10-13T11:43:40","thumbnails":{"medium":{"url":"https://i.ytimg.com/vi/OXzA4ulQiS4/mqdefault.jpg","width":320,"height":180},"high":{"url":"https://i.ytimg.com/vi/OXzA4ulQiS4/hqdefault.jpg","width":480,"height":360},"default":{"url":"https://i.ytimg.com/vi/OXzA4ulQiS4/default.jpg","width":120,"height":90}},"url":"https://www.youtube.com/watch?v=OXzA4ulQiS4","searchQuery":"","pageNumber":""},{"videoId":"37Dn1SJ9vnY","name":"Forbidden Lesson","title":"Forbidden Lesson","description":"A college professor falls in love with an extraordinary student from his university | A Romantic Story of Forbidden Love \"We Belong ...","channelTitle":"Popcorn Movie Night","channelId":"UCotgUK1dLNWIzhkoEAg7YHw","publishedAt":"2025-06-06T18:30:06","thumbnails":{"medium":{"url":"https://i.ytimg.com/vi/37Dn1SJ9vnY/mqdefault.jpg","width":320,"height":180},"high":{"url":"https://i.ytimg.com/vi/37Dn1SJ9vnY/hqdefault.jpg","width":480,"height":360},"default":{"url":"https://i.ytimg.com/vi/37Dn1SJ9vnY/default.jpg","width":120,"height":90}},"url":"https://www.youtube.com/watch?v=37Dn1SJ9vnY","searchQuery":"","pageNumber":""},{"videoId":"v10r4r4hTEU","name":"Sugar Daddies","title":"Sugar Daddies","description":"Never miss a single new movie film - subscribe here ...","channelTitle":"Reel Vision Movies","channelId":"UCa4F2_aWoY96vB8VuC5ViCw","publishedAt":"2025-08-06T19:01:02","thumbnails":{"medium":{"url":"https://i.ytimg.com/vi/v10r4r4hTEU/mqdefault.jpg","width":320,"height":180},"high":{"url":"https://i.ytimg.com/vi/v10r4r4hTEU/hqdefault.jpg","width":480,"height":360},"default":{"url":"https://i.ytimg.com/vi/v10r4r4hTEU/default.jpg","width":120,"height":90}},"url":"https://www.youtube.com/watch?v=v10r4r4hTEU","searchQuery":"","pageNumber":""},{"videoId":"Fx5lxSERQ5U","name":"give you","title":"give you","description":"A psychological thriller that will give you goose bumps | The Echo Game | Full Movie Echo Game, The The Echo Game is an ...","channelTitle":"Lightlark cinema","channelId":"UC7SW5dUp6vAZOkKlLLfaiPQ","publishedAt":"2025-08-05T19:00:15","thumbnails":{"medium":{"url":"https://i.ytimg.com/vi/Fx5lxSERQ5U/mqdefault.jpg","width":320,"height":180},"high":{"url":"https://i.ytimg.com/vi/Fx5lxSERQ5U/hqdefault.jpg","width":480,"height":360},"default":{"url":"https://i.ytimg.com/vi/Fx5lxSERQ5U/default.jpg","width":120,"height":90}},"url":"https://www.youtube.com/watch?v=Fx5lxSERQ5U","searchQuery":"","pageNumber":""},{"videoId":"0GZXyIiO-f8","name":"When Justice Fails","title":"When Justice Fails","description":"WHEN JUSTICE FAILS, revenge is the only answer in this crime thriller / full films in english   You Should Have Killed Me In the ...","channelTitle":"Bright dream production","channelId":"UCAqvUHcQYxPqVLCgUaxX-HA","publishedAt":"2025-01-27T11:05:06","thumbnails":{"medium":{"url":"https://i.ytimg.com/vi/0GZXyIiO-f8/mqdefault.jpg","width":320,"height":180},"high":{"url":"https://i.ytimg.com/vi/0GZXyIiO-f8/hqdefault.jpg","width":480,"height":360},"default":{"url":"https://i.ytimg.com/vi/0GZXyIiO-f8/default.jpg","width":120,"height":90}},"url":"https://www.youtube.com/watch?v=0GZXyIiO-f8","searchQuery":"","pageNumber":""}]