[{"videoId":"199XHlE7gWw","name":"My Little Lover","title":"My Little Lover","description":"Minami kun and Chiyomi are childhood friends and they once promised toget married when they were little. However, when ...","channelTitle":"DRAMA JAPAN","channelId":"UC0ZS5uoffMI38pZYso11xFg","publishedAt":"2020-04-10T05:21:57","thumbnails":{"medium":{"url":"https://i.ytimg.com/vi/199XHlE7gWw/mqdefault.jpg","width":320,"height":180},"high":{"url":"https://i.ytimg.com/vi/199XHlE7gWw/hqdefault.jpg","width":480,"height":360},"default":{"url":"https://i.ytimg.com/vi/199XHlE7gWw/default.jpg","width":120,"height":90}},"url":"https://www.youtube.com/watch?v=199XHlE7gWw","searchQuery":"","pageNumber":""},{"videoId":"fXMJIJWPL1A","name":"Marathon: Real Life Love Story 4","title":"Marathon: Real Life Love Story 4","description":"SUBSCRIBE & SHARE! ☆DINGO K-DRAMA click http://bit.ly/Dingo_K-Drama ☆BEST: ...","channelTitle":"띵픽","channelId":"UC9_XmEfjzwIsXLehscbhbmw","publishedAt":"2019-01-06T14:00:05","thumbnails":{"medium":{"url":"https://i.ytimg.com/vi/fXMJIJWPL1A/mqdefault.jpg","width":320,"height":180},"high":{"url":"https://i.ytimg.com/vi/fXMJIJWPL1A/hqdefault.jpg","width":480,"height":360},"default":{"url":"https://i.ytimg.com/vi/fXMJIJWPL1A/default.jpg","width":120,"height":90}},"url":"https://www.youtube.com/watch?v=fXMJIJWPL1A","searchQuery":"","pageNumber":""},{"videoId":"C5NoCCqp2lo","name":"Eighteen","title":"Eighteen","description":"EIGHTEEN NEW SERIES - ME... IN REAL LIFE: https://youtu.be/QvQZVQUuU9w EIGHTEEN - From the Producer of \"Thirteen\" and ...","channelTitle":"YAPTV","channelId":"UCApEEIEydWNAY_y6toksv4g","publishedAt":"2024-08-09T18:00:07","thumbnails":{"medium":{"url":"https://i.ytimg.com/vi/C5NoCCqp2lo/mqdefault.jpg","width":320,"height":180},"high":{"url":"https://i.ytimg.com/vi/C5NoCCqp2lo/hqdefault.jpg","width":480,"height":360},"default":{"url":"https://i.ytimg.com/vi/C5NoCCqp2lo/default.jpg","width":120,"height":90}},"url":"https://www.youtube.com/watch?v=C5NoCCqp2lo","searchQuery":"","pageNumber":""},{"videoId":"hQ_WvJG46Js","name":"See You After School","title":"See You After School","description":"cheezefilm.m@gmail.com - 배우지원 ※연기 영상을 꼭 첨부해주세요※ #웹드라마 #스케치코미디.","channelTitle":"CheezeFilm","channelId":"UCYn09ySlShmzBtYwl1OgOsA","publishedAt":"2024-06-25T09:00:39","thumbnails":{"medium":{"url":"https://i.ytimg.com/vi/hQ_WvJG46Js/mqdefault.jpg","width":320,"height":180},"high":{"url":"https://i.ytimg.com/vi/hQ_WvJG46Js/hqdefault.jpg","width":480,"height":360},"default":{"url":"https://i.ytimg.com/vi/hQ_WvJG46Js/default.jpg","width":120,"height":90}},"url":"https://www.youtube.com/watch?v=hQ_WvJG46Js","searchQuery":"","pageNumber":""},{"videoId":"hcjK5756638","name":"Class of Lies","title":"Class of Lies","description":"Title : Class of Lies Cast : Yun Kyun-sang, Keum Sae-rok, Choi Yu-hwa, Choi Kyu-jin, Han So-eun, Kim Myung-ji Plot : After a fatal ...","channelTitle":"Diggin’ K-Contents","channelId":"UCsJ_a9JujtcZUaeGlo3x4eg","publishedAt":"2024-04-14T14:00:27","thumbnails":{"medium":{"url":"https://i.ytimg.com/vi/hcjK5756638/mqdefault.jpg","width":320,"height":180},"high":{"url":"https://i.ytimg.com/vi/hcjK5756638/hqdefault.jpg","width":480,"height":360},"default":{"url":"https://i.ytimg.com/vi/hcjK5756638/default.jpg","width":120,"height":90}},"url":"https://www.youtube.com/watch?v=hcjK5756638","searchQuery":"","pageNumber":""},{"videoId":"fEWfGNO8LS8","name":"Fake Dating My Rich Nemesis","title":"Fake Dating My Rich Nemesis","description":"Get the full version now  : https://dramabox.onelink.me/dqUm/7kwrp437 Drama: Fake Dating My Rich Nemesis Here, you can ...","channelTitle":"Drama Fox","channelId":"UC8dAmlrJrUYBJcs09A430xg","publishedAt":"2025-08-15T12:25:09","thumbnails":{"medium":{"url":"https://i.ytimg.com/vi/fEWfGNO8LS8/mqdefault.jpg","width":320,"height":180},"high":{"url":"https://i.ytimg.com/vi/fEWfGNO8LS8/hqdefault.jpg","width":480,"height":360},"default":{"url":"https://i.ytimg.com/vi/fEWfGNO8LS8/default.jpg","width":120,"height":90}},"url":"https://www.youtube.com/watch?v=fEWfGNO8LS8","searchQuery":"","pageNumber":""},{"videoId":"UUzjoKtjQSY","name":"Cheer Up, Baby!","title":"Cheer Up, Baby!","description":"Drama: cheer up Baby! Here, you can find the latest, hottest and sweetest skits~ https://www.youtube.com/@drama_Fox ...","channelTitle":"Drama Fox","channelId":"UC8dAmlrJrUYBJcs09A430xg","publishedAt":"2025-07-29T11:00:47","thumbnails":{"medium":{"url":"https://i.ytimg.com/vi/UUzjoKtjQSY/mqdefault.jpg","width":320,"height":180},"high":{"url":"https://i.ytimg.com/vi/UUzjoKtjQSY/hqdefault.jpg","width":480,"height":360},"default":{"url":"https://i.ytimg.com/vi/UUzjoKtjQSY/default.jpg","width":120,"height":90}},"url":"https://www.youtube.com/watch?v=UUzjoKtjQSY","searchQuery":"","pageNumber":""},{"videoId":"v9-p4TdK2dY","name":"Became Her Boss","title":"Became Her Boss","description":"Copyright Owner : HuashiTV Copyright Disclaimer under section 107 of the Copyright Act of 1976, allowance is made for \"fair use\" ...","channelTitle":"Korean Wave Hallyu","channelId":"UCexUk1Ksi4uyKFaAPZknR6g","publishedAt":"2025-01-27T07:10:01","thumbnails":{"medium":{"url":"https://i.ytimg.com/vi/v9-p4TdK2dY/mqdefault.jpg","width":320,"height":180},"high":{"url":"https://i.ytimg.com/vi/v9-p4TdK2dY/hqdefault.jpg","width":480,"height":360},"default":{"url":"https://i.ytimg.com/vi/v9-p4TdK2dY/default.jpg","width":120,"height":90}},"url":"https://www.youtube.com/watch?v=v9-p4TdK2dY","searchQuery":"","pageNumber":""},{"videoId":"Vp7A4KKfyng","name":"Renting Love: The CEO's Decade-Long Devotion","title":"Renting Love: The CEO's Decade-Long Devotion","description":"For more wonderful vedios, please click： https://www.youtube.com/channel/UCJaHaax1s0G2BTycmfw7vMw/join Full English ...","channelTitle":" LiLi Drama","channelId":"UCJaHaax1s0G2BTycmfw7vMw","publishedAt":"2025-08-29T15:01:04","thumbnails":{"medium":{"url":"https://i.ytimg.com/vi/Vp7A4KKfyng/mqdefault.jpg","width":320,"height":180},"high":{"url":"https://i.ytimg.com/vi/Vp7A4KKfyng/hqdefault.jpg","width":480,"height":360},"default":{"url":"https://i.ytimg.com/vi/Vp7A4KKfyng/default.jpg","width":120,"height":90}},"url":"https://www.youtube.com/watch?v=Vp7A4KKfyng","searchQuery":"","pageNumber":""},{"videoId":"-LNxevkPaKc","name":"The Ruthless President's Captive Wife","title":"The Ruthless President's Captive Wife","description":"Korean high school drama in hindi explained Chinese school drama in hindi Explained Japanese drama in hindi explained ...","channelTitle":"Iconic Wave Drama","channelId":"UCbUJU08meIyRP-Wjliom4Ig","publishedAt":"2025-05-18T09:20:18","thumbnails":{"medium":{"url":"https://i.ytimg.com/vi/-LNxevkPaKc/mqdefault.jpg","width":320,"height":180},"high":{"url":"https://i.ytimg.com/vi/-LNxevkPaKc/hqdefault.jpg","width":480,"height":360},"default":{"url":"https://i.ytimg.com/vi/-LNxevkPaKc/default.jpg","width":120,"height":90}},"url":"https://www.youtube.com/watch?v=-LNxevkPaKc","searchQuery":"","pageNumber":""},{"videoId":"45x3rRcSyGk","name":"The Silent Boy Gives Bullies a Lesson","title":"The Silent Boy Gives Bullies a Lesson","description":"Silent Boy Give Bullies A Lesson | Best High School Korean Drama Explained In Hindi #movie #kroeandrama #kdrama We ...","channelTitle":"Kdrama Explain By Manoj","channelId":"UCmUsB91SJUG2Nz6hRCVOxsg","publishedAt":"2025-05-01T12:09:42","thumbnails":{"medium":{"url":"https://i.ytimg.com/vi/45x3rRcSyGk/mqdefault.jpg","width":320,"height":180},"high":{"url":"https://i.ytimg.com/vi/45x3rRcSyGk/hqdefault.jpg","width":480,"height":360},"default":{"url":"https://i.ytimg.com/vi/45x3rRcSyGk/default.jpg","width":120,"height":90}},"url":"https://www.youtube.com/watch?v=45x3rRcSyGk","searchQuery":"","pageNumber":""},{"videoId":"kAGzZNrDcds","name":"From the Disdained...","title":"From the Disdained...","description":"Hello, this is Choco Drama  /@Choco-film Here, you can find the latest, hottest, and sweetest short drama~ 【真千金她只谋 ...","channelTitle":"Choco Drama","channelId":"UC-DOyqxl_nH7BKyJMLma_XA","publishedAt":"2025-10-09T12:30:55","thumbnails":{"medium":{"url":"https://i.ytimg.com/vi/kAGzZNrDcds/mqdefault.jpg","width":320,"height":180},"high":{"url":"https://i.ytimg.com/vi/kAGzZNrDcds/hqdefault.jpg","width":480,"height":360},"default":{"url":"https://i.ytimg.com/vi/kAGzZNrDcds/default.jpg","width":120,"height":90}},"url":"https://www.youtube.com/watch?v=kAGzZNrDcds","searchQuery":"","pageNumber":""},{"videoId":"_rS2He0MdlI","name":"After a Long Separation, I Still Love You","title":"After a Long Separation, I Still Love You","description":"English Dubbing Full Version: Hey, drama enthusiasts! Welcome to the dazzling Drama Glitz Channel! We're serving up the ...","channelTitle":"Drama Glitz","channelId":"UCuyvaRuDaB-0T8ZlVERzyug","publishedAt":"2025-10-27T01:00:43","thumbnails":{"medium":{"url":"https://i.ytimg.com/vi/_rS2He0MdlI/mqdefault.jpg","width":320,"height":180},"high":{"url":"https://i.ytimg.com/vi/_rS2He0MdlI/hqdefault.jpg","width":480,"height":360},"default":{"url":"https://i.ytimg.com/vi/_rS2He0MdlI/default.jpg","width":120,"height":90}},"url":"https://www.youtube.com/watch?v=_rS2He0MdlI","searchQuery":"","pageNumber":""},{"videoId":"qA1Xp22lC6s","name":"The Abandoned Girl","title":"The Abandoned Girl","description":"A determined girl uses rescued dogs to teach her town the true meaning of Christmas during hard times. Snapchat ...","channelTitle":"Boxoffice | DRAMA | Full Movies","channelId":"UCe5FAshoggE3iAd7Okt45IQ","publishedAt":"2025-04-06T12:01:09","thumbnails":{"medium":{"url":"https://i.ytimg.com/vi/qA1Xp22lC6s/mqdefault.jpg","width":320,"height":180},"high":{"url":"https://i.ytimg.com/vi/qA1Xp22lC6s/hqdefault.jpg","width":480,"height":360},"default":{"url":"https://i.ytimg.com/vi/qA1Xp22lC6s/default.jpg","width":120,"height":90}},"url":"https://www.youtube.com/watch?v=qA1Xp22lC6s","searchQuery":"","pageNumber":""},{"videoId":"dZER4f1TAxM","name":"Cold CEO Hates All Fake Women Except Me","title":"Cold CEO Hates All Fake Women Except Me","description":"Hello, this is Sunshine Drama✨the most popular hit short drama on the whole network is here! Regular updates every day, don't ...","channelTitle":"Sunshine Drama","channelId":"UClwTPj2OJGAHXkgLTb4kQCg","publishedAt":"2025-09-10T10:00:58","thumbnails":{"medium":{"url":"https://i.ytimg.com/vi/dZER4f1TAxM/mqdefault.jpg","width":320,"height":180},"high":{"url":"https://i.ytimg.com/vi/dZER4f1TAxM/hqdefault.jpg","width":480,"height":360},"default":{"url":"https://i.ytimg.com/vi/dZER4f1TAxM/default.jpg","width":120,"height":90}},"url":"https://www.youtube.com/watch?v=dZER4f1TAxM","searchQuery":"","pageNumber":""},{"videoId":"XheBR_DDPuA","name":"Reborn Rich After My Family Killed Me","title":"Reborn Rich After My Family Killed Me","description":"Subscribe now for more new Chinese short dramas with Eng Sub: https://shorturl.at/ccZwb ▷▷More Free Dramas: ...","channelTitle":"CDrama English","channelId":"UC12kGfpmvTXLFfXVkrXlYtA","publishedAt":"2025-07-26T09:30:14","thumbnails":{"medium":{"url":"https://i.ytimg.com/vi/XheBR_DDPuA/mqdefault.jpg","width":320,"height":180},"high":{"url":"https://i.ytimg.com/vi/XheBR_DDPuA/hqdefault.jpg","width":480,"height":360},"default":{"url":"https://i.ytimg.com/vi/XheBR_DDPuA/default.jpg","width":120,"height":90}},"url":"https://www.youtube.com/watch?v=XheBR_DDPuA","searchQuery":"","pageNumber":""},{"videoId":"sfPpyauZ-TY","name":"From Simp to King","title":"From Simp to King","description":"Welcome everyone! Here, we celebrate the strongest bond: family! ‍  ‍  ‍     Get your tissues ready, because our short dramas ...","channelTitle":"Sweetheart TV","channelId":"UC6dmpd1duFMZCPwx9JfIZ5A","publishedAt":"2025-11-03T11:01:54","thumbnails":{"medium":{"url":"https://i.ytimg.com/vi/sfPpyauZ-TY/mqdefault.jpg","width":320,"height":180},"high":{"url":"https://i.ytimg.com/vi/sfPpyauZ-TY/hqdefault.jpg","width":480,"height":360},"default":{"url":"https://i.ytimg.com/vi/sfPpyauZ-TY/default.jpg","width":120,"height":90}},"url":"https://www.youtube.com/watch?v=sfPpyauZ-TY","searchQuery":"","pageNumber":""},{"videoId":"HTzGuB_DwHU","name":"Forbidden Boyfriend","title":"Forbidden Boyfriend","description":"A young girl moves to a town where there's no place to dance except the school dance team. But when the boyfriend of the team's ...","channelTitle":"Boxoffice | TEENS | Full Movies","channelId":"UCYqHX3W_T00U7RbfJzDE4eQ","publishedAt":"2024-12-07T13:00:06","thumbnails":{"medium":{"url":"https://i.ytimg.com/vi/HTzGuB_DwHU/mqdefault.jpg","width":320,"height":180},"high":{"url":"https://i.ytimg.com/vi/HTzGuB_DwHU/hqdefault.jpg","width":480,"height":360},"default":{"url":"https://i.ytimg.com/vi/HTzGuB_DwHU/default.jpg","width":120,"height":90}},"url":"https://www.youtube.com/watch?v=HTzGuB_DwHU","searchQuery":"","pageNumber":""},{"videoId":"-kJ8_ZQTw6o","name":"The CEO's Unexpected Love","title":"The CEO's Unexpected Love","description":"Welcome to subscribe to this channel ⁨@BoomShortFilmNO1⁩ #Cinderella #boss #Chasingwifecrematorium #Exciting short play ...","channelTitle":"BlessedBits","channelId":"UCz2IGn-ranovRu9zbc7hUPg","publishedAt":"2025-09-22T12:29:51","thumbnails":{"medium":{"url":"https://i.ytimg.com/vi/-kJ8_ZQTw6o/mqdefault.jpg","width":320,"height":180},"high":{"url":"https://i.ytimg.com/vi/-kJ8_ZQTw6o/hqdefault.jpg","width":480,"height":360},"default":{"url":"https://i.ytimg.com/vi/-kJ8_ZQTw6o/default.jpg","width":120,"height":90}},"url":"https://www.youtube.com/watch?v=-kJ8_ZQTw6o","searchQuery":"","pageNumber":""},{"videoId":"39dWEfHoVsk","name":"Encountering You in the Vast Sky","title":"Encountering You in the Vast Sky","description":"English Dubbing Full Version: Hey, drama enthusiasts! Welcome to the dazzling Drama Glitz Channel! We're serving up the ...","channelTitle":"Drama Glitz","channelId":"UCuyvaRuDaB-0T8ZlVERzyug","publishedAt":"2025-09-29T01:00:04","thumbnails":{"medium":{"url":"https://i.ytimg.com/vi/39dWEfHoVsk/mqdefault.jpg","width":320,"height":180},"high":{"url":"https://i.ytimg.com/vi/39dWEfHoVsk/hqdefault.jpg","width":480,"height":360},"default":{"url":"https://i.ytimg.com/vi/39dWEfHoVsk/default.jpg","width":120,"height":90}},"url":"https://www.youtube.com/watch?v=39dWEfHoVsk","searchQuery":"","pageNumber":""},{"videoId":"JnAGcJ2A6Ug","name":"Unfinished Business","title":"Unfinished Business","description":"After getting suspended from his football team, a student's reliance on ADHD medication spirals out of control as he fights to ...","channelTitle":"Full Movies in English HD","channelId":"UCtkUhM2VZjvoQEhOLmSzaNg","publishedAt":"2025-09-26T12:00:41","thumbnails":{"medium":{"url":"https://i.ytimg.com/vi/JnAGcJ2A6Ug/mqdefault.jpg","width":320,"height":180},"high":{"url":"https://i.ytimg.com/vi/JnAGcJ2A6Ug/hqdefault.jpg","width":480,"height":360},"default":{"url":"https://i.ytimg.com/vi/JnAGcJ2A6Ug/default.jpg","width":120,"height":90}},"url":"https://www.youtube.com/watch?v=JnAGcJ2A6Ug","searchQuery":"","pageNumber":""},{"videoId":"frAOPtES2Ms","name":"Cinderella Meets Drugged CEO","title":"Cinderella Meets Drugged CEO","description":"Subscribe now for more new Chinese short dramas with Eng Sub: https://shorturl.at/ccZwb ▷▷More Free Dramas: ...","channelTitle":"CDrama English","channelId":"UC12kGfpmvTXLFfXVkrXlYtA","publishedAt":"2025-07-20T07:00:40","thumbnails":{"medium":{"url":"https://i.ytimg.com/vi/frAOPtES2Ms/mqdefault.jpg","width":320,"height":180},"high":{"url":"https://i.ytimg.com/vi/frAOPtES2Ms/hqdefault.jpg","width":480,"height":360},"default":{"url":"https://i.ytimg.com/vi/frAOPtES2Ms/default.jpg","width":120,"height":90}},"url":"https://www.youtube.com/watch?v=frAOPtES2Ms","searchQuery":"","pageNumber":""},{"videoId":"eFzymAHhCIU","name":"Billionaire Doctor","title":"Billionaire Doctor","description":"English Dubbing Full Version: Hey, drama enthusiasts! Welcome to the dazzling Drama Glitz Channel! We're serving up the ...","channelTitle":"Drama Glitz","channelId":"UCuyvaRuDaB-0T8ZlVERzyug","publishedAt":"2025-10-22T01:00:42","thumbnails":{"medium":{"url":"https://i.ytimg.com/vi/eFzymAHhCIU/mqdefault.jpg","width":320,"height":180},"high":{"url":"https://i.ytimg.com/vi/eFzymAHhCIU/hqdefault.jpg","width":480,"height":360},"default":{"url":"https://i.ytimg.com/vi/eFzymAHhCIU/default.jpg","width":120,"height":90}},"url":"https://www.youtube.com/watch?v=eFzymAHhCIU","searchQuery":"","pageNumber":""},{"videoId":"Xme0I6T_Wr0","name":"Secrets Between Us","title":"Secrets Between Us","description":"Buod ng pelikula: Isang aksidente ang bumago sa lahat. Nawalan ng mukha, pangalan, at kapangyarihan si He Yan—isang ...","channelTitle":"FilDub - Tagalog Dubbed Short Dramas ","channelId":"UC0p2zmm3XYAkG91f9T7-wlQ","publishedAt":"2025-05-25T04:00:28","thumbnails":{"medium":{"url":"https://i.ytimg.com/vi/Xme0I6T_Wr0/mqdefault.jpg","width":320,"height":180},"high":{"url":"https://i.ytimg.com/vi/Xme0I6T_Wr0/hqdefault.jpg","width":480,"height":360},"default":{"url":"https://i.ytimg.com/vi/Xme0I6T_Wr0/default.jpg","width":120,"height":90}},"url":"https://www.youtube.com/watch?v=Xme0I6T_Wr0","searchQuery":"","pageNumber":""},{"videoId":"gQcJyxBR7Lk","name":"The Bad Boy","title":"The Bad Boy","description":"Click the link to download the app       https://dramabox.onelink.me/dqUm/asisz4sv ⭐Search title: The Bad Boy Who Ruined ...","channelTitle":"Eira Drama","channelId":"UCr1-X194ZilWycPU0-db2Dg","publishedAt":"2025-07-17T09:49:27","thumbnails":{"medium":{"url":"https://i.ytimg.com/vi/gQcJyxBR7Lk/mqdefault.jpg","width":320,"height":180},"high":{"url":"https://i.ytimg.com/vi/gQcJyxBR7Lk/hqdefault.jpg","width":480,"height":360},"default":{"url":"https://i.ytimg.com/vi/gQcJyxBR7Lk/default.jpg","width":120,"height":90}},"url":"https://www.youtube.com/watch?v=gQcJyxBR7Lk","searchQuery":"","pageNumber":""},{"videoId":"nO0TRZ-KyT0","name":"High School Cultivator Takes Over","title":"High School Cultivator Takes Over","description":"Click the link to download the app       https://www.flickreels.net/landing_page/289331 ⭐Search title: High School Cultivator ...","channelTitle":"Eira Drama","channelId":"UCr1-X194ZilWycPU0-db2Dg","publishedAt":"2025-09-03T04:07:17","thumbnails":{"medium":{"url":"https://i.ytimg.com/vi/nO0TRZ-KyT0/mqdefault.jpg","width":320,"height":180},"high":{"url":"https://i.ytimg.com/vi/nO0TRZ-KyT0/hqdefault.jpg","width":480,"height":360},"default":{"url":"https://i.ytimg.com/vi/nO0TRZ-KyT0/default.jpg","width":120,"height":90}},"url":"https://www.youtube.com/watch?v=nO0TRZ-KyT0","searchQuery":"","pageNumber":""},{"videoId":"IXYIphoy9zQ","name":"High School Cultivator Takes Over","title":"High School Cultivator Takes Over","description":"Click the link to download the app       https://www.flickreels.net/landing_page/476728 ⭐Search title: High School Cultivator ...","channelTitle":"Eira Drama","channelId":"UCr1-X194ZilWycPU0-db2Dg","publishedAt":"2025-10-31T08:45:07","thumbnails":{"medium":{"url":"https://i.ytimg.com/vi/IXYIphoy9zQ/mqdefault.jpg","width":320,"height":180},"high":{"url":"https://i.ytimg.com/vi/IXYIphoy9zQ/hqdefault.jpg","width":480,"height":360},"default":{"url":"https://i.ytimg.com/vi/IXYIphoy9zQ/default.jpg","width":120,"height":90}},"url":"https://www.youtube.com/watch?v=IXYIphoy9zQ","searchQuery":"","pageNumber":""},{"videoId":"mM2EimEjSOg","name":"Fake Dating My Rich Nemesis","title":"Fake Dating My Rich Nemesis","description":"Click the link to download the app       https://dramabox.onelink.me/dqUm/xu81olms ⭐Search title: Fake Dating My Rich ...","channelTitle":"Eira Drama","channelId":"UCr1-X194ZilWycPU0-db2Dg","publishedAt":"2025-08-20T09:17:08","thumbnails":{"medium":{"url":"https://i.ytimg.com/vi/mM2EimEjSOg/mqdefault.jpg","width":320,"height":180},"high":{"url":"https://i.ytimg.com/vi/mM2EimEjSOg/hqdefault.jpg","width":480,"height":360},"default":{"url":"https://i.ytimg.com/vi/mM2EimEjSOg/default.jpg","width":120,"height":90}},"url":"https://www.youtube.com/watch?v=mM2EimEjSOg","searchQuery":"","pageNumber":""},{"videoId":"Rm3cNHIubgg","name":"Taming My Bullies","title":"Taming My Bullies","description":"Get the full version now  :https://reelslink.com/cps/XS8mjm-025 Title: 【Taming My Bullies】 Emma Parker is a new transfer to ...","channelTitle":"CiCo Dramam","channelId":"UCOZOyQf6ZOlkJQovbFXXM4w","publishedAt":"2025-10-18T00:09:00","thumbnails":{"medium":{"url":"https://i.ytimg.com/vi/Rm3cNHIubgg/mqdefault.jpg","width":320,"height":180},"high":{"url":"https://i.ytimg.com/vi/Rm3cNHIubgg/hqdefault.jpg","width":480,"height":360},"default":{"url":"https://i.ytimg.com/vi/Rm3cNHIubgg/default.jpg","width":120,"height":90}},"url":"https://www.youtube.com/watch?v=Rm3cNHIubgg","searchQuery":"","pageNumber":""},{"videoId":"GAjw0ALb-kI","name":"Bullies Beware of the Billionaire Belle","title":"Bullies Beware of the Billionaire Belle","description":"Get the full version now  : https://gs.reelhunter.online/5358867845712465920 Title: 【Bullies Beware of the Billionaire Belle】 ...","channelTitle":"CiCo Dramam","channelId":"UCOZOyQf6ZOlkJQovbFXXM4w","publishedAt":"2025-05-28T07:49:18","thumbnails":{"medium":{"url":"https://i.ytimg.com/vi/GAjw0ALb-kI/mqdefault.jpg","width":320,"height":180},"high":{"url":"https://i.ytimg.com/vi/GAjw0ALb-kI/hqdefault.jpg","width":480,"height":360},"default":{"url":"https://i.ytimg.com/vi/GAjw0ALb-kI/default.jpg","width":120,"height":90}},"url":"https://www.youtube.com/watch?v=GAjw0ALb-kI","searchQuery":"","pageNumber":""},{"videoId":"0SRBKk7tcs8","name":"Marry a Billionaire!","title":"Marry a Billionaire!","description":"The content is related to film and television drama works, without any bad guidance. All the plot scenes are for performance ...","channelTitle":"Shinnosuke TV","channelId":"UC3296OT5U8uyIUUmrXrcPJg","publishedAt":"2025-10-13T08:40:53","thumbnails":{"medium":{"url":"https://i.ytimg.com/vi/0SRBKk7tcs8/mqdefault.jpg","width":320,"height":180},"high":{"url":"https://i.ytimg.com/vi/0SRBKk7tcs8/hqdefault.jpg","width":480,"height":360},"default":{"url":"https://i.ytimg.com/vi/0SRBKk7tcs8/default.jpg","width":120,"height":90}},"url":"https://www.youtube.com/watch?v=0SRBKk7tcs8","searchQuery":"","pageNumber":""},{"videoId":"xWOsyVPLER8","name":"Wonder High","title":"Wonder High","description":"TITLE : INK KINGDOM DIRECTOR : JOHN NJOROGE SCRIPT : Yommy INK KINGDOM SYNOPSIS High school life is an ...","channelTitle":"JVN Entertainment","channelId":"UCxt6zF2Yy_LRX7ffht6xwNQ","publishedAt":"2022-06-24T13:15:39","thumbnails":{"medium":{"url":"https://i.ytimg.com/vi/xWOsyVPLER8/mqdefault.jpg","width":320,"height":180},"high":{"url":"https://i.ytimg.com/vi/xWOsyVPLER8/hqdefault.jpg","width":480,"height":360},"default":{"url":"https://i.ytimg.com/vi/xWOsyVPLER8/default.jpg","width":120,"height":90}},"url":"https://www.youtube.com/watch?v=xWOsyVPLER8","searchQuery":"","pageNumber":""}]