[{"videoId":"ckcxMELNLVI","name":"Long Distance Relationship","title":"Long Distance Relationship","description":"Long Distance Relationship | Heart Touching Love Story || its Rustam follow me on Instagram ...","channelTitle":"its Rustam","channelId":"UC4JexsfywKo2WFk--9HiiZQ","publishedAt":"2025-03-17T11:26:56","thumbnails":{"medium":{"url":"https://i.ytimg.com/vi/ckcxMELNLVI/mqdefault.jpg","width":320,"height":180},"high":{"url":"https://i.ytimg.com/vi/ckcxMELNLVI/hqdefault.jpg","width":480,"height":360},"default":{"url":"https://i.ytimg.com/vi/ckcxMELNLVI/default.jpg","width":120,"height":90}},"url":"https://www.youtube.com/watch?v=ckcxMELNLVI","searchQuery":"","pageNumber":""},{"videoId":"sA5QWkDPa9E","name":"Stubborn Love","title":"Stubborn Love","description":"Welcome to Drama Box – The Kingdom of Emotions & Entertainment! Get ready to dive into a world full of drama, thrill, love, ...","channelTitle":"Drama_Box__","channelId":"UCJ9qTlgw3NGIYOMWwKkrUpw","publishedAt":"2025-10-30T11:04:37","thumbnails":{"medium":{"url":"https://i.ytimg.com/vi/sA5QWkDPa9E/mqdefault.jpg","width":320,"height":180},"high":{"url":"https://i.ytimg.com/vi/sA5QWkDPa9E/hqdefault.jpg","width":480,"height":360},"default":{"url":"https://i.ytimg.com/vi/sA5QWkDPa9E/default.jpg","width":120,"height":90}},"url":"https://www.youtube.com/watch?v=sA5QWkDPa9E","searchQuery":"","pageNumber":""},{"videoId":"mykGuMA2orU","name":"30 Years of HELL","title":"30 Years of HELL","description":"Watch MORE Episodes  https://link.stardust-tv.com/RUF1 Rebirth & Revenge：https://youtu.be/boAOkrEARD4 Cute Baby ...","channelTitle":"Puzzle Drama","channelId":"UCKlgLtv3pny3EmutkgPPbMQ","publishedAt":"2025-05-27T16:00:06","thumbnails":{"medium":{"url":"https://i.ytimg.com/vi/mykGuMA2orU/mqdefault.jpg","width":320,"height":180},"high":{"url":"https://i.ytimg.com/vi/mykGuMA2orU/hqdefault.jpg","width":480,"height":360},"default":{"url":"https://i.ytimg.com/vi/mykGuMA2orU/default.jpg","width":120,"height":90}},"url":"https://www.youtube.com/watch?v=mykGuMA2orU","searchQuery":"","pageNumber":""},{"videoId":"MaydcmUBJRM","name":"The CEO's Unlikely Love","title":"The CEO's Unlikely Love","description":"shortdrama,#romantic, #cdrama,#drama, #love, #movie#tvseries #chinesedrama #tvshow #shortfilm #ceo #EngSub ...","channelTitle":"Moon Rabbit Whispers","channelId":"UCjuSsw7aR1hmQZM2gKI5eqw","publishedAt":"2025-09-08T13:30:19","thumbnails":{"medium":{"url":"https://i.ytimg.com/vi/MaydcmUBJRM/mqdefault.jpg","width":320,"height":180},"high":{"url":"https://i.ytimg.com/vi/MaydcmUBJRM/hqdefault.jpg","width":480,"height":360},"default":{"url":"https://i.ytimg.com/vi/MaydcmUBJRM/default.jpg","width":120,"height":90}},"url":"https://www.youtube.com/watch?v=MaydcmUBJRM","searchQuery":"","pageNumber":""},{"videoId":"jfOhaHJKeOU","name":"The Wedding Day Betrayal","title":"The Wedding Day Betrayal","description":"The content is a professional plot interpretation, without any bad guidance, please do not imitate, minors are prohibited from ...","channelTitle":"Sweet Hearth Drama","channelId":"UCLbPeZJ5k1amD3Z9KRBlUFg","publishedAt":"2025-08-15T11:01:19","thumbnails":{"medium":{"url":"https://i.ytimg.com/vi/jfOhaHJKeOU/mqdefault.jpg","width":320,"height":180},"high":{"url":"https://i.ytimg.com/vi/jfOhaHJKeOU/hqdefault.jpg","width":480,"height":360},"default":{"url":"https://i.ytimg.com/vi/jfOhaHJKeOU/default.jpg","width":120,"height":90}},"url":"https://www.youtube.com/watch?v=jfOhaHJKeOU","searchQuery":"","pageNumber":""},{"videoId":"fOB6MgSau8M","name":"The CEO's First Love","title":"The CEO's First Love","description":"For more wonderful vedios, please click： https://www.youtube.com/channel/UC-nSRSw_kzYz-3AwdMHajFg/join Full English ...","channelTitle":"Cinderella Drama","channelId":"UC-nSRSw_kzYz-3AwdMHajFg","publishedAt":"2025-07-11T11:01:17","thumbnails":{"medium":{"url":"https://i.ytimg.com/vi/fOB6MgSau8M/mqdefault.jpg","width":320,"height":180},"high":{"url":"https://i.ytimg.com/vi/fOB6MgSau8M/hqdefault.jpg","width":480,"height":360},"default":{"url":"https://i.ytimg.com/vi/fOB6MgSau8M/default.jpg","width":120,"height":90}},"url":"https://www.youtube.com/watch?v=fOB6MgSau8M","searchQuery":"","pageNumber":""},{"videoId":"VwLFqEW-naQ","name":"The Mocked Foolish Girl","title":"The Mocked Foolish Girl","description":"For more wonderful vedios, please click： https://www.youtube.com/channel/UC-nSRSw_kzYz-3AwdMHajFg/join Full English ...","channelTitle":"Cinderella Drama","channelId":"UC-nSRSw_kzYz-3AwdMHajFg","publishedAt":"2025-06-27T10:30:18","thumbnails":{"medium":{"url":"https://i.ytimg.com/vi/VwLFqEW-naQ/mqdefault.jpg","width":320,"height":180},"high":{"url":"https://i.ytimg.com/vi/VwLFqEW-naQ/hqdefault.jpg","width":480,"height":360},"default":{"url":"https://i.ytimg.com/vi/VwLFqEW-naQ/default.jpg","width":120,"height":90}},"url":"https://www.youtube.com/watch?v=VwLFqEW-naQ","searchQuery":"","pageNumber":""},{"videoId":"amyu5C9s0q0","name":"The Crash's Gift: A Decade of Secret Love","title":"The Crash's Gift: A Decade of Secret Love","description":"For more wonderful vedios, please click： https://www.youtube.com/channel/UCJaHaax1s0G2BTycmfw7vMw/join Full English ...","channelTitle":" LiLi Drama","channelId":"UCJaHaax1s0G2BTycmfw7vMw","publishedAt":"2025-07-05T10:30:01","thumbnails":{"medium":{"url":"https://i.ytimg.com/vi/amyu5C9s0q0/mqdefault.jpg","width":320,"height":180},"high":{"url":"https://i.ytimg.com/vi/amyu5C9s0q0/hqdefault.jpg","width":480,"height":360},"default":{"url":"https://i.ytimg.com/vi/amyu5C9s0q0/default.jpg","width":120,"height":90}},"url":"https://www.youtube.com/watch?v=amyu5C9s0q0","searchQuery":"","pageNumber":""},{"videoId":"gij1oRSYxOc","name":"She Faked Death to Save Her Twins","title":"She Faked Death to Save Her Twins","description":"FULL EPISODES: https://star-cps.onelink.me/etLJ/xqkrpgth Synopsis: After the divorce, Lorraine gave birth to twins. In order to ...","channelTitle":"StardustTV - Movies & Dramas ","channelId":"UCaejXBXodD7rQwo_f4IYNvg","publishedAt":"2025-06-09T01:00:41","thumbnails":{"medium":{"url":"https://i.ytimg.com/vi/gij1oRSYxOc/mqdefault.jpg","width":320,"height":180},"high":{"url":"https://i.ytimg.com/vi/gij1oRSYxOc/hqdefault.jpg","width":480,"height":360},"default":{"url":"https://i.ytimg.com/vi/gij1oRSYxOc/default.jpg","width":120,"height":90}},"url":"https://www.youtube.com/watch?v=gij1oRSYxOc","searchQuery":"","pageNumber":""},{"videoId":"UyM6UYnbPQs","name":"The CEO's Sweet Reunion","title":"The CEO's Sweet Reunion","description":"drama #chinesedrama #ceo #cutbaby #chinesedramaengsub #shuangwen #love #romantic #rich #family Welcome to Spark ...","channelTitle":"Spark ShortDrama","channelId":"UC8ivmRrKtXQR3VViPuid6kQ","publishedAt":"2025-10-18T11:00:50","thumbnails":{"medium":{"url":"https://i.ytimg.com/vi/UyM6UYnbPQs/mqdefault.jpg","width":320,"height":180},"high":{"url":"https://i.ytimg.com/vi/UyM6UYnbPQs/hqdefault.jpg","width":480,"height":360},"default":{"url":"https://i.ytimg.com/vi/UyM6UYnbPQs/default.jpg","width":120,"height":90}},"url":"https://www.youtube.com/watch?v=UyM6UYnbPQs","searchQuery":"","pageNumber":""},{"videoId":"1eDgfmciRsg","name":"Love at First Sight with Cinderella","title":"Love at First Sight with Cinderella","description":"Welcome to subscribe to the channel  https://www.youtube.com/channel/UCKxJGxLZmr-JREW3r8TOIVw 【离婚后被大佬宠坏 ...","channelTitle":"KIKI SHORTDRAMA","channelId":"UCKxJGxLZmr-JREW3r8TOIVw","publishedAt":"2024-06-24T10:00:02","thumbnails":{"medium":{"url":"https://i.ytimg.com/vi/1eDgfmciRsg/mqdefault.jpg","width":320,"height":180},"high":{"url":"https://i.ytimg.com/vi/1eDgfmciRsg/hqdefault.jpg","width":480,"height":360},"default":{"url":"https://i.ytimg.com/vi/1eDgfmciRsg/default.jpg","width":120,"height":90}},"url":"https://www.youtube.com/watch?v=1eDgfmciRsg","searchQuery":"","pageNumber":""}]