[{"videoId":"7efLMhBbaVk","name":"Emotional Turmoil and Kidnapping! Truth Unveiled","title":"Emotional Turmoil and Kidnapping! Truth Unveiled","description":"Calling all fans of Chinese dramas! Yunyun Theater brings you a daily dose of free short dramas with top - notch English voice ...","channelTitle":"Yunyun Theater","channelId":"UC083Nd_GDywzNCNq0ftDAGg","publishedAt":"2025-04-15T07:00:06","thumbnails":{"medium":{"url":"https://i.ytimg.com/vi/7efLMhBbaVk/mqdefault.jpg","width":320,"height":180},"high":{"url":"https://i.ytimg.com/vi/7efLMhBbaVk/hqdefault.jpg","width":480,"height":360},"default":{"url":"https://i.ytimg.com/vi/7efLMhBbaVk/default.jpg","width":120,"height":90}},"url":"https://www.youtube.com/watch?v=7efLMhBbaVk","searchQuery":"","pageNumber":""},{"videoId":"5WVTsIhSKxY","name":"The Unspoken Solitude","title":"The Unspoken Solitude","description":"Hello ⭐Search title: The Unspoken Solitude Click the link to download the app       ...","channelTitle":"Mini Drama World","channelId":"UCcbGYl24eojlf9dy8IYu6mw","publishedAt":"2025-11-18T08:43:49","thumbnails":{"medium":{"url":"https://i.ytimg.com/vi/5WVTsIhSKxY/mqdefault.jpg","width":320,"height":180},"high":{"url":"https://i.ytimg.com/vi/5WVTsIhSKxY/hqdefault.jpg","width":480,"height":360},"default":{"url":"https://i.ytimg.com/vi/5WVTsIhSKxY/default.jpg","width":120,"height":90}},"url":"https://www.youtube.com/watch?v=5WVTsIhSKxY","searchQuery":"","pageNumber":""},{"videoId":"3HyMY8b-rvk","name":"","title":"","description":"Stolen Heart Story of Lawyer And Rich CEO Stolen Heart | चोरी हुआ दिल ❤️ Next Drama 》Coming Soon ...","channelTitle":"CDRAMA-ZONE-हिंदी ","channelId":"UCSBHMyzrSC5cQRHUtFWZpVA","publishedAt":"2025-10-21T13:45:07","thumbnails":{"medium":{"url":"https://i.ytimg.com/vi/3HyMY8b-rvk/mqdefault.jpg","width":320,"height":180},"high":{"url":"https://i.ytimg.com/vi/3HyMY8b-rvk/hqdefault.jpg","width":480,"height":360},"default":{"url":"https://i.ytimg.com/vi/3HyMY8b-rvk/default.jpg","width":120,"height":90}},"url":"https://www.youtube.com/watch?v=3HyMY8b-rvk","searchQuery":"","pageNumber":""},{"videoId":"D0SygPx1KBM","name":"Win the Beauty's Heart","title":"Win the Beauty's Heart","description":"movies #drama #chinesedrama #shortplay #urban #minidrama #action #$ystem #comeback #rebirth #dragon #revenge ...","channelTitle":"Old Friends Short Theatre","channelId":"UChX8JhnUvv0qHOfLB-LA5cg","publishedAt":"2025-11-12T14:00:06","thumbnails":{"medium":{"url":"https://i.ytimg.com/vi/D0SygPx1KBM/mqdefault.jpg","width":320,"height":180},"high":{"url":"https://i.ytimg.com/vi/D0SygPx1KBM/hqdefault.jpg","width":480,"height":360},"default":{"url":"https://i.ytimg.com/vi/D0SygPx1KBM/default.jpg","width":120,"height":90}},"url":"https://www.youtube.com/watch?v=D0SygPx1KBM","searchQuery":"","pageNumber":""},{"videoId":"rllh1KXpW5s","name":"Contract Marriage with the CEO","title":"Contract Marriage with the CEO","description":"She had contract marriage with a rich CEO for money. korean drama explained in hindi. Chinese drama You can follow me on ...","channelTitle":"Kitty Dramas","channelId":"UChZqRYWVxXSbFb1PH5ZYHAQ","publishedAt":"2025-10-18T10:58:02","thumbnails":{"medium":{"url":"https://i.ytimg.com/vi/rllh1KXpW5s/mqdefault.jpg","width":320,"height":180},"high":{"url":"https://i.ytimg.com/vi/rllh1KXpW5s/hqdefault.jpg","width":480,"height":360},"default":{"url":"https://i.ytimg.com/vi/rllh1KXpW5s/default.jpg","width":120,"height":90}},"url":"https://www.youtube.com/watch?v=rllh1KXpW5s","searchQuery":"","pageNumber":""},{"videoId":"cHF9mV7cvpY","name":"The Demon Lord's Beloved Treasure","title":"The Demon Lord's Beloved Treasure","description":"English Dubbing Full Version: Hey, drama enthusiasts! Welcome to the dazzling Drama Glitz Channel! We're serving up the ...","channelTitle":"Drama Glitz","channelId":"UCuyvaRuDaB-0T8ZlVERzyug","publishedAt":"2025-09-25T02:00:41","thumbnails":{"medium":{"url":"https://i.ytimg.com/vi/cHF9mV7cvpY/mqdefault.jpg","width":320,"height":180},"high":{"url":"https://i.ytimg.com/vi/cHF9mV7cvpY/hqdefault.jpg","width":480,"height":360},"default":{"url":"https://i.ytimg.com/vi/cHF9mV7cvpY/default.jpg","width":120,"height":90}},"url":"https://www.youtube.com/watch?v=cHF9mV7cvpY","searchQuery":"","pageNumber":""},{"videoId":"-Io3HvkMJXI","name":"Fearless Faith","title":"Fearless Faith","description":"Full Movie  Fearless Faith  Powerful Drama to Watch in English \"Fearless Faith\" An emotional drama about loss, hope and the ...","channelTitle":"in Bilmi","channelId":"UC5lFVFWClzSroNPSrYrDqrQ","publishedAt":"2025-06-17T18:07:04","thumbnails":{"medium":{"url":"https://i.ytimg.com/vi/-Io3HvkMJXI/mqdefault.jpg","width":320,"height":180},"high":{"url":"https://i.ytimg.com/vi/-Io3HvkMJXI/hqdefault.jpg","width":480,"height":360},"default":{"url":"https://i.ytimg.com/vi/-Io3HvkMJXI/default.jpg","width":120,"height":90}},"url":"https://www.youtube.com/watch?v=-Io3HvkMJXI","searchQuery":"","pageNumber":""},{"videoId":"hC84X5pIU4M","name":"Mysterious Marriage","title":"Mysterious Marriage","description":"Biwi wo Badla Lay? - He Cheated and She gets Revenge! Dekhe More Dramas ≫ https://youtu.be/hCDdFAYktDo ...","channelTitle":"Dyar Entertainment","channelId":"UC2lLHs_L-bVRaJvaKLP7gXA","publishedAt":"2025-06-12T01:00:50","thumbnails":{"medium":{"url":"https://i.ytimg.com/vi/hC84X5pIU4M/mqdefault.jpg","width":320,"height":180},"high":{"url":"https://i.ytimg.com/vi/hC84X5pIU4M/hqdefault.jpg","width":480,"height":360},"default":{"url":"https://i.ytimg.com/vi/hC84X5pIU4M/default.jpg","width":120,"height":90}},"url":"https://www.youtube.com/watch?v=hC84X5pIU4M","searchQuery":"","pageNumber":""},{"videoId":"9WktHmrdC-s","name":"Before Your Eyes ","title":"Before Your Eyes ","description":"A touching drama everyone should see | Right Before Your Eyes | Based on a True Story Name: Right Before Your Eyes Right ...","channelTitle":"FilmVaultX","channelId":"UCY2roo40hHH0DezL72s8Azw","publishedAt":"2025-07-24T19:00:08","thumbnails":{"medium":{"url":"https://i.ytimg.com/vi/9WktHmrdC-s/mqdefault.jpg","width":320,"height":180},"high":{"url":"https://i.ytimg.com/vi/9WktHmrdC-s/hqdefault.jpg","width":480,"height":360},"default":{"url":"https://i.ytimg.com/vi/9WktHmrdC-s/default.jpg","width":120,"height":90}},"url":"https://www.youtube.com/watch?v=9WktHmrdC-s","searchQuery":"","pageNumber":""},{"videoId":"3VLFJZsZGmY","name":"Reborn on Her Own Terms","title":"Reborn on Her Own Terms","description":"Hello everyone, this is Moon Drama✨, the most popular short drama on the Internet is here! We update wonderful short dramas ...","channelTitle":"Moon Drama","channelId":"UCEk2Nsw_UTsdALctguHQGBg","publishedAt":"2025-06-29T11:00:05","thumbnails":{"medium":{"url":"https://i.ytimg.com/vi/3VLFJZsZGmY/mqdefault.jpg","width":320,"height":180},"high":{"url":"https://i.ytimg.com/vi/3VLFJZsZGmY/hqdefault.jpg","width":480,"height":360},"default":{"url":"https://i.ytimg.com/vi/3VLFJZsZGmY/default.jpg","width":120,"height":90}},"url":"https://www.youtube.com/watch?v=3VLFJZsZGmY","searchQuery":"","pageNumber":""},{"videoId":"E5eF1_vM-ao","name":"Reunited, Still Loving You","title":"Reunited, Still Loving You","description":"English Dubbing Full Version: Hey, drama enthusiasts! Welcome to the dazzling Drama Glitz Channel! We're serving up the ...","channelTitle":"Drama Glitz","channelId":"UCuyvaRuDaB-0T8ZlVERzyug","publishedAt":"2025-11-06T02:00:25","thumbnails":{"medium":{"url":"https://i.ytimg.com/vi/E5eF1_vM-ao/mqdefault.jpg","width":320,"height":180},"high":{"url":"https://i.ytimg.com/vi/E5eF1_vM-ao/hqdefault.jpg","width":480,"height":360},"default":{"url":"https://i.ytimg.com/vi/E5eF1_vM-ao/default.jpg","width":120,"height":90}},"url":"https://www.youtube.com/watch?v=E5eF1_vM-ao","searchQuery":"","pageNumber":""},{"videoId":"w82-ragDTvE","name":"The Wife-Chasing Is On!","title":"The Wife-Chasing Is On!","description":"English Dubbing Full Version: Hey, drama enthusiasts! Welcome to the dazzling Drama Glitz Channel! We're serving up the ...","channelTitle":"Drama Glitz","channelId":"UCuyvaRuDaB-0T8ZlVERzyug","publishedAt":"2025-11-07T02:00:59","thumbnails":{"medium":{"url":"https://i.ytimg.com/vi/w82-ragDTvE/mqdefault.jpg","width":320,"height":180},"high":{"url":"https://i.ytimg.com/vi/w82-ragDTvE/hqdefault.jpg","width":480,"height":360},"default":{"url":"https://i.ytimg.com/vi/w82-ragDTvE/default.jpg","width":120,"height":90}},"url":"https://www.youtube.com/watch?v=w82-ragDTvE","searchQuery":"","pageNumber":""},{"videoId":"XWwaNYIr0KU","name":"While She Starved","title":"While She Starved","description":"Click the link to download the app       https://www.goodshort.com/koc/GRKOC00001/160030-KOC ⭐Search title: [ENG DUB] ...","channelTitle":"Eira Drama","channelId":"UCr1-X194ZilWycPU0-db2Dg","publishedAt":"2025-09-01T07:01:32","thumbnails":{"medium":{"url":"https://i.ytimg.com/vi/XWwaNYIr0KU/mqdefault.jpg","width":320,"height":180},"high":{"url":"https://i.ytimg.com/vi/XWwaNYIr0KU/hqdefault.jpg","width":480,"height":360},"default":{"url":"https://i.ytimg.com/vi/XWwaNYIr0KU/default.jpg","width":120,"height":90}},"url":"https://www.youtube.com/watch?v=XWwaNYIr0KU","searchQuery":"","pageNumber":""},{"videoId":"Hw5dpjtyISU","name":"The Billionaire's Return","title":"The Billionaire's Return","description":"Hello everyone, this is Moon Drama✨, the most popular short drama on the Internet is here! We update wonderful short dramas ...","channelTitle":"Moon Drama","channelId":"UCEk2Nsw_UTsdALctguHQGBg","publishedAt":"2025-10-25T11:00:29","thumbnails":{"medium":{"url":"https://i.ytimg.com/vi/Hw5dpjtyISU/mqdefault.jpg","width":320,"height":180},"high":{"url":"https://i.ytimg.com/vi/Hw5dpjtyISU/hqdefault.jpg","width":480,"height":360},"default":{"url":"https://i.ytimg.com/vi/Hw5dpjtyISU/default.jpg","width":120,"height":90}},"url":"https://www.youtube.com/watch?v=Hw5dpjtyISU","searchQuery":"","pageNumber":""},{"videoId":"nty3yFfVrnc","name":"The CEO Allergic to Women Finds True Love","title":"The CEO Allergic to Women Finds True Love","description":"English Dubbing Full Version: Hey, drama enthusiasts! Welcome to the dazzling Drama Glitz Channel! We're serving up the ...","channelTitle":"Drama Glitz","channelId":"UCuyvaRuDaB-0T8ZlVERzyug","publishedAt":"2025-09-09T15:01:24","thumbnails":{"medium":{"url":"https://i.ytimg.com/vi/nty3yFfVrnc/mqdefault.jpg","width":320,"height":180},"high":{"url":"https://i.ytimg.com/vi/nty3yFfVrnc/hqdefault.jpg","width":480,"height":360},"default":{"url":"https://i.ytimg.com/vi/nty3yFfVrnc/default.jpg","width":120,"height":90}},"url":"https://www.youtube.com/watch?v=nty3yFfVrnc","searchQuery":"","pageNumber":""},{"videoId":"a4L2fud4YTk","name":"Nothing Else Compares","title":"Nothing Else Compares","description":"Subscribe and enjoy the best of C-Dramas, one episode at a time! Welcome to ShortDramaTime! Your go-to spot for the best ...","channelTitle":"DramaTime","channelId":"UCRHYmKJZC1Bn1lJXGuLOC4g","publishedAt":"2025-03-13T13:30:01","thumbnails":{"medium":{"url":"https://i.ytimg.com/vi/a4L2fud4YTk/mqdefault.jpg","width":320,"height":180},"high":{"url":"https://i.ytimg.com/vi/a4L2fud4YTk/hqdefault.jpg","width":480,"height":360},"default":{"url":"https://i.ytimg.com/vi/a4L2fud4YTk/default.jpg","width":120,"height":90}},"url":"https://www.youtube.com/watch?v=a4L2fud4YTk","searchQuery":"","pageNumber":""},{"videoId":"zp6R5tM8U3E","name":"The Untouchable CEO Hated His Wife on Paper","title":"The Untouchable CEO Hated His Wife on Paper","description":"English Dub AI Drama | Emotional Short Series Welcome to the world of Crush Drama! Enjoy the full series without ...","channelTitle":"Crush Drama","channelId":"UC0rWt9022XWKTtiSfuZnylg","publishedAt":"2025-11-17T12:42:58","thumbnails":{"medium":{"url":"https://i.ytimg.com/vi/zp6R5tM8U3E/mqdefault.jpg","width":320,"height":180},"high":{"url":"https://i.ytimg.com/vi/zp6R5tM8U3E/hqdefault.jpg","width":480,"height":360},"default":{"url":"https://i.ytimg.com/vi/zp6R5tM8U3E/default.jpg","width":120,"height":90}},"url":"https://www.youtube.com/watch?v=zp6R5tM8U3E","searchQuery":"","pageNumber":""},{"videoId":"x8vF386Szm4","name":"Time's Passage, Present's Treasure","title":"Time's Passage, Present's Treasure","description":"Title: Forever After, Never Again (DUBBED) ▶️Watch more  https://dramabox.onelink.me/dqUm/DRFBBD1050003 ...","channelTitle":"Top shorts","channelId":"UCMz5IVIB2Oo1P7DMiVV6TFA","publishedAt":"2025-07-30T11:39:12","thumbnails":{"medium":{"url":"https://i.ytimg.com/vi/x8vF386Szm4/mqdefault.jpg","width":320,"height":180},"high":{"url":"https://i.ytimg.com/vi/x8vF386Szm4/hqdefault.jpg","width":480,"height":360},"default":{"url":"https://i.ytimg.com/vi/x8vF386Szm4/default.jpg","width":120,"height":90}},"url":"https://www.youtube.com/watch?v=x8vF386Szm4","searchQuery":"","pageNumber":""},{"videoId":"Q0oqJAMFIk0","name":"Love Is a Game, I Play for Power","title":"Love Is a Game, I Play for Power","description":"Click the link to download the app       https://dramabox.onelink.me/dqUm/a3aryot2 ⭐Search title: Love Is a Game, I Play for ...","channelTitle":"Eira Drama","channelId":"UCr1-X194ZilWycPU0-db2Dg","publishedAt":"2025-09-12T07:59:15","thumbnails":{"medium":{"url":"https://i.ytimg.com/vi/Q0oqJAMFIk0/mqdefault.jpg","width":320,"height":180},"high":{"url":"https://i.ytimg.com/vi/Q0oqJAMFIk0/hqdefault.jpg","width":480,"height":360},"default":{"url":"https://i.ytimg.com/vi/Q0oqJAMFIk0/default.jpg","width":120,"height":90}},"url":"https://www.youtube.com/watch?v=Q0oqJAMFIk0","searchQuery":"","pageNumber":""},{"videoId":"9Q3O1vHN6EE","name":"Sisters Against the World's Judgment","title":"Sisters Against the World's Judgment","description":"Click the link to download the app       https://www.goodshort.com/koc/GRKOCAKOO244122/244122-KOC ⭐Search title: [ENG ...","channelTitle":"Eira Drama","channelId":"UCr1-X194ZilWycPU0-db2Dg","publishedAt":"2025-09-17T07:01:04","thumbnails":{"medium":{"url":"https://i.ytimg.com/vi/9Q3O1vHN6EE/mqdefault.jpg","width":320,"height":180},"high":{"url":"https://i.ytimg.com/vi/9Q3O1vHN6EE/hqdefault.jpg","width":480,"height":360},"default":{"url":"https://i.ytimg.com/vi/9Q3O1vHN6EE/default.jpg","width":120,"height":90}},"url":"https://www.youtube.com/watch?v=9Q3O1vHN6EE","searchQuery":"","pageNumber":""},{"videoId":"ZZzxjYd61W8","name":"You Make the Star of My Life","title":"You Make the Star of My Life","description":"Click the link to download the app       https://www.goodshort.com/koc/GRKOC00001/138165-KOC ⭐Search title: [ENG DUB] ...","channelTitle":"Eira Drama","channelId":"UCr1-X194ZilWycPU0-db2Dg","publishedAt":"2025-08-26T03:22:04","thumbnails":{"medium":{"url":"https://i.ytimg.com/vi/ZZzxjYd61W8/mqdefault.jpg","width":320,"height":180},"high":{"url":"https://i.ytimg.com/vi/ZZzxjYd61W8/hqdefault.jpg","width":480,"height":360},"default":{"url":"https://i.ytimg.com/vi/ZZzxjYd61W8/default.jpg","width":120,"height":90}},"url":"https://www.youtube.com/watch?v=ZZzxjYd61W8","searchQuery":"","pageNumber":""},{"videoId":"EhaoYDYitEg","name":"Black Love","title":"Black Love","description":"A series of short tales stitched together into a full-length film that deal with dating, temptation and destiny in Black communities ...","channelTitle":"Romance Movie Central","channelId":"UC_hYEii6T191kKGx-4YljGQ","publishedAt":"2025-09-28T12:00:33","thumbnails":{"medium":{"url":"https://i.ytimg.com/vi/EhaoYDYitEg/mqdefault.jpg","width":320,"height":180},"high":{"url":"https://i.ytimg.com/vi/EhaoYDYitEg/hqdefault.jpg","width":480,"height":360},"default":{"url":"https://i.ytimg.com/vi/EhaoYDYitEg/default.jpg","width":120,"height":90}},"url":"https://www.youtube.com/watch?v=EhaoYDYitEg","searchQuery":"","pageNumber":""},{"videoId":"3Q-hOf8M7Xk","name":"The Forgotten Vows at the Altar","title":"The Forgotten Vows at the Altar","description":"English Dubbing Full Version: Hey, drama enthusiasts! Welcome to the dazzling Drama Glitz Channel! We're serving up the ...","channelTitle":"Drama Glitz","channelId":"UCuyvaRuDaB-0T8ZlVERzyug","publishedAt":"2025-11-17T02:15:00","thumbnails":{"medium":{"url":"https://i.ytimg.com/vi/3Q-hOf8M7Xk/mqdefault.jpg","width":320,"height":180},"high":{"url":"https://i.ytimg.com/vi/3Q-hOf8M7Xk/hqdefault.jpg","width":480,"height":360},"default":{"url":"https://i.ytimg.com/vi/3Q-hOf8M7Xk/default.jpg","width":120,"height":90}},"url":"https://www.youtube.com/watch?v=3Q-hOf8M7Xk","searchQuery":"","pageNumber":""}]