[
  {
    "videoId": "aZj3MzcSNvY",
    "title": "2個天才萌寶幫總裁挽救了公司危機，總裁看到他們和自己長得一樣的臉恍然大悟，隔天拿著親子鑒定報告上門認親！#短劇 #短劇全集 #drama #萌寶",
    "description": "柯淳#王凱沐#何聰睿#王道铁#王奕然#沉思#姚冠宇#于龙#曾辉#左一#钟熙#余茵#孟娜#韩雨彤侯呈玥#赵慕颜#翟一莹#短劇#灰姑娘 ...",
    "channelTitle": "朝朝短剧",
    "channelId": "UCZG2RYht0TeVOpaIrQqC3XQ",
    "publishedAt": "2025-05-08T06:00:01Z",
    "thumbnails": {
      "default": {
        "url": "https://i.ytimg.com/vi/aZj3MzcSNvY/default.jpg",
        "width": 120,
        "height": 90
      },
      "medium": {
        "url": "https://i.ytimg.com/vi/aZj3MzcSNvY/mqdefault.jpg",
        "width": 320,
        "height": 180
      },
      "high": {
        "url": "https://i.ytimg.com/vi/aZj3MzcSNvY/hqdefault.jpg",
        "width": 480,
        "height": 360
      }
    },
    "url": "https://www.youtube.com/watch?v=aZj3MzcSNvY",
    "searchQuery": "短剧 家庭纠纷 中文",
    "pageNumber": 1
  },
  {
    "videoId": "4JgR9QFgTGg",
    "title": "千億總裁竟愛上仇人女兒，命運逆轉！🍊 Chinese Television Dramas #最新電視劇#最新電影 #最新熱播劇 #火爆短劇 #逆襲 #爽文 #打臉 #爽劇",
    "description": "Subscribe for more Videos 立即訂閱頻道：https://www.youtube.com/channel/UCAufWJloISH77dBCJuwlinQ?sub_confirmation=1 ...",
    "channelTitle": "桔子好剧",
    "channelId": "UCAufWJloISH77dBCJuwlinQ",
    "publishedAt": "2025-06-20T11:47:29Z",
    "thumbnails": {
      "default": {
        "url": "https://i.ytimg.com/vi/4JgR9QFgTGg/default.jpg",
        "width": 120,
        "height": 90
      },
      "medium": {
        "url": "https://i.ytimg.com/vi/4JgR9QFgTGg/mqdefault.jpg",
        "width": 320,
        "height": 180
      },
      "high": {
        "url": "https://i.ytimg.com/vi/4JgR9QFgTGg/hqdefault.jpg",
        "width": 480,
        "height": 360
      }
    },
    "url": "https://www.youtube.com/watch?v=4JgR9QFgTGg",
    "searchQuery": "短剧 家庭纠纷 中文",
    "pageNumber": 1
  },
  {
    "videoId": "_-jsnDDUAYQ",
    "title": "[FULL] 被丈夫抛弃、女儿重病，她绝望之际，未来女儿穿越而来，逆转妈妈人生？！ 남편에게 버림받고 딸까지 아픈 그녀… 그런데 미래에서 온 딸이 엄마 인생을 바꾼다?!",
    "description": "[FULL] 被丈夫抛弃、女儿重病，她绝望之际，未来女儿穿越而来，逆转妈妈人生？！ “남편에게 버림받고 딸까지 아픈 그녀… 그런데 ...",
    "channelTitle": "SueSue Drama",
    "channelId": "UCBp6qCEkhTW3SJaA5Aerqaw",
    "publishedAt": "2025-05-21T01:30:35Z",
    "thumbnails": {
      "default": {
        "url": "https://i.ytimg.com/vi/_-jsnDDUAYQ/default.jpg",
        "width": 120,
        "height": 90
      },
      "medium": {
        "url": "https://i.ytimg.com/vi/_-jsnDDUAYQ/mqdefault.jpg",
        "width": 320,
        "height": 180
      },
      "high": {
        "url": "https://i.ytimg.com/vi/_-jsnDDUAYQ/hqdefault.jpg",
        "width": 480,
        "height": 360
      }
    },
    "url": "https://www.youtube.com/watch?v=_-jsnDDUAYQ",
    "searchQuery": "短剧 家庭纠纷 中文",
    "pageNumber": 1
  },
  {
    "videoId": "djdhD2KYBRY",
    "title": "【MULTI SUB】她愛了他三年，卻換來他的一句」噁心「，她徹底失望離婚，看到她被小帥哥追求他卻後悔了 #爽剧 #甜宠 #追妻火葬场",
    "description": "放慢0.75倍速可提升观看效果哦~ Slow down 0.75 times to improve viewing effect~ 【ANBNY】 #云朗短剧#灰姑娘#霸總#追妻 ...",
    "channelTitle": "云朗短剧",
    "channelId": "UCQF_OX6ISwaMbxLJEklyk-g",
    "publishedAt": "2025-06-19T12:30:51Z",
    "thumbnails": {
      "default": {
        "url": "https://i.ytimg.com/vi/djdhD2KYBRY/default.jpg",
        "width": 120,
        "height": 90
      },
      "medium": {
        "url": "https://i.ytimg.com/vi/djdhD2KYBRY/mqdefault.jpg",
        "width": 320,
        "height": 180
      },
      "high": {
        "url": "https://i.ytimg.com/vi/djdhD2KYBRY/hqdefault.jpg",
        "width": 480,
        "height": 360
      }
    },
    "url": "https://www.youtube.com/watch?v=djdhD2KYBRY",
    "searchQuery": "短剧 家庭纠纷 中文",
    "pageNumber": 1
  },
  {
    "videoId": "Ix-ervdIhi4",
    "title": "親生女兒被當狗養，戰神父親忍辱8年，只為一朝復仇，戰甲加身震驚天下 【全集】 #爽文 #逆襲 #親情 #萌娃",
    "description": "親情催淚、萌娃出擊、逆襲打臉一氣呵成！ 從家庭溫情到命運反轉，每一集都讓你笑中帶淚、拳頭硬了又軟！ 每天更新，陪你上頭 ...",
    "channelTitle": "龍帝劇場 - 短剧热播",
    "channelId": "UCp4dCWyjDEvn-tjQuQq_GwA",
    "publishedAt": "2025-06-19T10:32:04Z",
    "thumbnails": {
      "default": {
        "url": "https://i.ytimg.com/vi/Ix-ervdIhi4/default.jpg",
        "width": 120,
        "height": 90
      },
      "medium": {
        "url": "https://i.ytimg.com/vi/Ix-ervdIhi4/mqdefault.jpg",
        "width": 320,
        "height": 180
      },
      "high": {
        "url": "https://i.ytimg.com/vi/Ix-ervdIhi4/hqdefault.jpg",
        "width": 480,
        "height": 360
      }
    },
    "url": "https://www.youtube.com/watch?v=Ix-ervdIhi4",
    "searchQuery": "短剧 家庭纠纷 中文",
    "pageNumber": 1
  },
  {
    "videoId": "3OyrRn0rQa0",
    "title": "一口氣看完！總裁假扮外賣小哥去相親，怎料慘遭相親對象羞辱，下秒亮出身份震驚所有人！【大夏神主】【全集】【完整版】#短劇 #逆襲 #爽文",
    "description": "每天更新爽劇⚡⚡⚡，歡迎大家【訂閱支援】     最新爆劇： 《美女的上門醫君》1-100集【一口氣看完】 ...",
    "channelTitle": "都市漆點半",
    "channelId": "UCve7MofdEhLNsisi8w4j6BA",
    "publishedAt": "2023-10-23T10:30:10Z",
    "thumbnails": {
      "default": {
        "url": "https://i.ytimg.com/vi/3OyrRn0rQa0/default.jpg",
        "width": 120,
        "height": 90
      },
      "medium": {
        "url": "https://i.ytimg.com/vi/3OyrRn0rQa0/mqdefault.jpg",
        "width": 320,
        "height": 180
      },
      "high": {
        "url": "https://i.ytimg.com/vi/3OyrRn0rQa0/hqdefault.jpg",
        "width": 480,
        "height": 360
      }
    },
    "url": "https://www.youtube.com/watch?v=3OyrRn0rQa0",
    "searchQuery": "短剧 家庭纠纷 中文",
    "pageNumber": 1
  },
  {
    "videoId": "WshQNV7JfnY",
    "title": "6岁真千金被生父埋进乱葬岗！十八年后她从土里爬出来，把生父假千金一家拖进地狱！ #shortfilm  #shortvideo #反转 #爽文  #逆袭 #打脸 #复仇 #萌娃",
    "description": "Subscribe for more videos: https://www.youtube.com/channel/UCmZHuajT1zjl2vYfbL5EmUg? sub_confirmation=1 HZCZY ...",
    "channelTitle": "上瘾毒剧场",
    "channelId": "UCmZHuajT1zjl2vYfbL5EmUg",
    "publishedAt": "2025-06-18T11:15:42Z",
    "thumbnails": {
      "default": {
        "url": "https://i.ytimg.com/vi/WshQNV7JfnY/default.jpg",
        "width": 120,
        "height": 90
      },
      "medium": {
        "url": "https://i.ytimg.com/vi/WshQNV7JfnY/mqdefault.jpg",
        "width": 320,
        "height": 180
      },
      "high": {
        "url": "https://i.ytimg.com/vi/WshQNV7JfnY/hqdefault.jpg",
        "width": 480,
        "height": 360
      }
    },
    "url": "https://www.youtube.com/watch?v=WshQNV7JfnY",
    "searchQuery": "短剧 家庭纠纷 中文",
    "pageNumber": 1
  },
  {
    "videoId": "41YSVfWP8RE",
    "title": "她為了救母親把初夜賣給他，怎料他食髓知味，3年後酒吧偶遇再也無法克制愛意，將她吃幹抹盡娶回家！#撩完就跑 #drama #霸道總裁 #星星追劇",
    "description": "點擊訂閱，精彩好劇等你來解鎖~ #女頻爽劇#霸道總裁#灰姑娘#追妻火葬場#chinesedrama #短劇#愛情#申浩男#柯淳#何健麒#舒童# ...",
    "channelTitle": "星星追剧",
    "channelId": "UCZhO3CdEnkTipB6sjy2jwCw",
    "publishedAt": "2025-06-20T09:00:18Z",
    "thumbnails": {
      "default": {
        "url": "https://i.ytimg.com/vi/41YSVfWP8RE/default.jpg",
        "width": 120,
        "height": 90
      },
      "medium": {
        "url": "https://i.ytimg.com/vi/41YSVfWP8RE/mqdefault.jpg",
        "width": 320,
        "height": 180
      },
      "high": {
        "url": "https://i.ytimg.com/vi/41YSVfWP8RE/hqdefault.jpg",
        "width": 480,
        "height": 360
      }
    },
    "url": "https://www.youtube.com/watch?v=41YSVfWP8RE",
    "searchQuery": "短剧 家庭纠纷 中文",
    "pageNumber": 1
  },
  {
    "videoId": "E_qwxJSIH_4",
    "title": "小女孩的舊玩偶治好了她10年的精神病，回家後首富上門提親，懲罰所有欺負過她的人！#短劇 #逆襲 #萌娃 #親情",
    "description": "【歡迎訂閲】破繭短劇https://youtube.com/channel/UCHaWGNPXXfkkfn-VHSgspFg?si=7sgqc5vd9ssSdQG- 每日準時更新精彩 ...",
    "channelTitle": "破繭短劇ShortTV",
    "channelId": "UCHaWGNPXXfkkfn-VHSgspFg",
    "publishedAt": "2025-06-08T04:00:27Z",
    "thumbnails": {
      "default": {
        "url": "https://i.ytimg.com/vi/E_qwxJSIH_4/default.jpg",
        "width": 120,
        "height": 90
      },
      "medium": {
        "url": "https://i.ytimg.com/vi/E_qwxJSIH_4/mqdefault.jpg",
        "width": 320,
        "height": 180
      },
      "high": {
        "url": "https://i.ytimg.com/vi/E_qwxJSIH_4/hqdefault.jpg",
        "width": 480,
        "height": 360
      }
    },
    "url": "https://www.youtube.com/watch?v=E_qwxJSIH_4",
    "searchQuery": "短剧 家庭纠纷 中文",
    "pageNumber": 1
  },
  {
    "videoId": "02up8mfj0Gw",
    "title": "【MultiSub】白月光意外與總裁閃婚。戰胤隱藏總裁身份，只為考驗白月光真心？經歷重重磨難確認眼神，那就是對的人。《相亲当天他拉着我领证》#短劇全集#最新短劇#cdrama#shortdrama",
    "description": "最新精彩短劇每日更新，訂閱我們Subscribe Now☞https://shorturl.at/ymQvo ▷▷更多免費短劇More Free Dramas: ...",
    "channelTitle": "剧开心",
    "channelId": "UCmr4ISDQJHL9B9KeUADtIPg",
    "publishedAt": "2025-01-13T06:58:00Z",
    "thumbnails": {
      "default": {
        "url": "https://i.ytimg.com/vi/02up8mfj0Gw/default.jpg",
        "width": 120,
        "height": 90
      },
      "medium": {
        "url": "https://i.ytimg.com/vi/02up8mfj0Gw/mqdefault.jpg",
        "width": 320,
        "height": 180
      },
      "high": {
        "url": "https://i.ytimg.com/vi/02up8mfj0Gw/hqdefault.jpg",
        "width": 480,
        "height": 360
      }
    },
    "url": "https://www.youtube.com/watch?v=02up8mfj0Gw",
    "searchQuery": "短剧 家庭纠纷 中文",
    "pageNumber": 1
  },
  {
    "videoId": "W4Pngzp6BBc",
    "title": "[MULTI SUB]《他的心尖宠》翟一莹×张韫韬🍒世家继承人拿着半块玉佩寻找命中注定的女孩？恰巧遇见她被欺负......#精彩大陆短剧#大陸短劇",
    "description": "欢迎来到追剧酱的频道~ 分享最新鲜的女频小短剧！   如果你也短剧的忠实观众，欢迎点点订阅哦   声明：本频道短剧内容已获正版 ...",
    "channelTitle": "追剧酱来啦💖Here Comes Drama-chan",
    "channelId": "UCE5OpyuylKqxV4YSXRj58ZQ",
    "publishedAt": "2025-06-18T02:00:23Z",
    "thumbnails": {
      "default": {
        "url": "https://i.ytimg.com/vi/W4Pngzp6BBc/default.jpg",
        "width": 120,
        "height": 90
      },
      "medium": {
        "url": "https://i.ytimg.com/vi/W4Pngzp6BBc/mqdefault.jpg",
        "width": 320,
        "height": 180
      },
      "high": {
        "url": "https://i.ytimg.com/vi/W4Pngzp6BBc/hqdefault.jpg",
        "width": 480,
        "height": 360
      }
    },
    "url": "https://www.youtube.com/watch?v=W4Pngzp6BBc",
    "searchQuery": "短剧 家庭纠纷 中文",
    "pageNumber": 1
  },
  {
    "videoId": "LVsGiTM8Tps",
    "title": "結婚十年卻依然比不過妻子的白月光，小夥被迫淨身出戶，沒想到暗戀他的女總裁竟然一直在等他，小伙果斷恢復身份迎娶女總裁！【求婚九十九次，離婚一秒鐘】【全集】#爽文 #短劇 #逆襲 #窮小子 #反轉 #都市",
    "description": "頻道內容都已獲得授權，每天更新正版短劇，歡迎訂閱劇上頭！   #逆襲#爽劇#窮小子翻身【一口氣看完系列】點看看全集       ...",
    "channelTitle": "劇上頭",
    "channelId": "UCYr0mNeXJmhtGiAYPdCwAIA",
    "publishedAt": "2025-05-08T10:00:28Z",
    "thumbnails": {
      "default": {
        "url": "https://i.ytimg.com/vi/LVsGiTM8Tps/default.jpg",
        "width": 120,
        "height": 90
      },
      "medium": {
        "url": "https://i.ytimg.com/vi/LVsGiTM8Tps/mqdefault.jpg",
        "width": 320,
        "height": 180
      },
      "high": {
        "url": "https://i.ytimg.com/vi/LVsGiTM8Tps/hqdefault.jpg",
        "width": 480,
        "height": 360
      }
    },
    "url": "https://www.youtube.com/watch?v=LVsGiTM8Tps",
    "searchQuery": "短剧 家庭纠纷 中文",
    "pageNumber": 1
  },
  {
    "videoId": "sJ11hB9bi0E",
    "title": "倪大红花式折腾儿女！一口气看完《都挺好》全集",
    "description": "好看的电视剧#ChineseDrama DTH Welcome to subscribe us！we owns the exclusive copyright of all the contents published on ...",
    "channelTitle": "经典好剧TV",
    "channelId": "UCO1PY3M6NxyiquHW62B-HMg",
    "publishedAt": "2023-05-12T01:00:14Z",
    "thumbnails": {
      "default": {
        "url": "https://i.ytimg.com/vi/sJ11hB9bi0E/default.jpg",
        "width": 120,
        "height": 90
      },
      "medium": {
        "url": "https://i.ytimg.com/vi/sJ11hB9bi0E/mqdefault.jpg",
        "width": 320,
        "height": 180
      },
      "high": {
        "url": "https://i.ytimg.com/vi/sJ11hB9bi0E/hqdefault.jpg",
        "width": 480,
        "height": 360
      }
    },
    "url": "https://www.youtube.com/watch?v=sJ11hB9bi0E",
    "searchQuery": "短剧 家庭纠纷 中文",
    "pageNumber": 1
  },
  {
    "videoId": "SYM5GGcZIvs",
    "title": "【MultiSub】白月光與總裁初次見面因酒醉認老公戰胤為男友，誰知總裁玩起遊戲，經過諸多考驗，二人意識自己的真心。 《玫瑰花开情深时》#shortdrama",
    "description": "最新精彩短劇每日更新，訂閱我們Subscribe Now☞https://shorturl.at/CzS01 ▷▷更多免費短劇More Free Dramas: ...",
    "channelTitle": "恋恋情深 LoveyDovey",
    "channelId": "UCLkfJiRbjNT30DkrwwGSnlw",
    "publishedAt": "2025-01-13T06:58:00Z",
    "thumbnails": {
      "default": {
        "url": "https://i.ytimg.com/vi/SYM5GGcZIvs/default.jpg",
        "width": 120,
        "height": 90
      },
      "medium": {
        "url": "https://i.ytimg.com/vi/SYM5GGcZIvs/mqdefault.jpg",
        "width": 320,
        "height": 180
      },
      "high": {
        "url": "https://i.ytimg.com/vi/SYM5GGcZIvs/hqdefault.jpg",
        "width": 480,
        "height": 360
      }
    },
    "url": "https://www.youtube.com/watch?v=SYM5GGcZIvs",
    "searchQuery": "短剧 家庭纠纷 中文",
    "pageNumber": 1
  },
  {
    "videoId": "5WYAxwLHNTE",
    "title": "中国仅存的一妻多夫村，三兄弟组成家庭，房屋如蜂巢相连，400年来隐居深山",
    "description": "如果你能用几分钟的时间了解中国文化呢？你需要的只是订阅我们，你会得到更多的机会去全面了解中国！ 在中国四川与云南交界的 ...",
    "channelTitle": "眼见中国",
    "channelId": "UCVicSGn53ppU38DyiID-7LQ",
    "publishedAt": "2025-06-13T11:45:08Z",
    "thumbnails": {
      "default": {
        "url": "https://i.ytimg.com/vi/5WYAxwLHNTE/default.jpg",
        "width": 120,
        "height": 90
      },
      "medium": {
        "url": "https://i.ytimg.com/vi/5WYAxwLHNTE/mqdefault.jpg",
        "width": 320,
        "height": 180
      },
      "high": {
        "url": "https://i.ytimg.com/vi/5WYAxwLHNTE/hqdefault.jpg",
        "width": 480,
        "height": 360
      }
    },
    "url": "https://www.youtube.com/watch?v=5WYAxwLHNTE",
    "searchQuery": "短剧 家庭纠纷 中文",
    "pageNumber": 1
  },
  {
    "videoId": "MWxC1ncNiis",
    "title": "买房先付物业费还是先验房？痞帅律师碰上奇葩物业 爱情 | love | 恋爱 | 婚姻 | 出轨 | 伦理 | 小三 | 霸道总裁",
    "description": "买房前该先验房还是先付物业费？当律师遇上奇葩物业，剧情瞬间反转！ 买房，向来是大事！但在签约前，你真的了解每一个细节吗 ...",
    "channelTitle": "吃瓜追热剧",
    "channelId": "UCejh3rbXw14D29agmU4aHnA",
    "publishedAt": "2025-04-24T21:56:44Z",
    "thumbnails": {
      "default": {
        "url": "https://i.ytimg.com/vi/MWxC1ncNiis/default.jpg",
        "width": 120,
        "height": 90
      },
      "medium": {
        "url": "https://i.ytimg.com/vi/MWxC1ncNiis/mqdefault.jpg",
        "width": 320,
        "height": 180
      },
      "high": {
        "url": "https://i.ytimg.com/vi/MWxC1ncNiis/hqdefault.jpg",
        "width": 480,
        "height": 360
      }
    },
    "url": "https://www.youtube.com/watch?v=MWxC1ncNiis",
    "searchQuery": "短剧 家庭纠纷 中文",
    "pageNumber": 1
  },
  {
    "videoId": "C8WlFLWAylw",
    "title": "【Multi SUB】《无悔乐章》小伙在酒吧当服务生，美女老板却问他：愿不愿意加入我们维也纳乐团？（全集）#爽文 #男频 #MiniDrama #精彩大陆短剧 【剧巨爽TV】",
    "description": "大家好！欢迎来到【剧巨爽TV】 每日更新最新完结爽剧！ 正版授权，侵权必究！ 订阅频道，锁定最新短剧 ...",
    "channelTitle": "剧巨爽TV",
    "channelId": "UCXzPGxmHh00Ed8KaoZP3tdA",
    "publishedAt": "2025-06-19T16:00:15Z",
    "thumbnails": {
      "default": {
        "url": "https://i.ytimg.com/vi/C8WlFLWAylw/default.jpg",
        "width": 120,
        "height": 90
      },
      "medium": {
        "url": "https://i.ytimg.com/vi/C8WlFLWAylw/mqdefault.jpg",
        "width": 320,
        "height": 180
      },
      "high": {
        "url": "https://i.ytimg.com/vi/C8WlFLWAylw/hqdefault.jpg",
        "width": 480,
        "height": 360
      }
    },
    "url": "https://www.youtube.com/watch?v=C8WlFLWAylw",
    "searchQuery": "短剧 家庭纠纷 中文",
    "pageNumber": 1
  },
  {
    "videoId": "qOB9Wh-1IdU",
    "title": "有房有车第一季第1集 电视剧 双胞胎姐妹花爱上同一人",
    "description": "简介： 复员后选择自主创业的隋强在老板跑路之后勇于担当，替受骗群众维权，和误打误撞的模特肖佳一起组建了房车俱乐部。",
    "channelTitle": "新剧抢鲜看",
    "channelId": "UCj4WgY4d5-L69laovg-2X5A",
    "publishedAt": "2019-04-17T05:17:12Z",
    "thumbnails": {
      "default": {
        "url": "https://i.ytimg.com/vi/qOB9Wh-1IdU/default.jpg",
        "width": 120,
        "height": 90
      },
      "medium": {
        "url": "https://i.ytimg.com/vi/qOB9Wh-1IdU/mqdefault.jpg",
        "width": 320,
        "height": 180
      },
      "high": {
        "url": "https://i.ytimg.com/vi/qOB9Wh-1IdU/hqdefault.jpg",
        "width": 480,
        "height": 360
      }
    },
    "url": "https://www.youtube.com/watch?v=qOB9Wh-1IdU",
    "searchQuery": "短剧 家庭纠纷 中文",
    "pageNumber": 1
  },
  {
    "videoId": "WNUg5knEi9E",
    "title": "灰姑娘為救妹妹答應離開男友，這傷透了他的心！總裁男友靠著權力折磨她，卻發現她生下了他的孩子！最愛的人還是她！《撩完就跑 宁小姐不想负责》#短劇 #甜寵 #總裁灰姑娘 #楓念短剧",
    "description": "ChineseFilm#Chinesemovie#中國電視劇#出色中國電影#好看中國電影#甜寵愛情電影#大陸情感劇#愛情#伦理#甜寵愛情劇#霸道 ...",
    "channelTitle": "楓念短剧TOPSHORT",
    "channelId": "UCouKl0wj3yVL-aBc8Z1EfLA",
    "publishedAt": "2025-06-11T12:13:39Z",
    "thumbnails": {
      "default": {
        "url": "https://i.ytimg.com/vi/WNUg5knEi9E/default.jpg",
        "width": 120,
        "height": 90
      },
      "medium": {
        "url": "https://i.ytimg.com/vi/WNUg5knEi9E/mqdefault.jpg",
        "width": 320,
        "height": 180
      },
      "high": {
        "url": "https://i.ytimg.com/vi/WNUg5knEi9E/hqdefault.jpg",
        "width": 480,
        "height": 360
      }
    },
    "url": "https://www.youtube.com/watch?v=WNUg5knEi9E",
    "searchQuery": "短剧 家庭纠纷 中文",
    "pageNumber": 1
  },
  {
    "videoId": "sO9uODNYJQw",
    "title": "傻夫俊妻进城投奔四叔，结果四叔的意图让他们崩溃 爱情 | love | 恋爱 | 婚姻 | 出轨 | 伦理 | 小三 | 霸道总裁",
    "description": "从乡村到城市，一场投奔亲戚的旅程，竟揭开了四叔不为人知的可怕意图！ 他是一个憨厚的“傻夫”，外表朴实、性格憨厚； 她是美丽 ...",
    "channelTitle": "吃瓜追热剧",
    "channelId": "UCejh3rbXw14D29agmU4aHnA",
    "publishedAt": "2025-04-25T11:20:08Z",
    "thumbnails": {
      "default": {
        "url": "https://i.ytimg.com/vi/sO9uODNYJQw/default.jpg",
        "width": 120,
        "height": 90
      },
      "medium": {
        "url": "https://i.ytimg.com/vi/sO9uODNYJQw/mqdefault.jpg",
        "width": 320,
        "height": 180
      },
      "high": {
        "url": "https://i.ytimg.com/vi/sO9uODNYJQw/hqdefault.jpg",
        "width": 480,
        "height": 360
      }
    },
    "url": "https://www.youtube.com/watch?v=sO9uODNYJQw",
    "searchQuery": "短剧 家庭纠纷 中文",
    "pageNumber": 1
  },
  {
    "videoId": "NbIm8_Je9wE",
    "title": "逆襲豪門！總裁吃醋逼婚美女，卻不知自己就是她的真老公！💟  #trending #霸道总裁",
    "description": "正版授权，侵权必究！ Officially authorized, infringement will be pursued! 每天更新！欢迎订阅关注，观看每个精彩瞬间！",
    "channelTitle": "甜剧谜 - Sweet TV Drama Mysteries",
    "channelId": "UCTYf4tN1frflZu6RLpHHuVg",
    "publishedAt": "2025-06-12T11:00:06Z",
    "thumbnails": {
      "default": {
        "url": "https://i.ytimg.com/vi/NbIm8_Je9wE/default.jpg",
        "width": 120,
        "height": 90
      },
      "medium": {
        "url": "https://i.ytimg.com/vi/NbIm8_Je9wE/mqdefault.jpg",
        "width": 320,
        "height": 180
      },
      "high": {
        "url": "https://i.ytimg.com/vi/NbIm8_Je9wE/hqdefault.jpg",
        "width": 480,
        "height": 360
      }
    },
    "url": "https://www.youtube.com/watch?v=NbIm8_Je9wE",
    "searchQuery": "短剧 家庭纠纷 中文",
    "pageNumber": 1
  },
  {
    "videoId": "QSnGTWht8aY",
    "title": "【ENG SUB】《好好说话 Simmer Down》第1集 陈晓录制现场出变故【芒果TV季风频道】",
    "description": "陈晓与王晓晨用“沟通”解决问题最终互相谅解与治愈的故事。欢迎订阅【芒果TV季风频道】：https://bit.ly/MGTVMonsoon 加入频道 ...",
    "channelTitle": "芒果TV季风频道 MangoTV Monsoon",
    "channelId": "UCRz2q_Q5hEko-kmCE2KKM3w",
    "publishedAt": "2022-05-13T03:26:47Z",
    "thumbnails": {
      "default": {
        "url": "https://i.ytimg.com/vi/QSnGTWht8aY/default.jpg",
        "width": 120,
        "height": 90
      },
      "medium": {
        "url": "https://i.ytimg.com/vi/QSnGTWht8aY/mqdefault.jpg",
        "width": 320,
        "height": 180
      },
      "high": {
        "url": "https://i.ytimg.com/vi/QSnGTWht8aY/hqdefault.jpg",
        "width": 480,
        "height": 360
      }
    },
    "url": "https://www.youtube.com/watch?v=QSnGTWht8aY",
    "searchQuery": "短剧 家庭纠纷 中文",
    "pageNumber": 1
  },
  {
    "videoId": "PPMlkukM9Rk",
    "title": "一口气看完都市情感剧《流金岁月》！",
    "description": "好看的电视剧#ChineseDrama LJSY Welcome to subscribe us！we owns the exclusive copyright of all the contents published on ...",
    "channelTitle": "经典好剧TV",
    "channelId": "UCO1PY3M6NxyiquHW62B-HMg",
    "publishedAt": "2023-05-20T01:00:08Z",
    "thumbnails": {
      "default": {
        "url": "https://i.ytimg.com/vi/PPMlkukM9Rk/default.jpg",
        "width": 120,
        "height": 90
      },
      "medium": {
        "url": "https://i.ytimg.com/vi/PPMlkukM9Rk/mqdefault.jpg",
        "width": 320,
        "height": 180
      },
      "high": {
        "url": "https://i.ytimg.com/vi/PPMlkukM9Rk/hqdefault.jpg",
        "width": 480,
        "height": 360
      }
    },
    "url": "https://www.youtube.com/watch?v=PPMlkukM9Rk",
    "searchQuery": "短剧 家庭纠纷 中文",
    "pageNumber": 1
  },
  {
    "videoId": "xXb9bIb0N60",
    "title": "女孩第一次到公司，驚呆了！總裁竟是她消失十年的親爸！💥 Chinese television dramas",
    "description": "所有内容皆为正版授权内容感謝您的訂閱支持： Subscribe for more Videos 订阅频道: ...",
    "channelTitle": "戏剧研究所",
    "channelId": "UCqxU4-4jxWBVbmWp--ZH3Bg",
    "publishedAt": "2025-06-13T10:01:37Z",
    "thumbnails": {
      "default": {
        "url": "https://i.ytimg.com/vi/xXb9bIb0N60/default.jpg",
        "width": 120,
        "height": 90
      },
      "medium": {
        "url": "https://i.ytimg.com/vi/xXb9bIb0N60/mqdefault.jpg",
        "width": 320,
        "height": 180
      },
      "high": {
        "url": "https://i.ytimg.com/vi/xXb9bIb0N60/hqdefault.jpg",
        "width": 480,
        "height": 360
      }
    },
    "url": "https://www.youtube.com/watch?v=xXb9bIb0N60",
    "searchQuery": "短剧 家庭纠纷 中文",
    "pageNumber": 1
  },
  {
    "videoId": "zW8Hx4cj_Ak",
    "title": "full Movie ||【孤鸞】女孩被黑幫抓住欺凌，關鍵時刻玉佩救她一命！直接變黑幫大小姐！#民国剧  #movie #逆袭 #2025最新电影",
    "description": "碼頭王#码头王#民国剧#吴奇隆#胡歌#杨幂#陈德容#刘佩琦#chinesedrama 【#码头王】全集 ...",
    "channelTitle": "华剧经典大赏",
    "channelId": "UCHVvTaYGSkjD1HoqX74Yxiw",
    "publishedAt": "2025-06-18T13:45:06Z",
    "thumbnails": {
      "default": {
        "url": "https://i.ytimg.com/vi/zW8Hx4cj_Ak/default.jpg",
        "width": 120,
        "height": 90
      },
      "medium": {
        "url": "https://i.ytimg.com/vi/zW8Hx4cj_Ak/mqdefault.jpg",
        "width": 320,
        "height": 180
      },
      "high": {
        "url": "https://i.ytimg.com/vi/zW8Hx4cj_Ak/hqdefault.jpg",
        "width": 480,
        "height": 360
      }
    },
    "url": "https://www.youtube.com/watch?v=zW8Hx4cj_Ak",
    "searchQuery": "短剧 家庭纠纷 中文",
    "pageNumber": 1
  },
  {
    "videoId": "xj_6INe7kIM",
    "title": "上海滩大佬霸气归来，准备清理门户！一口气看完《魔都风云》",
    "description": "解说#ChineseDrama #任达华#周冬雨MDFY Welcome to subscribe us！we owns the exclusive copyright of all the contents ...",
    "channelTitle": "经典好剧TV",
    "channelId": "UCO1PY3M6NxyiquHW62B-HMg",
    "publishedAt": "2023-08-08T11:00:45Z",
    "thumbnails": {
      "default": {
        "url": "https://i.ytimg.com/vi/xj_6INe7kIM/default.jpg",
        "width": 120,
        "height": 90
      },
      "medium": {
        "url": "https://i.ytimg.com/vi/xj_6INe7kIM/mqdefault.jpg",
        "width": 320,
        "height": 180
      },
      "high": {
        "url": "https://i.ytimg.com/vi/xj_6INe7kIM/hqdefault.jpg",
        "width": 480,
        "height": 360
      }
    },
    "url": "https://www.youtube.com/watch?v=xj_6INe7kIM",
    "searchQuery": "短剧 家庭纠纷 中文",
    "pageNumber": 1
  },
  {
    "videoId": "hfSwyEfTErk",
    "title": "深扒：中國富豪大洗牌，如今首富居然是他！馬雲神隱、許家印被捕、消費降級、地產低迷，中國經濟到底怎麼了？[She&#39;s Xiaowu 小烏]",
    "description": "請訂閱https://goo.gl/B3gKwP M️ 腦洞烏托邦VIP Membership ...",
    "channelTitle": "脑洞乌托邦",
    "channelId": "UC2tQpW0dPiyWPebwBSksJ_g",
    "publishedAt": "2024-09-25T12:30:40Z",
    "thumbnails": {
      "default": {
        "url": "https://i.ytimg.com/vi/hfSwyEfTErk/default.jpg",
        "width": 120,
        "height": 90
      },
      "medium": {
        "url": "https://i.ytimg.com/vi/hfSwyEfTErk/mqdefault.jpg",
        "width": 320,
        "height": 180
      },
      "high": {
        "url": "https://i.ytimg.com/vi/hfSwyEfTErk/hqdefault.jpg",
        "width": 480,
        "height": 360
      }
    },
    "url": "https://www.youtube.com/watch?v=hfSwyEfTErk",
    "searchQuery": "短剧 家庭纠纷 中文",
    "pageNumber": 1
  },
  {
    "videoId": "AsZbhSkQA9E",
    "title": "He believed wife&#39;s unfaithful，forced her to abortion without anesthetic，regret after she divorce!",
    "description": "Welcome to Emily Drama Club!✨ Subscribe if you like  : https://www.youtube.com/@EmilyDramaClub ddy #multisub #电视劇# ...",
    "channelTitle": "Emily Drama Club",
    "channelId": "UCKD4SpgeqACFrVoTcb9k84g",
    "publishedAt": "2025-06-11T07:56:29Z",
    "thumbnails": {
      "default": {
        "url": "https://i.ytimg.com/vi/AsZbhSkQA9E/default.jpg",
        "width": 120,
        "height": 90
      },
      "medium": {
        "url": "https://i.ytimg.com/vi/AsZbhSkQA9E/mqdefault.jpg",
        "width": 320,
        "height": 180
      },
      "high": {
        "url": "https://i.ytimg.com/vi/AsZbhSkQA9E/hqdefault.jpg",
        "width": 480,
        "height": 360
      }
    },
    "url": "https://www.youtube.com/watch?v=AsZbhSkQA9E",
    "searchQuery": "短剧 家庭纠纷 中文",
    "pageNumber": 1
  },
  {
    "videoId": "KZwOJ05IYoc",
    "title": "【家庭情感剧】坐88路车回家 EP 24 高山和元帅琐碎日子起纠纷 | 高清全片HD | 张博\\刘威葳 On Our Way Home",
    "description": "全片列表看这裡  ：https://bit.ly/3OlA66C 《坐88路车回家 On Our Way Home》每天12:00 (GMT+8) 准时播放 【欢迎订阅 ...",
    "channelTitle": "華劇解说精選 CDrama Recaps【每日更新歡迎訂閱】",
    "channelId": "UCHeX9tMD8mqbqhu4Vceb3AQ",
    "publishedAt": "2022-06-24T04:30:08Z",
    "thumbnails": {
      "default": {
        "url": "https://i.ytimg.com/vi/KZwOJ05IYoc/default.jpg",
        "width": 120,
        "height": 90
      },
      "medium": {
        "url": "https://i.ytimg.com/vi/KZwOJ05IYoc/mqdefault.jpg",
        "width": 320,
        "height": 180
      },
      "high": {
        "url": "https://i.ytimg.com/vi/KZwOJ05IYoc/hqdefault.jpg",
        "width": 480,
        "height": 360
      }
    },
    "url": "https://www.youtube.com/watch?v=KZwOJ05IYoc",
    "searchQuery": "短剧 家庭纠纷 中文",
    "pageNumber": 1
  },
  {
    "videoId": "yzyF5-MVaIw",
    "title": "【🔥2025最新爆火合輯來襲🔥 】天才少年齊聚天啟暗河宗門危機，江湖風雲再起！【少年歌行 Great Journey of Teenagers 】#chineseanime",
    "description": "歡迎來到酷漫工廠  喜歡我的視頻請點點訂閱  和讚  支持我哦~ 可以和我多多評論互動嗎？我會努力回復每條評論的   ✨ 更多 ...",
    "channelTitle": "酷漫工廠",
    "channelId": "UCLRW3kEfuprWBBkpYWGvJrQ",
    "publishedAt": "2025-06-16T12:01:44Z",
    "thumbnails": {
      "default": {
        "url": "https://i.ytimg.com/vi/yzyF5-MVaIw/default.jpg",
        "width": 120,
        "height": 90
      },
      "medium": {
        "url": "https://i.ytimg.com/vi/yzyF5-MVaIw/mqdefault.jpg",
        "width": 320,
        "height": 180
      },
      "high": {
        "url": "https://i.ytimg.com/vi/yzyF5-MVaIw/hqdefault.jpg",
        "width": 480,
        "height": 360
      }
    },
    "url": "https://www.youtube.com/watch?v=yzyF5-MVaIw",
    "searchQuery": "短剧 家庭纠纷 中文",
    "pageNumber": 1
  },
  {
    "videoId": "O9mcZt7i9Xg",
    "title": "隐居湖岸边1500年的母系氏族，男女相爱却从不结婚，孩子出生不知道父亲是谁｜中国未识别民族",
    "description": "如果你能用几分钟的时间了解中国文化呢？你需要的只是订阅我们，你会得到更多的机会去全面了解中国！ ✓ - 确保已经订阅【眼见 ...",
    "channelTitle": "眼见中国",
    "channelId": "UCVicSGn53ppU38DyiID-7LQ",
    "publishedAt": "2024-06-21T11:00:20Z",
    "thumbnails": {
      "default": {
        "url": "https://i.ytimg.com/vi/O9mcZt7i9Xg/default.jpg",
        "width": 120,
        "height": 90
      },
      "medium": {
        "url": "https://i.ytimg.com/vi/O9mcZt7i9Xg/mqdefault.jpg",
        "width": 320,
        "height": 180
      },
      "high": {
        "url": "https://i.ytimg.com/vi/O9mcZt7i9Xg/hqdefault.jpg",
        "width": 480,
        "height": 360
      }
    },
    "url": "https://www.youtube.com/watch?v=O9mcZt7i9Xg",
    "searchQuery": "短剧 家庭纠纷 中文",
    "pageNumber": 1
  },
  {
    "videoId": "_-JuNx9kOCM",
    "title": "管理大師來了！司徒達賢踢館HBR：祖先打下江山....「接班」憑的不是血緣！【哈佛人物面對面】S2Ep37",
    "description": "有CC 字幕，可以在畫面右下角選項開啟  喜歡本集內容，歡迎追蹤《請聽，哈佛管理學！》Podcast ...",
    "channelTitle": "哈佛商業評論",
    "channelId": "UCNY32GQOXDAV20ziNZLyXnA",
    "publishedAt": "2025-06-14T12:30:44Z",
    "thumbnails": {
      "default": {
        "url": "https://i.ytimg.com/vi/_-JuNx9kOCM/default.jpg",
        "width": 120,
        "height": 90
      },
      "medium": {
        "url": "https://i.ytimg.com/vi/_-JuNx9kOCM/mqdefault.jpg",
        "width": 320,
        "height": 180
      },
      "high": {
        "url": "https://i.ytimg.com/vi/_-JuNx9kOCM/hqdefault.jpg",
        "width": 480,
        "height": 360
      }
    },
    "url": "https://www.youtube.com/watch?v=_-JuNx9kOCM",
    "searchQuery": "短剧 家庭纠纷 中文",
    "pageNumber": 1
  },
  {
    "videoId": "SWy51PZQw4A",
    "title": "【家庭情感剧】坐88路车回家 EP 27 表哥劝高山离婚出国 | 高清全片HD | 张博\\刘威葳 On Our Way Home",
    "description": "全片列表看这裡  ：https://bit.ly/3OlA66C 《坐88路车回家 On Our Way Home》每天12:00 (GMT+8) 准时播放 【欢迎订阅 ...",
    "channelTitle": "華劇解说精選 CDrama Recaps【每日更新歡迎訂閱】",
    "channelId": "UCHeX9tMD8mqbqhu4Vceb3AQ",
    "publishedAt": "2022-06-25T04:30:12Z",
    "thumbnails": {
      "default": {
        "url": "https://i.ytimg.com/vi/SWy51PZQw4A/default.jpg",
        "width": 120,
        "height": 90
      },
      "medium": {
        "url": "https://i.ytimg.com/vi/SWy51PZQw4A/mqdefault.jpg",
        "width": 320,
        "height": 180
      },
      "high": {
        "url": "https://i.ytimg.com/vi/SWy51PZQw4A/hqdefault.jpg",
        "width": 480,
        "height": 360
      }
    },
    "url": "https://www.youtube.com/watch?v=SWy51PZQw4A",
    "searchQuery": "短剧 家庭纠纷 中文",
    "pageNumber": 1
  },
  {
    "videoId": "SWy51PZQw4A",
    "title": "【家庭情感剧】坐88路车回家 EP 27 表哥劝高山离婚出国 | 高清全片HD | 张博\\刘威葳 On Our Way Home",
    "description": "全片列表看这裡  ：https://bit.ly/3OlA66C 《坐88路车回家 On Our Way Home》每天12:00 (GMT+8) 准时播放 【欢迎订阅 ...",
    "channelTitle": "華劇解说精選 CDrama Recaps【每日更新歡迎訂閱】",
    "channelId": "UCHeX9tMD8mqbqhu4Vceb3AQ",
    "publishedAt": "2022-06-25T04:30:12Z",
    "thumbnails": {
      "default": {
        "url": "https://i.ytimg.com/vi/SWy51PZQw4A/default.jpg",
        "width": 120,
        "height": 90
      },
      "medium": {
        "url": "https://i.ytimg.com/vi/SWy51PZQw4A/mqdefault.jpg",
        "width": 320,
        "height": 180
      },
      "high": {
        "url": "https://i.ytimg.com/vi/SWy51PZQw4A/hqdefault.jpg",
        "width": 480,
        "height": 360
      }
    },
    "url": "https://www.youtube.com/watch?v=SWy51PZQw4A",
    "searchQuery": "短剧 家庭纠纷 中文",
    "pageNumber": 2
  },
  {
    "videoId": "pY1pY33_WDU",
    "title": "《偃术结缘》04 | 出身世家的女将军与精擅偃术的少年在险恶江湖邂逅一起踏上探险的旅程",
    "description": "《偃术结缘》全集: https://bit.ly/3rZ3PtZ ➥ 点击多看好剧: https://bit.ly/33vVEZQ 导演：蔡晶盛主演：付辛博、颖儿、李治廷、姜雯、 ...",
    "channelTitle": "ROSE TV",
    "channelId": "UCstdo3fo9H04nFVyaj2Bkew",
    "publishedAt": "2021-12-12T12:24:25Z",
    "thumbnails": {
      "default": {
        "url": "https://i.ytimg.com/vi/pY1pY33_WDU/default.jpg",
        "width": 120,
        "height": 90
      },
      "medium": {
        "url": "https://i.ytimg.com/vi/pY1pY33_WDU/mqdefault.jpg",
        "width": 320,
        "height": 180
      },
      "high": {
        "url": "https://i.ytimg.com/vi/pY1pY33_WDU/hqdefault.jpg",
        "width": 480,
        "height": 360
      }
    },
    "url": "https://www.youtube.com/watch?v=pY1pY33_WDU",
    "searchQuery": "短剧 家庭纠纷 中文",
    "pageNumber": 2
  },
  {
    "videoId": "wJjQ33hb4Fw",
    "title": "【FULL】Dr. Tang EP01 | 关于唐医生的一切 01 | 天才女医生空降安和心外，施展高超医术救花季少女 （#秦岚 / #魏大勋 / #高露 / #黄觉 / #王耀庆）",
    "description": "內容為影視劇作品，⽆任何不良引導，劇情皆為演繹畫⾯，禁⽌模仿🛡️.此短劇已取得版權方書面授權，畫面為正規影視劇演繹， ...",
    "channelTitle": "X Vision华语恋剧场 - Chinese Love Drama",
    "channelId": "UCuVh1QhCKChffsfyGKGzUbA",
    "publishedAt": "2022-06-25T14:00:33Z",
    "thumbnails": {
      "default": {
        "url": "https://i.ytimg.com/vi/wJjQ33hb4Fw/default.jpg",
        "width": 120,
        "height": 90
      },
      "medium": {
        "url": "https://i.ytimg.com/vi/wJjQ33hb4Fw/mqdefault.jpg",
        "width": 320,
        "height": 180
      },
      "high": {
        "url": "https://i.ytimg.com/vi/wJjQ33hb4Fw/hqdefault.jpg",
        "width": 480,
        "height": 360
      }
    },
    "url": "https://www.youtube.com/watch?v=wJjQ33hb4Fw",
    "searchQuery": "短剧 家庭纠纷 中文",
    "pageNumber": 2
  },
  {
    "videoId": "9gOqJx9DJ9U",
    "title": "致命的流言，失控的丈夫，温柔教授的两副面孔，1小时无广告案件合集 [脑洞乌托邦 | 小乌副频道 | 小乌 TV ]",
    "description": "小乌副频道https://www.youtube.com/channel/UCQvvVtUqtGxqSLixdeG75Uw 脑洞乌托邦https://goo.gl/B3gKwP 小乌来啦She's ...",
    "channelTitle": "小乌副频道",
    "channelId": "UCQvvVtUqtGxqSLixdeG75Uw",
    "publishedAt": "2023-02-26T12:00:10Z",
    "thumbnails": {
      "default": {
        "url": "https://i.ytimg.com/vi/9gOqJx9DJ9U/default.jpg",
        "width": 120,
        "height": 90
      },
      "medium": {
        "url": "https://i.ytimg.com/vi/9gOqJx9DJ9U/mqdefault.jpg",
        "width": 320,
        "height": 180
      },
      "high": {
        "url": "https://i.ytimg.com/vi/9gOqJx9DJ9U/hqdefault.jpg",
        "width": 480,
        "height": 360
      }
    },
    "url": "https://www.youtube.com/watch?v=9gOqJx9DJ9U",
    "searchQuery": "短剧 家庭纠纷 中文",
    "pageNumber": 2
  },
  {
    "videoId": "VQBBI0krzug",
    "title": "【家庭情感剧】坐88路车回家 EP 29 高山办好出国手续 | 高清全片HD | 张博\\刘威葳 On Our Way Home",
    "description": "全片列表看这裡  ：https://bit.ly/3OlA66C 《坐88路车回家 On Our Way Home》每天12:00 (GMT+8) 准时播放 【欢迎订阅 ...",
    "channelTitle": "華劇解说精選 CDrama Recaps【每日更新歡迎訂閱】",
    "channelId": "UCHeX9tMD8mqbqhu4Vceb3AQ",
    "publishedAt": "2022-06-26T04:15:01Z",
    "thumbnails": {
      "default": {
        "url": "https://i.ytimg.com/vi/VQBBI0krzug/default.jpg",
        "width": 120,
        "height": 90
      },
      "medium": {
        "url": "https://i.ytimg.com/vi/VQBBI0krzug/mqdefault.jpg",
        "width": 320,
        "height": 180
      },
      "high": {
        "url": "https://i.ytimg.com/vi/VQBBI0krzug/hqdefault.jpg",
        "width": 480,
        "height": 360
      }
    },
    "url": "https://www.youtube.com/watch?v=VQBBI0krzug",
    "searchQuery": "短剧 家庭纠纷 中文",
    "pageNumber": 2
  },
  {
    "videoId": "vIRRolWRtPU",
    "title": "【家庭情感剧】坐88路车回家 EP 25 黄哆黄来遇挫折 | 高清全片HD | 张博\\刘威葳 On Our Way Home",
    "description": "全片列表看这裡  ：https://bit.ly/3OlA66C 《坐88路车回家 On Our Way Home》每天12:00 (GMT+8) 准时播放 【欢迎订阅 ...",
    "channelTitle": "華劇解说精選 CDrama Recaps【每日更新歡迎訂閱】",
    "channelId": "UCHeX9tMD8mqbqhu4Vceb3AQ",
    "publishedAt": "2022-06-25T04:00:19Z",
    "thumbnails": {
      "default": {
        "url": "https://i.ytimg.com/vi/vIRRolWRtPU/default.jpg",
        "width": 120,
        "height": 90
      },
      "medium": {
        "url": "https://i.ytimg.com/vi/vIRRolWRtPU/mqdefault.jpg",
        "width": 320,
        "height": 180
      },
      "high": {
        "url": "https://i.ytimg.com/vi/vIRRolWRtPU/hqdefault.jpg",
        "width": 480,
        "height": 360
      }
    },
    "url": "https://www.youtube.com/watch?v=vIRRolWRtPU",
    "searchQuery": "短剧 家庭纠纷 中文",
    "pageNumber": 2
  },
  {
    "videoId": "uk4u6wcJcMg",
    "title": "一口气看完《新上海滩》，黄晓明的颜值、演技巅峰！",
    "description": "解说#ChineseDrama XSHT Welcome to subscribe us！we owns the exclusive copyright of all the contents published on the ...",
    "channelTitle": "经典好剧TV",
    "channelId": "UCO1PY3M6NxyiquHW62B-HMg",
    "publishedAt": "2023-06-05T01:00:20Z",
    "thumbnails": {
      "default": {
        "url": "https://i.ytimg.com/vi/uk4u6wcJcMg/default.jpg",
        "width": 120,
        "height": 90
      },
      "medium": {
        "url": "https://i.ytimg.com/vi/uk4u6wcJcMg/mqdefault.jpg",
        "width": 320,
        "height": 180
      },
      "high": {
        "url": "https://i.ytimg.com/vi/uk4u6wcJcMg/hqdefault.jpg",
        "width": 480,
        "height": 360
      }
    },
    "url": "https://www.youtube.com/watch?v=uk4u6wcJcMg",
    "searchQuery": "短剧 家庭纠纷 中文",
    "pageNumber": 2
  },
  {
    "videoId": "vMPgUFjDrWY",
    "title": "20230621  季心登場〜任海文-慈濟馬來西亞雪隆分會導讀人【無心插柳賣聲人】",
    "description": "季心登場〜任海文(濟勖)-慈濟馬來西亞雪隆分會導讀人【無心插柳賣聲人】 1. 賣聲人。顧名思義，就是靠「售賣聲音」來維生的人。",
    "channelTitle": "慈濟高雄線上讀書會",
    "channelId": "UCLupcQHjrQLfpI3TI1_-HAA",
    "publishedAt": "2023-06-21T04:00:33Z",
    "thumbnails": {
      "default": {
        "url": "https://i.ytimg.com/vi/vMPgUFjDrWY/default.jpg",
        "width": 120,
        "height": 90
      },
      "medium": {
        "url": "https://i.ytimg.com/vi/vMPgUFjDrWY/mqdefault.jpg",
        "width": 320,
        "height": 180
      },
      "high": {
        "url": "https://i.ytimg.com/vi/vMPgUFjDrWY/hqdefault.jpg",
        "width": 480,
        "height": 360
      }
    },
    "url": "https://www.youtube.com/watch?v=vMPgUFjDrWY",
    "searchQuery": "短剧 家庭纠纷 中文",
    "pageNumber": 2
  },
  {
    "videoId": "IgjBULuJR0U",
    "title": "【家庭情感剧】坐88路车回家 EP 07 元帅为接孩子耽误领证 | 高清全片HD | 张博\\刘威葳 On Our Way Home",
    "description": "全片列表看这裡  ：https://bit.ly/3OlA66C 《坐88路车回家 On Our Way Home》每天12:00 (GMT+8) 准时播放 【欢迎订阅 ...",
    "channelTitle": "華劇解说精選 CDrama Recaps【每日更新歡迎訂閱】",
    "channelId": "UCHeX9tMD8mqbqhu4Vceb3AQ",
    "publishedAt": "2022-06-19T04:00:12Z",
    "thumbnails": {
      "default": {
        "url": "https://i.ytimg.com/vi/IgjBULuJR0U/default.jpg",
        "width": 120,
        "height": 90
      },
      "medium": {
        "url": "https://i.ytimg.com/vi/IgjBULuJR0U/mqdefault.jpg",
        "width": 320,
        "height": 180
      },
      "high": {
        "url": "https://i.ytimg.com/vi/IgjBULuJR0U/hqdefault.jpg",
        "width": 480,
        "height": 360
      }
    },
    "url": "https://www.youtube.com/watch?v=IgjBULuJR0U",
    "searchQuery": "短剧 家庭纠纷 中文",
    "pageNumber": 2
  },
  {
    "videoId": "CWF53Cn7E3c",
    "title": "【家庭情感剧】坐88路车回家 EP 10 美丽元帅缘尽 大明跟她开启新生活 | 高清全片HD | 张博\\刘威葳 On Our Way Home",
    "description": "全片列表看这裡  ：https://bit.ly/3OlA66C 《坐88路车回家 On Our Way Home》每天12:00 (GMT+8) 准时播放 【欢迎订阅 ...",
    "channelTitle": "華劇解说精選 CDrama Recaps【每日更新歡迎訂閱】",
    "channelId": "UCHeX9tMD8mqbqhu4Vceb3AQ",
    "publishedAt": "2022-06-20T04:00:07Z",
    "thumbnails": {
      "default": {
        "url": "https://i.ytimg.com/vi/CWF53Cn7E3c/default.jpg",
        "width": 120,
        "height": 90
      },
      "medium": {
        "url": "https://i.ytimg.com/vi/CWF53Cn7E3c/mqdefault.jpg",
        "width": 320,
        "height": 180
      },
      "high": {
        "url": "https://i.ytimg.com/vi/CWF53Cn7E3c/hqdefault.jpg",
        "width": 480,
        "height": 360
      }
    },
    "url": "https://www.youtube.com/watch?v=CWF53Cn7E3c",
    "searchQuery": "短剧 家庭纠纷 中文",
    "pageNumber": 2
  },
  {
    "videoId": "jmzhcRK1Fek",
    "title": "【家庭情感剧】坐88路车回家 EP 18 金花摔伤住房院 黄来被抓现形 | 高清全片HD | 张博\\刘威葳 On Our Way Home",
    "description": "全片列表看这裡  ：https://bit.ly/3OlA66C 《坐88路车回家 On Our Way Home》每天12:00 (GMT+8) 准时播放 【欢迎订阅 ...",
    "channelTitle": "華劇解说精選 CDrama Recaps【每日更新歡迎訂閱】",
    "channelId": "UCHeX9tMD8mqbqhu4Vceb3AQ",
    "publishedAt": "2022-06-22T04:30:16Z",
    "thumbnails": {
      "default": {
        "url": "https://i.ytimg.com/vi/jmzhcRK1Fek/default.jpg",
        "width": 120,
        "height": 90
      },
      "medium": {
        "url": "https://i.ytimg.com/vi/jmzhcRK1Fek/mqdefault.jpg",
        "width": 320,
        "height": 180
      },
      "high": {
        "url": "https://i.ytimg.com/vi/jmzhcRK1Fek/hqdefault.jpg",
        "width": 480,
        "height": 360
      }
    },
    "url": "https://www.youtube.com/watch?v=jmzhcRK1Fek",
    "searchQuery": "短剧 家庭纠纷 中文",
    "pageNumber": 2
  },
  {
    "videoId": "pVtBg9ck-Io",
    "title": "親子家庭 | 該怎麼和父母好好溝通?",
    "description": "親子家庭| 你知道如何和孩子相處嗎? 你知道如何照顧好父母嗎? 你知道如何和兄弟姐妹來往嗎? 家是每個人溫暖的港灣， 學會和家人 ...",
    "channelTitle": "趙, 安安Ann (安安老師)",
    "channelId": "UCLOWTfiF0aYt1aKjFOCJMFA",
    "publishedAt": "2019-12-22T10:08:19Z",
    "thumbnails": {
      "default": {
        "url": "https://i.ytimg.com/vi/pVtBg9ck-Io/default.jpg",
        "width": 120,
        "height": 90
      },
      "medium": {
        "url": "https://i.ytimg.com/vi/pVtBg9ck-Io/mqdefault.jpg",
        "width": 320,
        "height": 180
      },
      "high": {
        "url": "https://i.ytimg.com/vi/pVtBg9ck-Io/hqdefault.jpg",
        "width": 480,
        "height": 360
      }
    },
    "url": "https://www.youtube.com/watch?v=pVtBg9ck-Io",
    "searchQuery": "短剧 家庭纠纷 中文",
    "pageNumber": 3
  },
  {
    "videoId": "pSQHTE5VfPk",
    "title": "【FULL】Dr. Tang EP20 | 关于唐医生的一切20 | 患者疑似感染中东呼吸综合征，安和医院启动风险预控机制（#秦岚 / #魏大勋 / #高露 / #黄觉 / #王耀庆）",
    "description": "內容為影視劇作品，⽆任何不良引導，劇情皆為演繹畫⾯，禁⽌模仿🛡️.此短劇已取得版權方書面授權，畫面為正規影視劇演繹， ...",
    "channelTitle": "X Vision华语恋剧场 - Chinese Love Drama",
    "channelId": "UCuVh1QhCKChffsfyGKGzUbA",
    "publishedAt": "2022-07-13T14:00:11Z",
    "thumbnails": {
      "default": {
        "url": "https://i.ytimg.com/vi/pSQHTE5VfPk/default.jpg",
        "width": 120,
        "height": 90
      },
      "medium": {
        "url": "https://i.ytimg.com/vi/pSQHTE5VfPk/mqdefault.jpg",
        "width": 320,
        "height": 180
      },
      "high": {
        "url": "https://i.ytimg.com/vi/pSQHTE5VfPk/hqdefault.jpg",
        "width": 480,
        "height": 360
      }
    },
    "url": "https://www.youtube.com/watch?v=pSQHTE5VfPk",
    "searchQuery": "短剧 家庭纠纷 中文",
    "pageNumber": 3
  },
  {
    "videoId": "YX8OCsTfUa0",
    "title": "大嬸婆闖江湖 第 47 集",
    "description": "主要描述大嬸婆重新闖江湖的原由，以及她感化綁匪的故事．大嬸婆原已不問世事，與徒弟深居山中，卻因為弟弟來旺與道館館主賈 ...",
    "channelTitle": "台視台語台 TTV Taigi Channel",
    "channelId": "UCm1ZWHRUI8ergLCknsI9uiw",
    "publishedAt": "2020-04-08T06:00:15Z",
    "thumbnails": {
      "default": {
        "url": "https://i.ytimg.com/vi/YX8OCsTfUa0/default.jpg",
        "width": 120,
        "height": 90
      },
      "medium": {
        "url": "https://i.ytimg.com/vi/YX8OCsTfUa0/mqdefault.jpg",
        "width": 320,
        "height": 180
      },
      "high": {
        "url": "https://i.ytimg.com/vi/YX8OCsTfUa0/hqdefault.jpg",
        "width": 480,
        "height": 360
      }
    },
    "url": "https://www.youtube.com/watch?v=YX8OCsTfUa0",
    "searchQuery": "短剧 家庭纠纷 中文",
    "pageNumber": 3
  },
  {
    "videoId": "Wfb29Q6cy2o",
    "title": "【感恩有你】第1集 生活是一团麻，邻里关系似亲人，社区工作者不容易（张洪刚、黄静、王大元）",
    "description": "【剧情简介】本剧以社区工作者的日常工作故事贯穿全剧，围绕着社区几个普通家庭展开了一系列酸甜苦辣的生活故事，通过邻里之 ...",
    "channelTitle": "剧大虫虫",
    "channelId": "UCUPsXknw0_2LULKpS9oIiww",
    "publishedAt": "2023-01-25T16:00:26Z",
    "thumbnails": {
      "default": {
        "url": "https://i.ytimg.com/vi/Wfb29Q6cy2o/default.jpg",
        "width": 120,
        "height": 90
      },
      "medium": {
        "url": "https://i.ytimg.com/vi/Wfb29Q6cy2o/mqdefault.jpg",
        "width": 320,
        "height": 180
      },
      "high": {
        "url": "https://i.ytimg.com/vi/Wfb29Q6cy2o/hqdefault.jpg",
        "width": 480,
        "height": 360
      }
    },
    "url": "https://www.youtube.com/watch?v=Wfb29Q6cy2o",
    "searchQuery": "短剧 家庭纠纷 中文",
    "pageNumber": 3
  },
  {
    "videoId": "4q4iTnylFpo",
    "title": "大嬸婆闖江湖 第 02 集",
    "description": "主要描述大嬸婆重新闖江湖的原由，以及她感化綁匪的故事．大嬸婆原已不問世事，與徒弟深居山中，卻因為弟弟來旺與道館館主賈 ...",
    "channelTitle": "台視台語台 TTV Taigi Channel",
    "channelId": "UCm1ZWHRUI8ergLCknsI9uiw",
    "publishedAt": "2019-12-25T06:00:00Z",
    "thumbnails": {
      "default": {
        "url": "https://i.ytimg.com/vi/4q4iTnylFpo/default.jpg",
        "width": 120,
        "height": 90
      },
      "medium": {
        "url": "https://i.ytimg.com/vi/4q4iTnylFpo/mqdefault.jpg",
        "width": 320,
        "height": 180
      },
      "high": {
        "url": "https://i.ytimg.com/vi/4q4iTnylFpo/hqdefault.jpg",
        "width": 480,
        "height": 360
      }
    },
    "url": "https://www.youtube.com/watch?v=4q4iTnylFpo",
    "searchQuery": "短剧 家庭纠纷 中文",
    "pageNumber": 3
  },
  {
    "videoId": "qVbgFy3-f9s",
    "title": "4 江院長與青年座談 少數服從多數 多數尊重少數",
    "description": "完整播放清單: https://www.youtube.com/watch?v=BoezWJB-Hmo&list=PLdHfRZa7nzSUj5n5EdFTWAvPoPAnGe11c.",
    "channelTitle": "youthstory",
    "channelId": "UCkARQmweppT6ah09uLsjG2w",
    "publishedAt": "2014-06-06T08:45:34Z",
    "thumbnails": {
      "default": {
        "url": "https://i.ytimg.com/vi/qVbgFy3-f9s/default.jpg",
        "width": 120,
        "height": 90
      },
      "medium": {
        "url": "https://i.ytimg.com/vi/qVbgFy3-f9s/mqdefault.jpg",
        "width": 320,
        "height": 180
      },
      "high": {
        "url": "https://i.ytimg.com/vi/qVbgFy3-f9s/hqdefault.jpg",
        "width": 480,
        "height": 360
      }
    },
    "url": "https://www.youtube.com/watch?v=qVbgFy3-f9s",
    "searchQuery": "短剧 家庭纠纷 中文",
    "pageNumber": 3
  },
  {
    "videoId": "P1HOuLy_vng",
    "title": "大嬸婆闖江湖 第 42 集",
    "description": "主要描述大嬸婆重新闖江湖的原由，以及她感化綁匪的故事．大嬸婆原已不問世事，與徒弟深居山中，卻因為弟弟來旺與道館館主賈 ...",
    "channelTitle": "台視台語台 TTV Taigi Channel",
    "channelId": "UCm1ZWHRUI8ergLCknsI9uiw",
    "publishedAt": "2020-03-27T06:00:03Z",
    "thumbnails": {
      "default": {
        "url": "https://i.ytimg.com/vi/P1HOuLy_vng/default.jpg",
        "width": 120,
        "height": 90
      },
      "medium": {
        "url": "https://i.ytimg.com/vi/P1HOuLy_vng/mqdefault.jpg",
        "width": 320,
        "height": 180
      },
      "high": {
        "url": "https://i.ytimg.com/vi/P1HOuLy_vng/hqdefault.jpg",
        "width": 480,
        "height": 360
      }
    },
    "url": "https://www.youtube.com/watch?v=P1HOuLy_vng",
    "searchQuery": "短剧 家庭纠纷 中文",
    "pageNumber": 3
  },
  {
    "videoId": "rnPyjPiZNMA",
    "title": "[中文/印尼文]老盟-機構住宿式服務類長期照顧服務機構老人保護課程",
    "description": "指導單位：衛生福利部主辦單位：中華民國老人福利推動聯盟協辦單位：寬福護理之家臺灣在1993年即進入高齡化社會，並於2018 ...",
    "channelTitle": "中華民國老人福利推動聯盟",
    "channelId": "UCSgdwNHaPwqaiiiIsgRDRuA",
    "publishedAt": "2020-09-30T01:06:16Z",
    "thumbnails": {
      "default": {
        "url": "https://i.ytimg.com/vi/rnPyjPiZNMA/default.jpg",
        "width": 120,
        "height": 90
      },
      "medium": {
        "url": "https://i.ytimg.com/vi/rnPyjPiZNMA/mqdefault.jpg",
        "width": 320,
        "height": 180
      },
      "high": {
        "url": "https://i.ytimg.com/vi/rnPyjPiZNMA/hqdefault.jpg",
        "width": 480,
        "height": 360
      }
    },
    "url": "https://www.youtube.com/watch?v=rnPyjPiZNMA",
    "searchQuery": "短剧 家庭纠纷 中文",
    "pageNumber": 3
  },
  {
    "videoId": "sHPX8iuxBnc",
    "title": "【家庭情感剧】坐88路车回家 EP 22 高山拉元帥扮幸福攆走故人 | 高清全片HD | 张博\\刘威葳 On Our Way Home",
    "description": "全片列表看这裡  ：https://bit.ly/3OlA66C 《坐88路车回家 On Our Way Home》每天12:00 (GMT+8) 准时播放 【欢迎订阅 ...",
    "channelTitle": "華劇解说精選 CDrama Recaps【每日更新歡迎訂閱】",
    "channelId": "UCHeX9tMD8mqbqhu4Vceb3AQ",
    "publishedAt": "2022-06-24T04:00:22Z",
    "thumbnails": {
      "default": {
        "url": "https://i.ytimg.com/vi/sHPX8iuxBnc/default.jpg",
        "width": 120,
        "height": 90
      },
      "medium": {
        "url": "https://i.ytimg.com/vi/sHPX8iuxBnc/mqdefault.jpg",
        "width": 320,
        "height": 180
      },
      "high": {
        "url": "https://i.ytimg.com/vi/sHPX8iuxBnc/hqdefault.jpg",
        "width": 480,
        "height": 360
      }
    },
    "url": "https://www.youtube.com/watch?v=sHPX8iuxBnc",
    "searchQuery": "短剧 家庭纠纷 中文",
    "pageNumber": 3
  },
  {
    "videoId": "FJaBPfgNexU",
    "title": "【家庭情感剧】坐88路车回家 EP 11 黄家军开进高山家 | 高清全片HD | 张博\\刘威葳 On Our Way Home",
    "description": "全片列表看这裡  ：https://bit.ly/3OlA66C 《坐88路车回家 On Our Way Home》每天12:00 (GMT+8) 准时播放 【欢迎订阅 ...",
    "channelTitle": "華劇解说精選 CDrama Recaps【每日更新歡迎訂閱】",
    "channelId": "UCHeX9tMD8mqbqhu4Vceb3AQ",
    "publishedAt": "2022-06-20T04:15:00Z",
    "thumbnails": {
      "default": {
        "url": "https://i.ytimg.com/vi/FJaBPfgNexU/default.jpg",
        "width": 120,
        "height": 90
      },
      "medium": {
        "url": "https://i.ytimg.com/vi/FJaBPfgNexU/mqdefault.jpg",
        "width": 320,
        "height": 180
      },
      "high": {
        "url": "https://i.ytimg.com/vi/FJaBPfgNexU/hqdefault.jpg",
        "width": 480,
        "height": 360
      }
    },
    "url": "https://www.youtube.com/watch?v=FJaBPfgNexU",
    "searchQuery": "短剧 家庭纠纷 中文",
    "pageNumber": 3
  },
  {
    "videoId": "DqMi_msqc38",
    "title": "The Man Inside 🕵️‍♂️ | Mystery, Crime, and Intrigue by Natalie Sumner Lincoln 🔍",
    "description": "Welcome to Storytime Haven! Today, we bring you a classic mystery novel, *The Man Inside* by Natalie Sumner Lincoln.",
    "channelTitle": "Storytime Haven",
    "channelId": "UCOps5_6IGFNcC4nY6t_2AoQ",
    "publishedAt": "2025-06-18T18:00:06Z",
    "thumbnails": {
      "default": {
        "url": "https://i.ytimg.com/vi/DqMi_msqc38/default.jpg",
        "width": 120,
        "height": 90
      },
      "medium": {
        "url": "https://i.ytimg.com/vi/DqMi_msqc38/mqdefault.jpg",
        "width": 320,
        "height": 180
      },
      "high": {
        "url": "https://i.ytimg.com/vi/DqMi_msqc38/hqdefault.jpg",
        "width": 480,
        "height": 360
      }
    },
    "url": "https://www.youtube.com/watch?v=DqMi_msqc38",
    "searchQuery": "短剧 家庭纠纷 中文",
    "pageNumber": 3
  },
  {
    "videoId": "O7ulILYlOGA",
    "title": "{支配實況}幹~~!!!我英文爛阿阿~!創世神第一集~~",
    "description": "",
    "channelTitle": "支配",
    "channelId": "UCbY19yp7RfvVjsN8uEednLw",
    "publishedAt": "2015-02-15T14:22:13Z",
    "thumbnails": {
      "default": {
        "url": "https://i.ytimg.com/vi/O7ulILYlOGA/default.jpg",
        "width": 120,
        "height": 90
      },
      "medium": {
        "url": "https://i.ytimg.com/vi/O7ulILYlOGA/mqdefault.jpg",
        "width": 320,
        "height": 180
      },
      "high": {
        "url": "https://i.ytimg.com/vi/O7ulILYlOGA/hqdefault.jpg",
        "width": 480,
        "height": 360
      }
    },
    "url": "https://www.youtube.com/watch?v=O7ulILYlOGA",
    "searchQuery": "短剧 家庭纠纷 中文",
    "pageNumber": 3
  },
  {
    "videoId": "0E2aWBP5eA0",
    "title": "07《初一下 初中语文 第一单元》",
    "description": "Chapter 章节00:00:00 07《初一下_初中语文-第一单元》第01讲：邓稼先（第一课时） 00:14:40 07《初一下_初中语文-第一单元》 ...",
    "channelTitle": "国家中小学网络云平台（云课堂）- 免费无广告",
    "channelId": "UCXHVnQUwbjfaBU7UwKb6OZw",
    "publishedAt": "2022-01-23T15:00:13Z",
    "thumbnails": {
      "default": {
        "url": "https://i.ytimg.com/vi/0E2aWBP5eA0/default.jpg",
        "width": 120,
        "height": 90
      },
      "medium": {
        "url": "https://i.ytimg.com/vi/0E2aWBP5eA0/mqdefault.jpg",
        "width": 320,
        "height": 180
      },
      "high": {
        "url": "https://i.ytimg.com/vi/0E2aWBP5eA0/hqdefault.jpg",
        "width": 480,
        "height": 360
      }
    },
    "url": "https://www.youtube.com/watch?v=0E2aWBP5eA0",
    "searchQuery": "短剧 家庭纠纷 中文",
    "pageNumber": 3
  },
  {
    "videoId": "bfBcS5Vp7qk",
    "title": "【家庭情感剧】坐88路车回家 EP 19 金花小六修成正果 | 高清全片HD | 张博\\刘威葳 On Our Way Home",
    "description": "全片列表看这裡  ：https://bit.ly/3OlA66C 《坐88路车回家 On Our Way Home》每天12:00 (GMT+8) 准时播放 【欢迎订阅 ...",
    "channelTitle": "華劇解说精選 CDrama Recaps【每日更新歡迎訂閱】",
    "channelId": "UCHeX9tMD8mqbqhu4Vceb3AQ",
    "publishedAt": "2022-06-23T04:00:11Z",
    "thumbnails": {
      "default": {
        "url": "https://i.ytimg.com/vi/bfBcS5Vp7qk/default.jpg",
        "width": 120,
        "height": 90
      },
      "medium": {
        "url": "https://i.ytimg.com/vi/bfBcS5Vp7qk/mqdefault.jpg",
        "width": 320,
        "height": 180
      },
      "high": {
        "url": "https://i.ytimg.com/vi/bfBcS5Vp7qk/hqdefault.jpg",
        "width": 480,
        "height": 360
      }
    },
    "url": "https://www.youtube.com/watch?v=bfBcS5Vp7qk",
    "searchQuery": "短剧 家庭纠纷 中文",
    "pageNumber": 3
  },
  {
    "videoId": "-irW8R_OdvU",
    "title": "【家庭情感剧】坐88路车回家 EP 35 大嫂得病跟家人和解 | 高清全片HD | 张博\\刘威葳 On Our Way Home",
    "description": "全片列表看这裡  ：https://bit.ly/3OlA66C 《坐88路车回家 On Our Way Home》每天12:00 (GMT+8) 准时播放 【欢迎订阅 ...",
    "channelTitle": "華劇解说精選 CDrama Recaps【每日更新歡迎訂閱】",
    "channelId": "UCHeX9tMD8mqbqhu4Vceb3AQ",
    "publishedAt": "2022-06-28T04:15:00Z",
    "thumbnails": {
      "default": {
        "url": "https://i.ytimg.com/vi/-irW8R_OdvU/default.jpg",
        "width": 120,
        "height": 90
      },
      "medium": {
        "url": "https://i.ytimg.com/vi/-irW8R_OdvU/mqdefault.jpg",
        "width": 320,
        "height": 180
      },
      "high": {
        "url": "https://i.ytimg.com/vi/-irW8R_OdvU/hqdefault.jpg",
        "width": 480,
        "height": 360
      }
    },
    "url": "https://www.youtube.com/watch?v=-irW8R_OdvU",
    "searchQuery": "短剧 家庭纠纷 中文",
    "pageNumber": 3
  },
  {
    "videoId": "JudBMQuTMjQ",
    "title": "【家庭情感剧】坐88路车回家 EP 13 黄哆率队跟高山斗法 | 高清全片HD | 张博\\刘威葳 On Our Way Home",
    "description": "全片列表看这裡  ：https://bit.ly/3OlA66C 《坐88路车回家On Our Way Home》每天12:00 (GMT+8) 准时播放  【欢迎 ...",
    "channelTitle": "華劇解说精選 CDrama Recaps【每日更新歡迎訂閱】",
    "channelId": "UCHeX9tMD8mqbqhu4Vceb3AQ",
    "publishedAt": "2022-06-21T04:00:08Z",
    "thumbnails": {
      "default": {
        "url": "https://i.ytimg.com/vi/JudBMQuTMjQ/default.jpg",
        "width": 120,
        "height": 90
      },
      "medium": {
        "url": "https://i.ytimg.com/vi/JudBMQuTMjQ/mqdefault.jpg",
        "width": 320,
        "height": 180
      },
      "high": {
        "url": "https://i.ytimg.com/vi/JudBMQuTMjQ/hqdefault.jpg",
        "width": 480,
        "height": 360
      }
    },
    "url": "https://www.youtube.com/watch?v=JudBMQuTMjQ",
    "searchQuery": "短剧 家庭纠纷 中文",
    "pageNumber": 3
  },
  {
    "videoId": "bcukEulZrFU",
    "title": "Smart Travel娛樂八卦｜張敏,張玉珊本有機會成爲向太,爲何最終向華勝卻娶了端木櫻子?｜向華勝第一任前妻張美玲劉德華關係｜46歲3億身家張玉珊超近鏡曝光　│張玉珊|從影視明星到商界傳奇｜",
    "description": "劉德華#張玉珊#向華勝【空姐爆料】系列, 專業人士、家庭主婦、OL、行政人員、男士、傳媒亦喜歡報導我的呢個#SmartTravel, 可以 ...",
    "channelTitle": "Smart Travel",
    "channelId": "UCIuNPxqDGG08p3EqCwY0XIg",
    "publishedAt": "2021-10-06T23:00:22Z",
    "thumbnails": {
      "default": {
        "url": "https://i.ytimg.com/vi/bcukEulZrFU/default.jpg",
        "width": 120,
        "height": 90
      },
      "medium": {
        "url": "https://i.ytimg.com/vi/bcukEulZrFU/mqdefault.jpg",
        "width": 320,
        "height": 180
      },
      "high": {
        "url": "https://i.ytimg.com/vi/bcukEulZrFU/hqdefault.jpg",
        "width": 480,
        "height": 360
      }
    },
    "url": "https://www.youtube.com/watch?v=bcukEulZrFU",
    "searchQuery": "短剧 家庭纠纷 中文",
    "pageNumber": 3
  },
  {
    "videoId": "x0wsn1lSKz4",
    "title": "In her past life, he locked her in an asylum. Reborn, she chose a tycoon and ruined them all!",
    "description": "ceo #EngSub #chinesedrama #cinderella #president #shortfilm #shortdrama #Zhen Ziqi #Ke Chun #Shen Haonan #Shu Tong ...",
    "channelTitle": "LuLu甜劇社-Drama",
    "channelId": "UCbVcjWfLZkYcJ_1sJG2JaaA",
    "publishedAt": "2025-06-01T10:01:23Z",
    "thumbnails": {
      "default": {
        "url": "https://i.ytimg.com/vi/x0wsn1lSKz4/default.jpg",
        "width": 120,
        "height": 90
      },
      "medium": {
        "url": "https://i.ytimg.com/vi/x0wsn1lSKz4/mqdefault.jpg",
        "width": 320,
        "height": 180
      },
      "high": {
        "url": "https://i.ytimg.com/vi/x0wsn1lSKz4/hqdefault.jpg",
        "width": 480,
        "height": 360
      }
    },
    "url": "https://www.youtube.com/watch?v=x0wsn1lSKz4",
    "searchQuery": "短剧 家庭纠纷 中文",
    "pageNumber": 3
  },
  {
    "videoId": "SrKGM0CQpGA",
    "title": "ENG SUB【突围 | People&#39;s Property】EP15 靳东闫妮揭5亿巨款之谜",
    "description": "5亿巨额资金下落不明，一次次交易背后又隐藏着什么秘密。一场爆炸，为国企发展敲响了警钟。全力以赴的改革之路，谁又终将突出 ...",
    "channelTitle": "Youhug Media Official Channel 耀客文化官方频道",
    "channelId": "UCjVzBodPWE3BOwHIfzTkirA",
    "publishedAt": "2021-10-29T13:00:12Z",
    "thumbnails": {
      "default": {
        "url": "https://i.ytimg.com/vi/SrKGM0CQpGA/default.jpg",
        "width": 120,
        "height": 90
      },
      "medium": {
        "url": "https://i.ytimg.com/vi/SrKGM0CQpGA/mqdefault.jpg",
        "width": 320,
        "height": 180
      },
      "high": {
        "url": "https://i.ytimg.com/vi/SrKGM0CQpGA/hqdefault.jpg",
        "width": 480,
        "height": 360
      }
    },
    "url": "https://www.youtube.com/watch?v=SrKGM0CQpGA",
    "searchQuery": "短剧 家庭纠纷 中文",
    "pageNumber": 4
  },
  {
    "videoId": "EMMnuLemcxc",
    "title": "【家庭情感剧】坐88路车回家 EP 26 美国表哥回国探访高山 | 高清全片HD | 张博\\刘威葳 On Our Way Home",
    "description": "全片列表看这裡  ：https://bit.ly/3OlA66C 《坐88路车回家 On Our Way Home》每天12:00 (GMT+8) 准时播放 【欢迎订阅 ...",
    "channelTitle": "華劇解说精選 CDrama Recaps【每日更新歡迎訂閱】",
    "channelId": "UCHeX9tMD8mqbqhu4Vceb3AQ",
    "publishedAt": "2022-06-25T04:15:01Z",
    "thumbnails": {
      "default": {
        "url": "https://i.ytimg.com/vi/EMMnuLemcxc/default.jpg",
        "width": 120,
        "height": 90
      },
      "medium": {
        "url": "https://i.ytimg.com/vi/EMMnuLemcxc/mqdefault.jpg",
        "width": 320,
        "height": 180
      },
      "high": {
        "url": "https://i.ytimg.com/vi/EMMnuLemcxc/hqdefault.jpg",
        "width": 480,
        "height": 360
      }
    },
    "url": "https://www.youtube.com/watch?v=EMMnuLemcxc",
    "searchQuery": "短剧 家庭纠纷 中文",
    "pageNumber": 4
  },
  {
    "videoId": "J8xKniqg8cg",
    "title": "【家庭情感剧】坐88路车回家 EP 36 黄家孩子们长大成人| 高清全片HD | 张博\\刘威葳 On Our Way Home",
    "description": "全片列表看这裡  ：https://bit.ly/3OlA66C 《坐88路车回家 On Our Way Home》每天12:00 (GMT+8) 准时播放 【欢迎订阅 ...",
    "channelTitle": "華劇解说精選 CDrama Recaps【每日更新歡迎訂閱】",
    "channelId": "UCHeX9tMD8mqbqhu4Vceb3AQ",
    "publishedAt": "2022-06-28T04:30:03Z",
    "thumbnails": {
      "default": {
        "url": "https://i.ytimg.com/vi/J8xKniqg8cg/default.jpg",
        "width": 120,
        "height": 90
      },
      "medium": {
        "url": "https://i.ytimg.com/vi/J8xKniqg8cg/mqdefault.jpg",
        "width": 320,
        "height": 180
      },
      "high": {
        "url": "https://i.ytimg.com/vi/J8xKniqg8cg/hqdefault.jpg",
        "width": 480,
        "height": 360
      }
    },
    "url": "https://www.youtube.com/watch?v=J8xKniqg8cg",
    "searchQuery": "短剧 家庭纠纷 中文",
    "pageNumber": 4
  },
  {
    "videoId": "F9g5RqeveuM",
    "title": "【家庭情感剧】坐88路车回家 EP 15 黄哆遭训斥离家出走 | 高清全片HD | 张博\\刘威葳 On Our Way Home",
    "description": "全片列表看这裡  ：https://bit.ly/3OlA66C 《坐88路车回家 On Our Way Home》每天12:00 (GMT+8) 准时播放 【欢迎订阅 ...",
    "channelTitle": "華劇解说精選 CDrama Recaps【每日更新歡迎訂閱】",
    "channelId": "UCHeX9tMD8mqbqhu4Vceb3AQ",
    "publishedAt": "2022-06-21T04:30:02Z",
    "thumbnails": {
      "default": {
        "url": "https://i.ytimg.com/vi/F9g5RqeveuM/default.jpg",
        "width": 120,
        "height": 90
      },
      "medium": {
        "url": "https://i.ytimg.com/vi/F9g5RqeveuM/mqdefault.jpg",
        "width": 320,
        "height": 180
      },
      "high": {
        "url": "https://i.ytimg.com/vi/F9g5RqeveuM/hqdefault.jpg",
        "width": 480,
        "height": 360
      }
    },
    "url": "https://www.youtube.com/watch?v=F9g5RqeveuM",
    "searchQuery": "短剧 家庭纠纷 中文",
    "pageNumber": 4
  },
  {
    "videoId": "mvpo2jv5eqI",
    "title": "✖️ New York Times Lies Exposed!",
    "description": "SubscribeStar: https://www.subscribestar.com/nathanrich Patreon: https://www.patreon.com/NathanRich VPN: ...",
    "channelTitle": "Nathan Rich",
    "channelId": "UCaSlyjhR4WC7QhYuaivxb6g",
    "publishedAt": "2019-01-24T03:41:57Z",
    "thumbnails": {
      "default": {
        "url": "https://i.ytimg.com/vi/mvpo2jv5eqI/default.jpg",
        "width": 120,
        "height": 90
      },
      "medium": {
        "url": "https://i.ytimg.com/vi/mvpo2jv5eqI/mqdefault.jpg",
        "width": 320,
        "height": 180
      },
      "high": {
        "url": "https://i.ytimg.com/vi/mvpo2jv5eqI/hqdefault.jpg",
        "width": 480,
        "height": 360
      }
    },
    "url": "https://www.youtube.com/watch?v=mvpo2jv5eqI",
    "searchQuery": "短剧 家庭纠纷 中文",
    "pageNumber": 4
  },
  {
    "videoId": "pi3AlHlomIE",
    "title": "CIFA 影片收藏CIFA&#39;s Film Collection: 《天降》（张赞波，2009）Falling from the Sky (Zhang Zanbo, 2009)",
    "description": "",
    "channelTitle": "华语独立影像资料馆Chinese Independent Film Archive",
    "channelId": "UCT4iLkANFJ_HSsSpshqtCoQ",
    "publishedAt": "2020-11-17T22:35:54Z",
    "thumbnails": {
      "default": {
        "url": "https://i.ytimg.com/vi/pi3AlHlomIE/default.jpg",
        "width": 120,
        "height": 90
      },
      "medium": {
        "url": "https://i.ytimg.com/vi/pi3AlHlomIE/mqdefault.jpg",
        "width": 320,
        "height": 180
      },
      "high": {
        "url": "https://i.ytimg.com/vi/pi3AlHlomIE/hqdefault.jpg",
        "width": 480,
        "height": 360
      }
    },
    "url": "https://www.youtube.com/watch?v=pi3AlHlomIE",
    "searchQuery": "短剧 家庭纠纷 中文",
    "pageNumber": 4
  },
  {
    "videoId": "4nR5fovAVww",
    "title": "【家庭情感剧】坐88路车回家 EP 04 美丽开始相亲 高山照料黄咪 | 高清全片HD | 张博\\刘威葳 On Our Way Home",
    "description": "全片列表看这裡  ：https://bit.ly/3OlA66C 《坐88路车回家 On Our Way Home》每天12:00 (GMT+8) 准时播放 【欢迎订阅 ...",
    "channelTitle": "華劇解说精選 CDrama Recaps【每日更新歡迎訂閱】",
    "channelId": "UCHeX9tMD8mqbqhu4Vceb3AQ",
    "publishedAt": "2022-06-18T04:00:02Z",
    "thumbnails": {
      "default": {
        "url": "https://i.ytimg.com/vi/4nR5fovAVww/default.jpg",
        "width": 120,
        "height": 90
      },
      "medium": {
        "url": "https://i.ytimg.com/vi/4nR5fovAVww/mqdefault.jpg",
        "width": 320,
        "height": 180
      },
      "high": {
        "url": "https://i.ytimg.com/vi/4nR5fovAVww/hqdefault.jpg",
        "width": 480,
        "height": 360
      }
    },
    "url": "https://www.youtube.com/watch?v=4nR5fovAVww",
    "searchQuery": "短剧 家庭纠纷 中文",
    "pageNumber": 4
  },
  {
    "videoId": "gdiNDYJV9r4",
    "title": "730 天的回忆，从相遇的第一刻",
    "description": "走在一起是缘分，走到最后是包容有兴趣购买【九吉公老紅糖】的朋友可以到以下购买Instagram ...",
    "channelTitle": "Lim Shang Jin (林尚进)",
    "channelId": "UC5jVqmTTNK5jIK3E5eY74wg",
    "publishedAt": "2021-01-08T10:02:16Z",
    "thumbnails": {
      "default": {
        "url": "https://i.ytimg.com/vi/gdiNDYJV9r4/default.jpg",
        "width": 120,
        "height": 90
      },
      "medium": {
        "url": "https://i.ytimg.com/vi/gdiNDYJV9r4/mqdefault.jpg",
        "width": 320,
        "height": 180
      },
      "high": {
        "url": "https://i.ytimg.com/vi/gdiNDYJV9r4/hqdefault.jpg",
        "width": 480,
        "height": 360
      }
    },
    "url": "https://www.youtube.com/watch?v=gdiNDYJV9r4",
    "searchQuery": "短剧 家庭纠纷 中文",
    "pageNumber": 4
  },
  {
    "videoId": "89TdaMMOBjg",
    "title": "【家庭情感剧】坐88路车回家 EP 30 高山夫妻为黄来奔波 | 高清全片HD | 张博\\刘威葳 On Our Way Home",
    "description": "全片列表看这裡  ：https://bit.ly/3OlA66C 《坐88路车回家 On Our Way Home》每天12:00 (GMT+8) 准时播放 【欢迎订阅 ...",
    "channelTitle": "華劇解说精選 CDrama Recaps【每日更新歡迎訂閱】",
    "channelId": "UCHeX9tMD8mqbqhu4Vceb3AQ",
    "publishedAt": "2022-06-26T04:30:04Z",
    "thumbnails": {
      "default": {
        "url": "https://i.ytimg.com/vi/89TdaMMOBjg/default.jpg",
        "width": 120,
        "height": 90
      },
      "medium": {
        "url": "https://i.ytimg.com/vi/89TdaMMOBjg/mqdefault.jpg",
        "width": 320,
        "height": 180
      },
      "high": {
        "url": "https://i.ytimg.com/vi/89TdaMMOBjg/hqdefault.jpg",
        "width": 480,
        "height": 360
      }
    },
    "url": "https://www.youtube.com/watch?v=89TdaMMOBjg",
    "searchQuery": "短剧 家庭纠纷 中文",
    "pageNumber": 4
  },
  {
    "videoId": "vm2UFavAyy4",
    "title": "【FULL】Dr. Tang EP21 | 关于唐医生的一切 21 | 亮亮急需手术却缺医药费，唐佳瑜欠费为其做手术（#秦岚 / #魏大勋 / #高露 / #黄觉 / #王耀庆）",
    "description": "內容為影視劇作品，⽆任何不良引導，劇情皆為演繹畫⾯，禁⽌模仿🛡️.此短劇已取得版權方書面授權，畫面為正規影視劇演繹， ...",
    "channelTitle": "X Vision华语恋剧场 - Chinese Love Drama",
    "channelId": "UCuVh1QhCKChffsfyGKGzUbA",
    "publishedAt": "2022-07-14T14:18:14Z",
    "thumbnails": {
      "default": {
        "url": "https://i.ytimg.com/vi/vm2UFavAyy4/default.jpg",
        "width": 120,
        "height": 90
      },
      "medium": {
        "url": "https://i.ytimg.com/vi/vm2UFavAyy4/mqdefault.jpg",
        "width": 320,
        "height": 180
      },
      "high": {
        "url": "https://i.ytimg.com/vi/vm2UFavAyy4/hqdefault.jpg",
        "width": 480,
        "height": 360
      }
    },
    "url": "https://www.youtube.com/watch?v=vm2UFavAyy4",
    "searchQuery": "短剧 家庭纠纷 中文",
    "pageNumber": 4
  },
  {
    "videoId": "M--8QOmpUmQ",
    "title": "【FULL】Dr. Tang EP13 | 关于唐医生的一切 13 | 遭遇家暴的母亲遇车祸，5岁女儿向唐医生求救（#秦岚 / #魏大勋 / #高露 / #黄觉 / #王耀庆）",
    "description": "內容為影視劇作品，⽆任何不良引導，劇情皆為演繹畫⾯，禁⽌模仿🛡️.此短劇已取得版權方書面授權，畫面為正規影視劇演繹， ...",
    "channelTitle": "X Vision华语恋剧场 - Chinese Love Drama",
    "channelId": "UCuVh1QhCKChffsfyGKGzUbA",
    "publishedAt": "2022-07-06T15:05:12Z",
    "thumbnails": {
      "default": {
        "url": "https://i.ytimg.com/vi/M--8QOmpUmQ/default.jpg",
        "width": 120,
        "height": 90
      },
      "medium": {
        "url": "https://i.ytimg.com/vi/M--8QOmpUmQ/mqdefault.jpg",
        "width": 320,
        "height": 180
      },
      "high": {
        "url": "https://i.ytimg.com/vi/M--8QOmpUmQ/hqdefault.jpg",
        "width": 480,
        "height": 360
      }
    },
    "url": "https://www.youtube.com/watch?v=M--8QOmpUmQ",
    "searchQuery": "短剧 家庭纠纷 中文",
    "pageNumber": 4
  },
  {
    "videoId": "dE0kvw1d10k",
    "title": "【家庭情感剧】坐88路车回家 EP 28 因出国高山和元帅闹翻 | 高清全片HD | 张博\\刘威葳 On Our Way Home",
    "description": "全片列表看这裡  ：https://bit.ly/3OlA66C 《坐88路车回家 On Our Way Home》每天12:00 (GMT+8) 准时播放 【欢迎订阅 ...",
    "channelTitle": "華劇解说精選 CDrama Recaps【每日更新歡迎訂閱】",
    "channelId": "UCHeX9tMD8mqbqhu4Vceb3AQ",
    "publishedAt": "2022-06-26T04:00:11Z",
    "thumbnails": {
      "default": {
        "url": "https://i.ytimg.com/vi/dE0kvw1d10k/default.jpg",
        "width": 120,
        "height": 90
      },
      "medium": {
        "url": "https://i.ytimg.com/vi/dE0kvw1d10k/mqdefault.jpg",
        "width": 320,
        "height": 180
      },
      "high": {
        "url": "https://i.ytimg.com/vi/dE0kvw1d10k/hqdefault.jpg",
        "width": 480,
        "height": 360
      }
    },
    "url": "https://www.youtube.com/watch?v=dE0kvw1d10k",
    "searchQuery": "短剧 家庭纠纷 中文",
    "pageNumber": 4
  },
  {
    "videoId": "Wbo1ob1BFk4",
    "title": "【家庭情感剧】坐88路车回家 EP 21 元帅真心仍系高山 | 高清全片HD | 张博\\刘威葳 On Our Way Home",
    "description": "全片列表看这裡  ：https://bit.ly/3OlA66C 《坐88路车回家 On Our Way Home》每天12:00 (GMT+8) 准时播放 【欢迎订阅 ...",
    "channelTitle": "華劇解说精選 CDrama Recaps【每日更新歡迎訂閱】",
    "channelId": "UCHeX9tMD8mqbqhu4Vceb3AQ",
    "publishedAt": "2022-06-23T04:30:05Z",
    "thumbnails": {
      "default": {
        "url": "https://i.ytimg.com/vi/Wbo1ob1BFk4/default.jpg",
        "width": 120,
        "height": 90
      },
      "medium": {
        "url": "https://i.ytimg.com/vi/Wbo1ob1BFk4/mqdefault.jpg",
        "width": 320,
        "height": 180
      },
      "high": {
        "url": "https://i.ytimg.com/vi/Wbo1ob1BFk4/hqdefault.jpg",
        "width": 480,
        "height": 360
      }
    },
    "url": "https://www.youtube.com/watch?v=Wbo1ob1BFk4",
    "searchQuery": "短剧 家庭纠纷 中文",
    "pageNumber": 4
  },
  {
    "videoId": "CblJf-nQAZ0",
    "title": "我們不是低能，我們是有革命情感的家人！",
    "description": "bbffmf ig https://www.instagram.com/bbffmf/ 小額贊助支持成立革命家庭！",
    "channelTitle": "BBFFMF",
    "channelId": "UCxVg-EcR6vQ3Q-CzWoTJLvQ",
    "publishedAt": "2023-04-21T10:18:38Z",
    "thumbnails": {
      "default": {
        "url": "https://i.ytimg.com/vi/CblJf-nQAZ0/default.jpg",
        "width": 120,
        "height": 90
      },
      "medium": {
        "url": "https://i.ytimg.com/vi/CblJf-nQAZ0/mqdefault.jpg",
        "width": 320,
        "height": 180
      },
      "high": {
        "url": "https://i.ytimg.com/vi/CblJf-nQAZ0/hqdefault.jpg",
        "width": 480,
        "height": 360
      }
    },
    "url": "https://www.youtube.com/watch?v=CblJf-nQAZ0",
    "searchQuery": "短剧 家庭纠纷 中文",
    "pageNumber": 4
  },
  {
    "videoId": "HGR20w_Gk7U",
    "title": "🚨 Traffic in Souls: A Novel of Crime and Its Cure 🕵️‍♂️📖",
    "description": "Step back into the shadows of early 20th-century New York with *Traffic in Souls: A Novel of Crime and Its Cure* by Eustace Hale ...",
    "channelTitle": "Classic Detective Mysteries",
    "channelId": "UCzfWtxWNUaS9C2nAwnMi4bQ",
    "publishedAt": "2025-06-16T21:00:06Z",
    "thumbnails": {
      "default": {
        "url": "https://i.ytimg.com/vi/HGR20w_Gk7U/default.jpg",
        "width": 120,
        "height": 90
      },
      "medium": {
        "url": "https://i.ytimg.com/vi/HGR20w_Gk7U/mqdefault.jpg",
        "width": 320,
        "height": 180
      },
      "high": {
        "url": "https://i.ytimg.com/vi/HGR20w_Gk7U/hqdefault.jpg",
        "width": 480,
        "height": 360
      }
    },
    "url": "https://www.youtube.com/watch?v=HGR20w_Gk7U",
    "searchQuery": "短剧 家庭纠纷 中文",
    "pageNumber": 4
  },
  {
    "videoId": "BnDzovsXUzI",
    "title": "【家庭情感剧】坐88路车回家 EP 05 为孩子元帅千挑万选 送走时内心愧疚 | 高清全片HD | 张博\\刘威葳 On Our Way Home",
    "description": "全片列表看这裡  ：https://bit.ly/3OlA66C 《坐88路车回家 On Our Way Home》每天12:00 (GMT+8) 准时播放 【欢迎订阅 ...",
    "channelTitle": "華劇解说精選 CDrama Recaps【每日更新歡迎訂閱】",
    "channelId": "UCHeX9tMD8mqbqhu4Vceb3AQ",
    "publishedAt": "2022-06-18T04:15:00Z",
    "thumbnails": {
      "default": {
        "url": "https://i.ytimg.com/vi/BnDzovsXUzI/default.jpg",
        "width": 120,
        "height": 90
      },
      "medium": {
        "url": "https://i.ytimg.com/vi/BnDzovsXUzI/mqdefault.jpg",
        "width": 320,
        "height": 180
      },
      "high": {
        "url": "https://i.ytimg.com/vi/BnDzovsXUzI/hqdefault.jpg",
        "width": 480,
        "height": 360
      }
    },
    "url": "https://www.youtube.com/watch?v=BnDzovsXUzI",
    "searchQuery": "短剧 家庭纠纷 中文",
    "pageNumber": 4
  },
  {
    "videoId": "li3BRKwFNCo",
    "title": "【家庭情感剧】坐88路车回家 EP 08 元帅美丽分手 领养流浪儿成大户 | 高清全片HD | 张博\\刘威葳 On Our Way Home",
    "description": "全片列表看这裡  ：https://bit.ly/3OlA66C 《坐88路车回家 On Our Way Home》每天12:00 (GMT+8) 准时播放 【欢迎订阅 ...",
    "channelTitle": "華劇解说精選 CDrama Recaps【每日更新歡迎訂閱】",
    "channelId": "UCHeX9tMD8mqbqhu4Vceb3AQ",
    "publishedAt": "2022-06-19T04:15:01Z",
    "thumbnails": {
      "default": {
        "url": "https://i.ytimg.com/vi/li3BRKwFNCo/default.jpg",
        "width": 120,
        "height": 90
      },
      "medium": {
        "url": "https://i.ytimg.com/vi/li3BRKwFNCo/mqdefault.jpg",
        "width": 320,
        "height": 180
      },
      "high": {
        "url": "https://i.ytimg.com/vi/li3BRKwFNCo/hqdefault.jpg",
        "width": 480,
        "height": 360
      }
    },
    "url": "https://www.youtube.com/watch?v=li3BRKwFNCo",
    "searchQuery": "短剧 家庭纠纷 中文",
    "pageNumber": 4
  },
  {
    "videoId": "Lp9U026Mfr4",
    "title": "經典趣劇吳耀漢 | 點只咁簡單 #01 「黃金千兩」| 吳耀漢、 盧宛茵、艾綺蓮| 粵語 | TVB 1977",
    "description": "喜劇泰斗吳耀漢與多位藝員合作演出精采短Gag及趣劇「點只咁簡單劇場」。趣劇以特定主題的笑料讓觀眾開懷大笑。他又借搞笑 ...",
    "channelTitle": "TVB Variety Show 綜藝娛樂",
    "channelId": "UCflTI_nq4yyQK3B9UITRJFw",
    "publishedAt": "2023-04-23T20:00:04Z",
    "thumbnails": {
      "default": {
        "url": "https://i.ytimg.com/vi/Lp9U026Mfr4/default.jpg",
        "width": 120,
        "height": 90
      },
      "medium": {
        "url": "https://i.ytimg.com/vi/Lp9U026Mfr4/mqdefault.jpg",
        "width": 320,
        "height": 180
      },
      "high": {
        "url": "https://i.ytimg.com/vi/Lp9U026Mfr4/hqdefault.jpg",
        "width": 480,
        "height": 360
      }
    },
    "url": "https://www.youtube.com/watch?v=Lp9U026Mfr4",
    "searchQuery": "短剧 家庭纠纷 中文",
    "pageNumber": 4
  },
  {
    "videoId": "0GzZl5h4kPw",
    "title": "陳成貴呂院雅的感人婚姻 - （中、英文字幕）",
    "description": "陳成貴呂院雅的感人婚姻真愛如果婚姻是建築在外表、金錢上面，他們的婚姻一早就完結。癌病把他俊朗的外貌完全毀去：兩眼擠上 ...",
    "channelTitle": "daniel goenawan",
    "channelId": "UChZQBhQL2C_8kvoaB_T1zfA",
    "publishedAt": "2022-09-15T09:19:43Z",
    "thumbnails": {
      "default": {
        "url": "https://i.ytimg.com/vi/0GzZl5h4kPw/default.jpg",
        "width": 120,
        "height": 90
      },
      "medium": {
        "url": "https://i.ytimg.com/vi/0GzZl5h4kPw/mqdefault.jpg",
        "width": 320,
        "height": 180
      },
      "high": {
        "url": "https://i.ytimg.com/vi/0GzZl5h4kPw/hqdefault.jpg",
        "width": 480,
        "height": 360
      }
    },
    "url": "https://www.youtube.com/watch?v=0GzZl5h4kPw",
    "searchQuery": "短剧 家庭纠纷 中文",
    "pageNumber": 4
  },
  {
    "videoId": "q12yW3ITQDA",
    "title": "NTPU 劉偉澍老師「危機管理 Crisis Management」課程",
    "description": "危機管理Crisis Management 人無遠慮，必有近憂   窮則思變與居安思危   智者千慮，必有一失   英國著名戲劇大師莎士比亞 ...",
    "channelTitle": "劉偉澍",
    "channelId": "UCNFHI859tw6YROt5gU03upw",
    "publishedAt": "2015-07-17T01:52:53Z",
    "thumbnails": {
      "default": {
        "url": "https://i.ytimg.com/vi/q12yW3ITQDA/default.jpg",
        "width": 120,
        "height": 90
      },
      "medium": {
        "url": "https://i.ytimg.com/vi/q12yW3ITQDA/mqdefault.jpg",
        "width": 320,
        "height": 180
      },
      "high": {
        "url": "https://i.ytimg.com/vi/q12yW3ITQDA/hqdefault.jpg",
        "width": 480,
        "height": 360
      }
    },
    "url": "https://www.youtube.com/watch?v=q12yW3ITQDA",
    "searchQuery": "短剧 家庭纠纷 中文",
    "pageNumber": 4
  },
  {
    "videoId": "9a5HrHkcRRg",
    "title": "【家庭情感剧】坐88路车回家 EP 20 高山要撵黄家军 | 高清全片HD | 张博\\刘威葳 On Our Way Home",
    "description": "全片列表看这裡  ：https://bit.ly/3OlA66C 《坐88路车回家 On Our Way Home》每天12:00 (GMT+8) 准时播放 【欢迎订阅 ...",
    "channelTitle": "華劇解说精選 CDrama Recaps【每日更新歡迎訂閱】",
    "channelId": "UCHeX9tMD8mqbqhu4Vceb3AQ",
    "publishedAt": "2022-06-23T04:15:00Z",
    "thumbnails": {
      "default": {
        "url": "https://i.ytimg.com/vi/9a5HrHkcRRg/default.jpg",
        "width": 120,
        "height": 90
      },
      "medium": {
        "url": "https://i.ytimg.com/vi/9a5HrHkcRRg/mqdefault.jpg",
        "width": 320,
        "height": 180
      },
      "high": {
        "url": "https://i.ytimg.com/vi/9a5HrHkcRRg/hqdefault.jpg",
        "width": 480,
        "height": 360
      }
    },
    "url": "https://www.youtube.com/watch?v=9a5HrHkcRRg",
    "searchQuery": "短剧 家庭纠纷 中文",
    "pageNumber": 4
  },
  {
    "videoId": "BwqXoCaZ6WA",
    "title": "【FULL】Dr. Tang EP04 | 关于唐医生的一切 04 | 自闭患儿心瓣置换手术被叫停，唐佳瑜与叶弈明观点分歧引争论（#秦岚 / #魏大勋 / #高露 / #黄觉 / #王耀庆）",
    "description": "內容為影視劇作品，⽆任何不良引導，劇情皆為演繹畫⾯，禁⽌模仿🛡️.此短劇已取得版權方書面授權，畫面為正規影視劇演繹， ...",
    "channelTitle": "X Vision华语恋剧场 - Chinese Love Drama",
    "channelId": "UCuVh1QhCKChffsfyGKGzUbA",
    "publishedAt": "2022-06-27T14:16:01Z",
    "thumbnails": {
      "default": {
        "url": "https://i.ytimg.com/vi/BwqXoCaZ6WA/default.jpg",
        "width": 120,
        "height": 90
      },
      "medium": {
        "url": "https://i.ytimg.com/vi/BwqXoCaZ6WA/mqdefault.jpg",
        "width": 320,
        "height": 180
      },
      "high": {
        "url": "https://i.ytimg.com/vi/BwqXoCaZ6WA/hqdefault.jpg",
        "width": 480,
        "height": 360
      }
    },
    "url": "https://www.youtube.com/watch?v=BwqXoCaZ6WA",
    "searchQuery": "短剧 家庭纠纷 中文",
    "pageNumber": 4
  },
  {
    "videoId": "WxgkYpMnsHA",
    "title": "《战斗吧！夫君 》自古深情留不住 套路来了挡都挡不住~ 伍思城他不想宅斗只想谈恋爱！Fight! husband【芒果TV心动频道】",
    "description": "伍家小少爷伍思诚为夺回家产开启“战斗”模式！“百事通达”金牌员工宋芝芝启用拼单功能，卷入画风清奇的伍家纠葛之中。欢迎订阅【 ...",
    "channelTitle": "芒果TV心动 MangoTV Sparkle",
    "channelId": "UCLqfIlW6-tXfBg1rHx-RB3g",
    "publishedAt": "2022-05-11T13:00:30Z",
    "thumbnails": {
      "default": {
        "url": "https://i.ytimg.com/vi/WxgkYpMnsHA/default.jpg",
        "width": 120,
        "height": 90
      },
      "medium": {
        "url": "https://i.ytimg.com/vi/WxgkYpMnsHA/mqdefault.jpg",
        "width": 320,
        "height": 180
      },
      "high": {
        "url": "https://i.ytimg.com/vi/WxgkYpMnsHA/hqdefault.jpg",
        "width": 480,
        "height": 360
      }
    },
    "url": "https://www.youtube.com/watch?v=WxgkYpMnsHA",
    "searchQuery": "短剧 家庭纠纷 中文",
    "pageNumber": 4
  },
  {
    "videoId": "MOFVtP_kj_s",
    "title": "影子跟讀練習300句，練出一口好英語（高級篇）",
    "description": "中文錄音播放之後，接著會播放英語錄音。通過多次重復聽錄音，你能牢牢記住學到的短語。 你想流利說英語嗎？如果想，試著跟著 ...",
    "channelTitle": "Kendra's Language School",
    "channelId": "UCTYQzAi6YOcgv2mkzsfzmpA",
    "publishedAt": "2020-06-11T23:00:05Z",
    "thumbnails": {
      "default": {
        "url": "https://i.ytimg.com/vi/MOFVtP_kj_s/default.jpg",
        "width": 120,
        "height": 90
      },
      "medium": {
        "url": "https://i.ytimg.com/vi/MOFVtP_kj_s/mqdefault.jpg",
        "width": 320,
        "height": 180
      },
      "high": {
        "url": "https://i.ytimg.com/vi/MOFVtP_kj_s/hqdefault.jpg",
        "width": 480,
        "height": 360
      }
    },
    "url": "https://www.youtube.com/watch?v=MOFVtP_kj_s",
    "searchQuery": "短剧 家庭纠纷 中文",
    "pageNumber": 5
  },
  {
    "videoId": "svGT73o_rC0",
    "title": "【殭屍小子】的恬恬！【新十二生肖】的貝瑪！專訪劉致妤【Podcast|馬可多|劉致妤|布萊恩|吉米|RPG|視體撞擊|半瓶醋】",
    "description": "殭屍小子#新十二生肖#劉致妤成為這個頻道的會員並獲得獎勵： ...",
    "channelTitle": "半瓶醋",
    "channelId": "UCYQDonquvqNhW35w3BSgqAw",
    "publishedAt": "2023-04-04T13:30:10Z",
    "thumbnails": {
      "default": {
        "url": "https://i.ytimg.com/vi/svGT73o_rC0/default.jpg",
        "width": 120,
        "height": 90
      },
      "medium": {
        "url": "https://i.ytimg.com/vi/svGT73o_rC0/mqdefault.jpg",
        "width": 320,
        "height": 180
      },
      "high": {
        "url": "https://i.ytimg.com/vi/svGT73o_rC0/hqdefault.jpg",
        "width": 480,
        "height": 360
      }
    },
    "url": "https://www.youtube.com/watch?v=svGT73o_rC0",
    "searchQuery": "短剧 家庭纠纷 中文",
    "pageNumber": 5
  },
  {
    "videoId": "PSo_4Bmr0jE",
    "title": "【FULL】Dr. Tang EP06 | 关于唐医生的一切 06 | 先心病小伙为手术高强度运动，唐佳瑜确定新型人工心脏研发人员 （#秦岚 / #魏大勋 / #高露 / #黄觉 / #王耀庆）",
    "description": "內容為影視劇作品，⽆任何不良引導，劇情皆為演繹畫⾯，禁⽌模仿🛡️.此短劇已取得版權方書面授權，畫面為正規影視劇演繹， ...",
    "channelTitle": "X Vision华语恋剧场 - Chinese Love Drama",
    "channelId": "UCuVh1QhCKChffsfyGKGzUbA",
    "publishedAt": "2022-06-28T13:59:23Z",
    "thumbnails": {
      "default": {
        "url": "https://i.ytimg.com/vi/PSo_4Bmr0jE/default.jpg",
        "width": 120,
        "height": 90
      },
      "medium": {
        "url": "https://i.ytimg.com/vi/PSo_4Bmr0jE/mqdefault.jpg",
        "width": 320,
        "height": 180
      },
      "high": {
        "url": "https://i.ytimg.com/vi/PSo_4Bmr0jE/hqdefault.jpg",
        "width": 480,
        "height": 360
      }
    },
    "url": "https://www.youtube.com/watch?v=PSo_4Bmr0jE",
    "searchQuery": "短剧 家庭纠纷 中文",
    "pageNumber": 5
  },
  {
    "videoId": "pF9dTR59sts",
    "title": "【FULL】Dr. Tang EP 31 | 关于唐医生的一切 31 | 欧阳真予终心动，大胆告白王海明（#秦岚 / #魏大勋 / #高露 / #黄觉 / #王耀庆）",
    "description": "內容為影視劇作品，⽆任何不良引導，劇情皆為演繹畫⾯，禁⽌模仿🛡️.此短劇已取得版權方書面授權，畫面為正規影視劇演繹， ...",
    "channelTitle": "X Vision华语恋剧场 - Chinese Love Drama",
    "channelId": "UCuVh1QhCKChffsfyGKGzUbA",
    "publishedAt": "2022-07-25T14:00:29Z",
    "thumbnails": {
      "default": {
        "url": "https://i.ytimg.com/vi/pF9dTR59sts/default.jpg",
        "width": 120,
        "height": 90
      },
      "medium": {
        "url": "https://i.ytimg.com/vi/pF9dTR59sts/mqdefault.jpg",
        "width": 320,
        "height": 180
      },
      "high": {
        "url": "https://i.ytimg.com/vi/pF9dTR59sts/hqdefault.jpg",
        "width": 480,
        "height": 360
      }
    },
    "url": "https://www.youtube.com/watch?v=pF9dTR59sts",
    "searchQuery": "短剧 家庭纠纷 中文",
    "pageNumber": 5
  },
  {
    "videoId": "eLG0d0qx0cg",
    "title": "Chica Pobre Vende Todo para Casarse con Amor Online – ¡Era un Millonario Oculto!",
    "description": "El Amor Tiene un Código, 15 Años Esperando que Me Digas Te Amo | La Mejor Película de Acción de CEO | ToroTV Las Mejores ...",
    "channelTitle": "Toro TV",
    "channelId": "UC99VmxTMTHoewa3SnImOEMA",
    "publishedAt": "2025-06-11T16:30:09Z",
    "thumbnails": {
      "default": {
        "url": "https://i.ytimg.com/vi/eLG0d0qx0cg/default.jpg",
        "width": 120,
        "height": 90
      },
      "medium": {
        "url": "https://i.ytimg.com/vi/eLG0d0qx0cg/mqdefault.jpg",
        "width": 320,
        "height": 180
      },
      "high": {
        "url": "https://i.ytimg.com/vi/eLG0d0qx0cg/hqdefault.jpg",
        "width": 480,
        "height": 360
      }
    },
    "url": "https://www.youtube.com/watch?v=eLG0d0qx0cg",
    "searchQuery": "短剧 家庭纠纷 中文",
    "pageNumber": 5
  },
  {
    "videoId": "PrJoLudUyVc",
    "title": "亿万总裁闯入异父异母亲妹妹的房间，没想到妹妹在洗澡 爱情 | love | 恋爱 | 婚姻 | 出轨 | 伦理 | 小三 | 霸道总裁",
    "description": "亿万总裁意外闯入妹妹房间，看到她洗澡的那一刻，局面瞬间失控！ 他是冷酷的亿万总裁，智商与权力并肩， 她是他的异父异母亲 ...",
    "channelTitle": "吃瓜追热剧",
    "channelId": "UCejh3rbXw14D29agmU4aHnA",
    "publishedAt": "2025-04-25T22:09:11Z",
    "thumbnails": {
      "default": {
        "url": "https://i.ytimg.com/vi/PrJoLudUyVc/default.jpg",
        "width": 120,
        "height": 90
      },
      "medium": {
        "url": "https://i.ytimg.com/vi/PrJoLudUyVc/mqdefault.jpg",
        "width": 320,
        "height": 180
      },
      "high": {
        "url": "https://i.ytimg.com/vi/PrJoLudUyVc/hqdefault.jpg",
        "width": 480,
        "height": 360
      }
    },
    "url": "https://www.youtube.com/watch?v=PrJoLudUyVc",
    "searchQuery": "短剧 家庭纠纷 中文",
    "pageNumber": 5
  },
  {
    "videoId": "4qWOyDylAdE",
    "title": "【完结篇】《都市医仙闯山城》第1-83集 神医步入世俗，一手精湛的医术，让世俗当中的高层和政要千方百计的想要巴结，而他那高超的炼丹之术更是让修真者们为之疯狂…#短剧 #逆袭 #热血 #wsnd #言橘",
    "description": "我们强调了视频内容的合规性，绝对没有任何不良引导或危险行为YouTube最全的短剧分享都市、热血、玄幻、逆袭、爽文、女神你 ...",
    "channelTitle": "梦幻沙雕剧场",
    "channelId": "UC--uQBnXkaOyv-RBPLH9yDQ",
    "publishedAt": "2023-04-15T02:00:03Z",
    "thumbnails": {
      "default": {
        "url": "https://i.ytimg.com/vi/4qWOyDylAdE/default.jpg",
        "width": 120,
        "height": 90
      },
      "medium": {
        "url": "https://i.ytimg.com/vi/4qWOyDylAdE/mqdefault.jpg",
        "width": 320,
        "height": 180
      },
      "high": {
        "url": "https://i.ytimg.com/vi/4qWOyDylAdE/hqdefault.jpg",
        "width": 480,
        "height": 360
      }
    },
    "url": "https://www.youtube.com/watch?v=4qWOyDylAdE",
    "searchQuery": "短剧 家庭纠纷 中文",
    "pageNumber": 5
  }
]