[{"videoId":"bO6Dx4WA5Mc","name":"女医生穿越古代","title":"女医生穿越古代","description":"点击此链接下載WeTV APP，看短劇不迷路哦~ https://lihi.cc/LyX7Y 我們定時更新原創短劇，聚焦甜寵，穿越，重生等各類題材！","channelTitle":"咕咚短劇","channelId":"UCXxX9USrYpCLTqj-7e5Q1gA","publishedAt":"2024-09-29T12:00:42","thumbnails":{"medium":{"url":"https://i.ytimg.com/vi/bO6Dx4WA5Mc/mqdefault.jpg","width":320,"height":180},"high":{"url":"https://i.ytimg.com/vi/bO6Dx4WA5Mc/hqdefault.jpg","width":480,"height":360},"default":{"url":"https://i.ytimg.com/vi/bO6Dx4WA5Mc/default.jpg","width":120,"height":90}},"url":"https://www.youtube.com/watch?v=bO6Dx4WA5Mc","searchQuery":"","pageNumber":""},{"videoId":"1NzILxX4jBY","name":"妹妹替嫁收获王爷","title":"妹妹替嫁收获王爷","description":"Hi! Finally you are here! Welcome to subscribe my channel. Here you will see the best Chinese TV series clips. Your subscription ...","channelTitle":"枪神九月","channelId":"UCu9KljjFn6T8VbVryPw7EZg","publishedAt":"2024-10-26T15:00:04","thumbnails":{"medium":{"url":"https://i.ytimg.com/vi/1NzILxX4jBY/mqdefault.jpg","width":320,"height":180},"high":{"url":"https://i.ytimg.com/vi/1NzILxX4jBY/hqdefault.jpg","width":480,"height":360},"default":{"url":"https://i.ytimg.com/vi/1NzILxX4jBY/default.jpg","width":120,"height":90}},"url":"https://www.youtube.com/watch?v=1NzILxX4jBY","searchQuery":"","pageNumber":""},{"videoId":"TTd-xLOo91E","name":"废妃崛起复仇路","title":"废妃崛起复仇路","description":"欢迎来到小妹爲大家準備的超爽短劇，中國劇   超多题材，超甜剧情~霸总、古装、复仇、爽文全都有~英文字幕✧* ٩(ˊᗜˋ*)و✧* ...","channelTitle":"独播中剧","channelId":"UCCmg--gxdPL3S-cnD9wBO7w","publishedAt":"2025-05-05T09:00:42","thumbnails":{"medium":{"url":"https://i.ytimg.com/vi/TTd-xLOo91E/mqdefault.jpg","width":320,"height":180},"high":{"url":"https://i.ytimg.com/vi/TTd-xLOo91E/hqdefault.jpg","width":480,"height":360},"default":{"url":"https://i.ytimg.com/vi/TTd-xLOo91E/default.jpg","width":120,"height":90}},"url":"https://www.youtube.com/watch?v=TTd-xLOo91E","searchQuery":"","pageNumber":""},{"videoId":"FwAuSZ8mVXM","name":"摄政王妃手撕妃","title":"摄政王妃手撕妃","description":"欢迎来到甜梦剧场！   超多题材，超甜剧情霸总、古装、复仇、爽文、追妻火葬场、逆袭…… 更多精彩短剧在这里等你！","channelTitle":"甜梦剧场","channelId":"UCYANeI_-jbGRXoZQrFBVY9w","publishedAt":"2024-10-27T12:26:04","thumbnails":{"medium":{"url":"https://i.ytimg.com/vi/FwAuSZ8mVXM/mqdefault.jpg","width":320,"height":180},"high":{"url":"https://i.ytimg.com/vi/FwAuSZ8mVXM/hqdefault.jpg","width":480,"height":360},"default":{"url":"https://i.ytimg.com/vi/FwAuSZ8mVXM/default.jpg","width":120,"height":90}},"url":"https://www.youtube.com/watch?v=FwAuSZ8mVXM","searchQuery":"","pageNumber":""},{"videoId":"TDKsftffWuo","name":"仙王厨子逆转命","title":"仙王厨子逆转命","description":"食神#我是仙王不是食神#短劇#男頻小説#一口氣看完#chinesedrama #修仙#爽文#逆襲#玄幻#重生00:00:01 訂閲頻道觀看更多優質 ...","channelTitle":"掌阅热播短剧","channelId":"UC0KNODNLzcz2EU3msP80StQ","publishedAt":"2024-09-12T11:00:27","thumbnails":{"medium":{"url":"https://i.ytimg.com/vi/TDKsftffWuo/mqdefault.jpg","width":320,"height":180},"high":{"url":"https://i.ytimg.com/vi/TDKsftffWuo/hqdefault.jpg","width":480,"height":360},"default":{"url":"https://i.ytimg.com/vi/TDKsftffWuo/default.jpg","width":120,"height":90}},"url":"https://www.youtube.com/watch?v=TDKsftffWuo","searchQuery":"","pageNumber":""},{"videoId":"3gvcR794lo4","name":"闪婚千亿总裁：拼婚娇妻太野了  ","title":"闪婚千亿总裁：拼婚娇妻太野了  ","description":"短劇#灰姑娘霸總#追妻火葬場#暴爽短剧#女頻爽劇#優質小說改編#追妻火葬場#大女主逆襲#tvseries #ChineseDrama #tvshow ...","channelTitle":"梧桐短剧TOPSHORT","channelId":"UC-bQFruuCysPHH9t9cvZrQg","publishedAt":"2025-01-04T12:54:53","thumbnails":{"medium":{"url":"https://i.ytimg.com/vi/3gvcR794lo4/mqdefault.jpg","width":320,"height":180},"high":{"url":"https://i.ytimg.com/vi/3gvcR794lo4/hqdefault.jpg","width":480,"height":360},"default":{"url":"https://i.ytimg.com/vi/3gvcR794lo4/default.jpg","width":120,"height":90}},"url":"https://www.youtube.com/watch?v=3gvcR794lo4","searchQuery":"","pageNumber":""},{"videoId":"_UGpQKvUr0s","name":"异能觉醒：幸福婚约  ","title":"异能觉醒：幸福婚约  ","description":"戀愛#異世界#動漫解說虐渣打臉，經典，太經典了就是味還差點，沒有那麼正！打臉還差點！","channelTitle":"小白爆肝队","channelId":"UC0RQmIUQt-Rsc0nQuTGONRg","publishedAt":"2023-10-14T08:45:01","thumbnails":{"medium":{"url":"https://i.ytimg.com/vi/_UGpQKvUr0s/mqdefault.jpg","width":320,"height":180},"high":{"url":"https://i.ytimg.com/vi/_UGpQKvUr0s/hqdefault.jpg","width":480,"height":360},"default":{"url":"https://i.ytimg.com/vi/_UGpQKvUr0s/default.jpg","width":120,"height":90}},"url":"https://www.youtube.com/watch?v=_UGpQKvUr0s","searchQuery":"","pageNumber":""},{"videoId":"uOOnqaVqWCc","name":"闪婚上亿总裁  ","title":"闪婚上亿总裁  ","description":"全網最火爆的熱播短劇都在這裡  https://bit.ly/3tudFqC #短劇#霸道總裁灰姑娘#鍾熙舒童#chinesedramaengsub 線上觀看更多精彩 ...","channelTitle":"花火劇場","channelId":"UCNe4AOBDQ9a5tV6ik0JuSVg","publishedAt":"2023-10-20T10:00:08","thumbnails":{"medium":{"url":"https://i.ytimg.com/vi/uOOnqaVqWCc/mqdefault.jpg","width":320,"height":180},"high":{"url":"https://i.ytimg.com/vi/uOOnqaVqWCc/hqdefault.jpg","width":480,"height":360},"default":{"url":"https://i.ytimg.com/vi/uOOnqaVqWCc/default.jpg","width":120,"height":90}},"url":"https://www.youtube.com/watch?v=uOOnqaVqWCc","searchQuery":"","pageNumber":""},{"videoId":"5cJmDB4h1t4","name":"撩个男神好回家  ","title":"撩个男神好回家  ","description":"我们强调了视频内容的合规性，绝对没有任何不良引导或危险行为#恋爱#霸总#短剧#都市   带你追剧爽不停   喜欢就快点关注我！","channelTitle":"江山短剧","channelId":"UCCQK_nAn4aHZocKMZBOke-A","publishedAt":"2022-10-27T04:00:02","thumbnails":{"medium":{"url":"https://i.ytimg.com/vi/5cJmDB4h1t4/mqdefault.jpg","width":320,"height":180},"high":{"url":"https://i.ytimg.com/vi/5cJmDB4h1t4/hqdefault.jpg","width":480,"height":360},"default":{"url":"https://i.ytimg.com/vi/5cJmDB4h1t4/default.jpg","width":120,"height":90}},"url":"https://www.youtube.com/watch?v=5cJmDB4h1t4","searchQuery":"","pageNumber":""},{"videoId":"LBM3b_DjR2E","name":"高冷继兄VS温柔竹马  ","title":"高冷继兄VS温柔竹马  ","description":"我们强调了视频内容的合规性，绝对没有任何不良引导或危险行为#恋爱#霸总#短剧#都市   带你追剧爽不停   喜欢就快点关注我！","channelTitle":"江山短剧","channelId":"UCCQK_nAn4aHZocKMZBOke-A","publishedAt":"2022-10-23T07:00:10","thumbnails":{"medium":{"url":"https://i.ytimg.com/vi/LBM3b_DjR2E/mqdefault.jpg","width":320,"height":180},"high":{"url":"https://i.ytimg.com/vi/LBM3b_DjR2E/hqdefault.jpg","width":480,"height":360},"default":{"url":"https://i.ytimg.com/vi/LBM3b_DjR2E/default.jpg","width":120,"height":90}},"url":"https://www.youtube.com/watch?v=LBM3b_DjR2E","searchQuery":"","pageNumber":""},{"videoId":"DzI0typiSbI","name":"影帝的黑莲花  ","title":"影帝的黑莲花  ","description":"我们强调了视频内容的合规性，绝对没有任何不良引导或危险行为#恋爱#霸总#短剧#都市   带你追剧爽不停   喜欢就快点关注我！","channelTitle":"江山短剧","channelId":"UCCQK_nAn4aHZocKMZBOke-A","publishedAt":"2023-08-19T14:00:16","thumbnails":{"medium":{"url":"https://i.ytimg.com/vi/DzI0typiSbI/mqdefault.jpg","width":320,"height":180},"high":{"url":"https://i.ytimg.com/vi/DzI0typiSbI/hqdefault.jpg","width":480,"height":360},"default":{"url":"https://i.ytimg.com/vi/DzI0typiSbI/default.jpg","width":120,"height":90}},"url":"https://www.youtube.com/watch?v=DzI0typiSbI","searchQuery":"","pageNumber":""},{"videoId":"MsbOLOuA83Y","name":"危险恋人：豪门陷阱  ","title":"危险恋人：豪门陷阱  ","description":"我们的短剧是经过认真制作的原创作品，绝对没有任何不良引导或危险行为。 【危險戀人】完整版丨漂亮女混混被迫成為豪門闊太， ...","channelTitle":"古麦嘉禾精选短剧","channelId":"UCDFkdy5fYO0m7cyg9YCKFHA","publishedAt":"2023-09-02T10:00:14","thumbnails":{"medium":{"url":"https://i.ytimg.com/vi/MsbOLOuA83Y/mqdefault.jpg","width":320,"height":180},"high":{"url":"https://i.ytimg.com/vi/MsbOLOuA83Y/hqdefault.jpg","width":480,"height":360},"default":{"url":"https://i.ytimg.com/vi/MsbOLOuA83Y/default.jpg","width":120,"height":90}},"url":"https://www.youtube.com/watch?v=MsbOLOuA83Y","searchQuery":"","pageNumber":""},{"videoId":"4YfhJjLJvr0","name":"穿书反派喊我妈  ","title":"穿书反派喊我妈  ","description":"我们强调了视频内容的合规性，绝对没有任何不良引导或危险行为#恋爱#霸总#短剧#都市   带你追剧爽不停   喜欢就快点关注我！","channelTitle":"江山短剧","channelId":"UCCQK_nAn4aHZocKMZBOke-A","publishedAt":"2024-03-10T05:00:04","thumbnails":{"medium":{"url":"https://i.ytimg.com/vi/4YfhJjLJvr0/mqdefault.jpg","width":320,"height":180},"high":{"url":"https://i.ytimg.com/vi/4YfhJjLJvr0/hqdefault.jpg","width":480,"height":360},"default":{"url":"https://i.ytimg.com/vi/4YfhJjLJvr0/default.jpg","width":120,"height":90}},"url":"https://www.youtube.com/watch?v=4YfhJjLJvr0","searchQuery":"","pageNumber":""},{"videoId":"ZbL9uMoLelQ","name":"大佬的心尖宠  ","title":"大佬的心尖宠  ","description":"這部短劇的內容和情節純屬虛構，請不要模仿。 點擊訂閱！並推薦熱門短劇每壹天!","channelTitle":"大陸短劇推薦師","channelId":"UCKLY_v2i1RVJalppi-3dBIA","publishedAt":"2023-06-18T16:03:32","thumbnails":{"medium":{"url":"https://i.ytimg.com/vi/ZbL9uMoLelQ/mqdefault.jpg","width":320,"height":180},"high":{"url":"https://i.ytimg.com/vi/ZbL9uMoLelQ/hqdefault.jpg","width":480,"height":360},"default":{"url":"https://i.ytimg.com/vi/ZbL9uMoLelQ/default.jpg","width":120,"height":90}},"url":"https://www.youtube.com/watch?v=ZbL9uMoLelQ","searchQuery":"","pageNumber":""},{"videoId":"fci3lmi-lo0","name":"给渣男弟弟当嫂子  ","title":"给渣男弟弟当嫂子  ","description":"每天更新熱播短劇，感謝大家的訂閱点击订阅  ：https://www.youtube.com/@HuaXiaTV?sub_confirmation=1 正版短劇授權，感謝 ...","channelTitle":"听花短剧","channelId":"UCeKtz8WG4vaQTVLKRhh69tQ","publishedAt":"2023-04-28T11:00:34","thumbnails":{"medium":{"url":"https://i.ytimg.com/vi/fci3lmi-lo0/mqdefault.jpg","width":320,"height":180},"high":{"url":"https://i.ytimg.com/vi/fci3lmi-lo0/hqdefault.jpg","width":480,"height":360},"default":{"url":"https://i.ytimg.com/vi/fci3lmi-lo0/default.jpg","width":120,"height":90}},"url":"https://www.youtube.com/watch?v=fci3lmi-lo0","searchQuery":"","pageNumber":""},{"videoId":"13p9Ft2dfTw","name":"一胎二宝离婚前重生  ","title":"一胎二宝离婚前重生  ","description":"泡芙每天為大家帶來優質內容，頻道視頻已經過授權，謝謝大家的支持！ 本頻道的所有影片都符合平臺的使用政策，沒有任何違規 ...","channelTitle":"泡芙甜宠剧场","channelId":"UCVgIcndDxhQoiAGizJyl3Yw","publishedAt":"2023-07-18T10:00:02","thumbnails":{"medium":{"url":"https://i.ytimg.com/vi/13p9Ft2dfTw/mqdefault.jpg","width":320,"height":180},"high":{"url":"https://i.ytimg.com/vi/13p9Ft2dfTw/hqdefault.jpg","width":480,"height":360},"default":{"url":"https://i.ytimg.com/vi/13p9Ft2dfTw/default.jpg","width":120,"height":90}},"url":"https://www.youtube.com/watch?v=13p9Ft2dfTw","searchQuery":"","pageNumber":""},{"videoId":"USSrk0eYxeA","name":"新罪妻难逃  ","title":"新罪妻难逃  ","description":"每天更新熱播短劇，感謝大家的訂閱点击订阅  ：https://www.youtube.com/@HuaXiaTV?sub_confirmation=1 正版短劇授權，感謝 ...","channelTitle":"听花短剧","channelId":"UCeKtz8WG4vaQTVLKRhh69tQ","publishedAt":"2023-10-26T12:00:20","thumbnails":{"medium":{"url":"https://i.ytimg.com/vi/USSrk0eYxeA/mqdefault.jpg","width":320,"height":180},"high":{"url":"https://i.ytimg.com/vi/USSrk0eYxeA/hqdefault.jpg","width":480,"height":360},"default":{"url":"https://i.ytimg.com/vi/USSrk0eYxeA/default.jpg","width":120,"height":90}},"url":"https://www.youtube.com/watch?v=USSrk0eYxeA","searchQuery":"","pageNumber":""},{"videoId":"IRKN_-ljUdI","name":"穿书女配爆红了  ","title":"穿书女配爆红了  ","description":"我们的短剧是经过认真制作的原创作品，绝对没有任何不良引导或危险行为。 YouTube上的朋友們大家好這裡是古麥嘉禾精選短劇 ...","channelTitle":"古麦嘉禾精选短剧","channelId":"UCDFkdy5fYO0m7cyg9YCKFHA","publishedAt":"2023-06-21T11:09:36","thumbnails":{"medium":{"url":"https://i.ytimg.com/vi/IRKN_-ljUdI/mqdefault.jpg","width":320,"height":180},"high":{"url":"https://i.ytimg.com/vi/IRKN_-ljUdI/hqdefault.jpg","width":480,"height":360},"default":{"url":"https://i.ytimg.com/vi/IRKN_-ljUdI/default.jpg","width":120,"height":90}},"url":"https://www.youtube.com/watch?v=IRKN_-ljUdI","searchQuery":"","pageNumber":""},{"videoId":"ngEvYaZLuzU","name":"妻子变成小学生  ","title":"妻子变成小学生  ","description":"片名: 妻子变成小学生主演: 石田百合子/ 堤真一/ 莳田彩珠/ 毎田暖乃/ 吉田羊 /","channelTitle":"米虫观影","channelId":"UCuzmRDM6kGwIZeuiwUZGt5g","publishedAt":"2023-06-23T07:36:39","thumbnails":{"medium":{"url":"https://i.ytimg.com/vi/ngEvYaZLuzU/mqdefault.jpg","width":320,"height":180},"high":{"url":"https://i.ytimg.com/vi/ngEvYaZLuzU/hqdefault.jpg","width":480,"height":360},"default":{"url":"https://i.ytimg.com/vi/ngEvYaZLuzU/default.jpg","width":120,"height":90}},"url":"https://www.youtube.com/watch?v=ngEvYaZLuzU","searchQuery":"","pageNumber":""},{"videoId":"gzli-kCELZ8","name":"少爷的甜蜜良药  ","title":"少爷的甜蜜良药  ","description":"我们强调了视频内容的合规性，绝对没有任何不良引导或危险行为#恋爱#霸总#短剧#都市   带你追剧爽不停   喜欢就快点关注我！","channelTitle":"江山短剧","channelId":"UCCQK_nAn4aHZocKMZBOke-A","publishedAt":"2023-07-29T12:07:35","thumbnails":{"medium":{"url":"https://i.ytimg.com/vi/gzli-kCELZ8/mqdefault.jpg","width":320,"height":180},"high":{"url":"https://i.ytimg.com/vi/gzli-kCELZ8/hqdefault.jpg","width":480,"height":360},"default":{"url":"https://i.ytimg.com/vi/gzli-kCELZ8/default.jpg","width":120,"height":90}},"url":"https://www.youtube.com/watch?v=gzli-kCELZ8","searchQuery":"","pageNumber":""},{"videoId":"IySGl4LFlZ0","name":"萌宝治愈残疾总裁  ","title":"萌宝治愈残疾总裁  ","description":"柯淳#王凱沐#何聰睿#王道铁#王奕然#沉思#姚冠宇#于龙#曾辉#左一#钟熙#余茵#孟娜#韩雨彤侯呈玥#赵慕颜#翟一莹#短劇#灰姑娘 ...","channelTitle":"朝朝短剧","channelId":"UCZG2RYht0TeVOpaIrQqC3XQ","publishedAt":"2025-04-25T11:00:36","thumbnails":{"medium":{"url":"https://i.ytimg.com/vi/IySGl4LFlZ0/mqdefault.jpg","width":320,"height":180},"high":{"url":"https://i.ytimg.com/vi/IySGl4LFlZ0/hqdefault.jpg","width":480,"height":360},"default":{"url":"https://i.ytimg.com/vi/IySGl4LFlZ0/default.jpg","width":120,"height":90}},"url":"https://www.youtube.com/watch?v=IySGl4LFlZ0","searchQuery":"","pageNumber":""},{"videoId":"9mOez7n6_ZI","name":"偷听崽崽心声逆袭  ","title":"偷听崽崽心声逆袭  ","description":"剧情简介： 九尾灵狐转世的小婴儿白夭夭，才降临人间就被卷入豪门风暴！⚡亲爹居然恶意诬陷她是“鬼胎”，新生的她命悬一线！","channelTitle":"StardustTV-中文短剧","channelId":"UCeHmxqU3U1Xp9M9kmIoiuoA","publishedAt":"2024-12-30T09:21:23","thumbnails":{"medium":{"url":"https://i.ytimg.com/vi/9mOez7n6_ZI/mqdefault.jpg","width":320,"height":180},"high":{"url":"https://i.ytimg.com/vi/9mOez7n6_ZI/hqdefault.jpg","width":480,"height":360},"default":{"url":"https://i.ytimg.com/vi/9mOez7n6_ZI/default.jpg","width":120,"height":90}},"url":"https://www.youtube.com/watch?v=9mOez7n6_ZI","searchQuery":"","pageNumber":""},{"videoId":"5ACchlrrav8","name":"超神宠兽店","title":"超神宠兽店","description":"欢迎订阅阅文漫画官方频道====  : https://www.youtube.com/channel/UC_JsHod-IAlWFWi7kDhb03Q 每日更新精彩内容     ...","channelTitle":"阅文漫画","channelId":"UC_JsHod-IAlWFWi7kDhb03Q","publishedAt":"2025-03-02T08:27:43","thumbnails":{"medium":{"url":"https://i.ytimg.com/vi/5ACchlrrav8/mqdefault.jpg","width":320,"height":180},"high":{"url":"https://i.ytimg.com/vi/5ACchlrrav8/hqdefault.jpg","width":480,"height":360},"default":{"url":"https://i.ytimg.com/vi/5ACchlrrav8/default.jpg","width":120,"height":90}},"url":"https://www.youtube.com/watch?v=5ACchlrrav8","searchQuery":"","pageNumber":""},{"videoId":"gvX5avdl8pM","name":"魔尊女帝带娃寻夫","title":"魔尊女帝带娃寻夫","description":"歡迎訂閱【盛世短剧】 https://www.youtube.com/@ShengshiDrama?sub_confirmation=1 獨家正版授權短劇，感謝大家支持！","channelTitle":"盛世短剧","channelId":"UC_GcrznCXn6b-i1Y7DOn54A","publishedAt":"2024-12-08T11:43:28","thumbnails":{"medium":{"url":"https://i.ytimg.com/vi/gvX5avdl8pM/mqdefault.jpg","width":320,"height":180},"high":{"url":"https://i.ytimg.com/vi/gvX5avdl8pM/hqdefault.jpg","width":480,"height":360},"default":{"url":"https://i.ytimg.com/vi/gvX5avdl8pM/default.jpg","width":120,"height":90}},"url":"https://www.youtube.com/watch?v=gvX5avdl8pM","searchQuery":"","pageNumber":""},{"videoId":"WRbOooL5P-I","name":"萌娃认亲惊皇室","title":"萌娃认亲惊皇室","description":"點擊下載立享精彩好劇：https://link.stardust-tv.com/CpqX 全內容正版授權，侵權必究！ ©️山海文化版權發行▪️ ​​身份核 ...","channelTitle":"StardustTV-中文短剧","channelId":"UCeHmxqU3U1Xp9M9kmIoiuoA","publishedAt":"2025-05-27T11:01:01","thumbnails":{"medium":{"url":"https://i.ytimg.com/vi/WRbOooL5P-I/mqdefault.jpg","width":320,"height":180},"high":{"url":"https://i.ytimg.com/vi/WRbOooL5P-I/hqdefault.jpg","width":480,"height":360},"default":{"url":"https://i.ytimg.com/vi/WRbOooL5P-I/default.jpg","width":120,"height":90}},"url":"https://www.youtube.com/watch?v=WRbOooL5P-I","searchQuery":"","pageNumber":""},{"videoId":"MEd5KXwoMFs","name":"离婚后前夫跪求","title":"离婚后前夫跪求","description":"该频道所有内容皆为独家原版内容，喜欢的可以点赞订阅支持！ 本频道采用竖屏模式，一方面方便大家手机全屏观看，另一方面版权 ...","channelTitle":"神云爽剧","channelId":"UCOJ-D2vibAocmOXs6cxN5uA","publishedAt":"2023-10-09T08:00:14","thumbnails":{"medium":{"url":"https://i.ytimg.com/vi/MEd5KXwoMFs/mqdefault.jpg","width":320,"height":180},"high":{"url":"https://i.ytimg.com/vi/MEd5KXwoMFs/hqdefault.jpg","width":480,"height":360},"default":{"url":"https://i.ytimg.com/vi/MEd5KXwoMFs/default.jpg","width":120,"height":90}},"url":"https://www.youtube.com/watch?v=MEd5KXwoMFs","searchQuery":"","pageNumber":""},{"videoId":"8P56N9A39Kk","name":"將軍夫人狂寵夫","title":"將軍夫人狂寵夫","description":"","channelTitle":"队旗","channelId":"UCa9z4CtNvKBTacbiqECuGLA","publishedAt":"2023-11-09T14:19:41","thumbnails":{"medium":{"url":"https://i.ytimg.com/vi/8P56N9A39Kk/mqdefault.jpg","width":320,"height":180},"high":{"url":"https://i.ytimg.com/vi/8P56N9A39Kk/hqdefault.jpg","width":480,"height":360},"default":{"url":"https://i.ytimg.com/vi/8P56N9A39Kk/default.jpg","width":120,"height":90}},"url":"https://www.youtube.com/watch?v=8P56N9A39Kk","searchQuery":"","pageNumber":""},{"videoId":"66kc1mrymlg","name":"重生嫁前任他叔","title":"重生嫁前任他叔","description":"如果你喜歡看短劇請記得點個訂閱哦.","channelTitle":"悠悠短剧","channelId":"UCdgbQuc9618Dtt7DbonAN6w","publishedAt":"2023-05-25T16:19:45","thumbnails":{"medium":{"url":"https://i.ytimg.com/vi/66kc1mrymlg/mqdefault.jpg","width":320,"height":180},"high":{"url":"https://i.ytimg.com/vi/66kc1mrymlg/hqdefault.jpg","width":480,"height":360},"default":{"url":"https://i.ytimg.com/vi/66kc1mrymlg/default.jpg","width":120,"height":90}},"url":"https://www.youtube.com/watch?v=66kc1mrymlg","searchQuery":"","pageNumber":""},{"videoId":"T0ApSrJThrs","name":"至上龍醫獄中強","title":"至上龍醫獄中強","description":"我们强调了视频内容的合规性，绝对没有任何不良引导或危险行为YouTube最全的短剧分享都市、热血、玄幻、逆袭、爽文、女神你 ...","channelTitle":"梦幻沙雕剧场","channelId":"UC--uQBnXkaOyv-RBPLH9yDQ","publishedAt":"2022-12-18T11:00:11","thumbnails":{"medium":{"url":"https://i.ytimg.com/vi/T0ApSrJThrs/mqdefault.jpg","width":320,"height":180},"high":{"url":"https://i.ytimg.com/vi/T0ApSrJThrs/hqdefault.jpg","width":480,"height":360},"default":{"url":"https://i.ytimg.com/vi/T0ApSrJThrs/default.jpg","width":120,"height":90}},"url":"https://www.youtube.com/watch?v=T0ApSrJThrs","searchQuery":"","pageNumber":""},{"videoId":"tYhZqvvWaGM","name":"黑暗荣耀宋慧乔复","title":"黑暗荣耀宋慧乔复","description":"第二季解说大概在45:20左右开始.","channelTitle":"噔噔悬疑社","channelId":"UCv9Vecf0C16rOfPbwvjBrVA","publishedAt":"2023-03-11T15:01:56","thumbnails":{"medium":{"url":"https://i.ytimg.com/vi/tYhZqvvWaGM/mqdefault.jpg","width":320,"height":180},"high":{"url":"https://i.ytimg.com/vi/tYhZqvvWaGM/hqdefault.jpg","width":480,"height":360},"default":{"url":"https://i.ytimg.com/vi/tYhZqvvWaGM/default.jpg","width":120,"height":90}},"url":"https://www.youtube.com/watch?v=tYhZqvvWaGM","searchQuery":"","pageNumber":""},{"videoId":"yksecJpJQ_I","name":"重生八零悍妻逆袭","title":"重生八零悍妻逆袭","description":"大家好，我們是【必看劇場】官方頻道➡️ https://reurl.cc/ZeELWa 每日更新正版短劇，集重生、復仇、甜寵、萌寶各類題材~ 如果 ...","channelTitle":"【必看剧场】官方频道","channelId":"UCcYO1-VwtubWsQN_FFE0Q-Q","publishedAt":"2024-08-27T12:01:07","thumbnails":{"medium":{"url":"https://i.ytimg.com/vi/yksecJpJQ_I/mqdefault.jpg","width":320,"height":180},"high":{"url":"https://i.ytimg.com/vi/yksecJpJQ_I/hqdefault.jpg","width":480,"height":360},"default":{"url":"https://i.ytimg.com/vi/yksecJpJQ_I/default.jpg","width":120,"height":90}},"url":"https://www.youtube.com/watch?v=yksecJpJQ_I","searchQuery":"","pageNumber":""},{"videoId":"X9WpFd-FnrE","name":"星河万里不如你","title":"星河万里不如你","description":"甜崽每天更新团宠甜宠古风动画~欢迎观看.","channelTitle":"星云剧场—精选短剧","channelId":"UCzatXck0TbhfYl9dKHtC92w","publishedAt":"2023-03-04T11:00:22","thumbnails":{"medium":{"url":"https://i.ytimg.com/vi/X9WpFd-FnrE/mqdefault.jpg","width":320,"height":180},"high":{"url":"https://i.ytimg.com/vi/X9WpFd-FnrE/hqdefault.jpg","width":480,"height":360},"default":{"url":"https://i.ytimg.com/vi/X9WpFd-FnrE/default.jpg","width":120,"height":90}},"url":"https://www.youtube.com/watch?v=X9WpFd-FnrE","searchQuery":"","pageNumber":""},{"videoId":"9dUKHfoBJrg","name":"恶毒女配甜蜜反","title":"恶毒女配甜蜜反","description":"【云阙短剧】每日更新！致力於為大家提供驚險刺激的短視頻，所有短視頻都是熱門小說改編而成，關註免費看大結局！ #熱播短劇# ...","channelTitle":"云阙短剧","channelId":"UCX-aRQ8LjZ_Gp448l3iq_Ow","publishedAt":"2023-07-15T10:00:09","thumbnails":{"medium":{"url":"https://i.ytimg.com/vi/9dUKHfoBJrg/mqdefault.jpg","width":320,"height":180},"high":{"url":"https://i.ytimg.com/vi/9dUKHfoBJrg/hqdefault.jpg","width":480,"height":360},"default":{"url":"https://i.ytimg.com/vi/9dUKHfoBJrg/default.jpg","width":120,"height":90}},"url":"https://www.youtube.com/watch?v=9dUKHfoBJrg","searchQuery":"","pageNumber":""},{"videoId":"rXm-O7t8kWo","name":"最强太子读心术","title":"最强太子读心术","description":"每日更新最新完结爽剧， 战神、修仙、穿越、重生、逆袭爽剧更不停， 专业短剧授权，侵权必究！ Genuine Authorized Content ...","channelTitle":"神王剧场","channelId":"UC04Sqih8uxcDe0nDauPWVlw","publishedAt":"2025-01-16T08:54:11","thumbnails":{"medium":{"url":"https://i.ytimg.com/vi/rXm-O7t8kWo/mqdefault.jpg","width":320,"height":180},"high":{"url":"https://i.ytimg.com/vi/rXm-O7t8kWo/hqdefault.jpg","width":480,"height":360},"default":{"url":"https://i.ytimg.com/vi/rXm-O7t8kWo/default.jpg","width":120,"height":90}},"url":"https://www.youtube.com/watch?v=rXm-O7t8kWo","searchQuery":"","pageNumber":""},{"videoId":"DHEym_IJ_Fk","name":"嫡女复仇成女帝","title":"嫡女复仇成女帝","description":"短劇#甜劇#古裝短劇#穿越#重生復仇#大女主爽劇每日更新原創短劇，聚焦甜寵，穿越，重生各類題材歡迎訂閱我的頻道，第一時間 ...","channelTitle":"青鸾枕夢劇","channelId":"UC8kqQouREx6t8q5uGdKfRJA","publishedAt":"2024-01-24T03:00:06","thumbnails":{"medium":{"url":"https://i.ytimg.com/vi/DHEym_IJ_Fk/mqdefault.jpg","width":320,"height":180},"high":{"url":"https://i.ytimg.com/vi/DHEym_IJ_Fk/hqdefault.jpg","width":480,"height":360},"default":{"url":"https://i.ytimg.com/vi/DHEym_IJ_Fk/default.jpg","width":120,"height":90}},"url":"https://www.youtube.com/watch?v=DHEym_IJ_Fk","searchQuery":"","pageNumber":""},{"videoId":"R8E9UWxGl4o","name":"史上最狂姑爷医","title":"史上最狂姑爷医","description":"该频道所有内容皆为独家原版内容，喜欢的可以点赞订阅支持！ 本频道采用竖屏模式，一方面方便大家手机全屏观看，另一方面版权 ...","channelTitle":"神云爽剧","channelId":"UCOJ-D2vibAocmOXs6cxN5uA","publishedAt":"2023-02-19T05:00:20","thumbnails":{"medium":{"url":"https://i.ytimg.com/vi/R8E9UWxGl4o/mqdefault.jpg","width":320,"height":180},"high":{"url":"https://i.ytimg.com/vi/R8E9UWxGl4o/hqdefault.jpg","width":480,"height":360},"default":{"url":"https://i.ytimg.com/vi/R8E9UWxGl4o/default.jpg","width":120,"height":90}},"url":"https://www.youtube.com/watch?v=R8E9UWxGl4o","searchQuery":"","pageNumber":""},{"videoId":"IfdAnBdhg_I","name":"嫡女毒妃双料才","title":"嫡女毒妃双料才","description":"","channelTitle":"半塘漫剧 BTMJ6","channelId":"UCq9BYmQh24oberdwZtBbovA","publishedAt":"2024-06-19T03:12:40","thumbnails":{"medium":{"url":"https://i.ytimg.com/vi/IfdAnBdhg_I/mqdefault.jpg","width":320,"height":180},"high":{"url":"https://i.ytimg.com/vi/IfdAnBdhg_I/hqdefault.jpg","width":480,"height":360},"default":{"url":"https://i.ytimg.com/vi/IfdAnBdhg_I/default.jpg","width":120,"height":90}},"url":"https://www.youtube.com/watch?v=IfdAnBdhg_I","searchQuery":"","pageNumber":""},{"videoId":"eA9kqTSsY3Y","name":"弃妃无罪王爷虐","title":"弃妃无罪王爷虐","description":"感謝大家的支持！古風好劇會多多更新更多好看的小短劇噠！獨家正版授權短劇連續看不停！歡迎訂閱！","channelTitle":"古风好剧","channelId":"UCG3Pk-VokdJ5oaJhvzB4oZA","publishedAt":"2023-10-19T11:00:34","thumbnails":{"medium":{"url":"https://i.ytimg.com/vi/eA9kqTSsY3Y/mqdefault.jpg","width":320,"height":180},"high":{"url":"https://i.ytimg.com/vi/eA9kqTSsY3Y/hqdefault.jpg","width":480,"height":360},"default":{"url":"https://i.ytimg.com/vi/eA9kqTSsY3Y/default.jpg","width":120,"height":90}},"url":"https://www.youtube.com/watch?v=eA9kqTSsY3Y","searchQuery":"","pageNumber":""},{"videoId":"GoneBQindjE","name":"我携清风揽明月","title":"我携清风揽明月","description":"感謝大家的支持！古風好劇會多多更新更多好看的小短劇噠！獨家正版授權短劇連續看不停！歡迎訂閱！","channelTitle":"古风好剧","channelId":"UCG3Pk-VokdJ5oaJhvzB4oZA","publishedAt":"2023-11-01T10:00:13","thumbnails":{"medium":{"url":"https://i.ytimg.com/vi/GoneBQindjE/mqdefault.jpg","width":320,"height":180},"high":{"url":"https://i.ytimg.com/vi/GoneBQindjE/hqdefault.jpg","width":480,"height":360},"default":{"url":"https://i.ytimg.com/vi/GoneBQindjE/default.jpg","width":120,"height":90}},"url":"https://www.youtube.com/watch?v=GoneBQindjE","searchQuery":"","pageNumber":""},{"videoId":"0a24el1ioOc","name":"史上最狂姑爷 1-100","title":"史上最狂姑爷 1-100","description":"我们强调了视频内容的合规性，绝对没有任何不良引导或危险行为YouTube最全的短剧分享都市、热血、玄幻、逆袭、爽文、女神你 ...","channelTitle":"梦幻沙雕剧场","channelId":"UC--uQBnXkaOyv-RBPLH9yDQ","publishedAt":"2023-04-02T06:00:00","thumbnails":{"medium":{"url":"https://i.ytimg.com/vi/0a24el1ioOc/mqdefault.jpg","width":320,"height":180},"high":{"url":"https://i.ytimg.com/vi/0a24el1ioOc/hqdefault.jpg","width":480,"height":360},"default":{"url":"https://i.ytimg.com/vi/0a24el1ioOc/default.jpg","width":120,"height":90}},"url":"https://www.youtube.com/watch?v=0a24el1ioOc","searchQuery":"","pageNumber":""},{"videoId":"UQcXH3FGI6M","name":"恰逢暮雪亦白头","title":"恰逢暮雪亦白头","description":"高甜短劇社·Sweet 官方頻道立志于為大家呈現全網最優秀短劇作品。 熱門視頻一口气看完，推荐： 宸王的復仇王妃 ...","channelTitle":"高甜短劇社 Sweet","channelId":"UCargdIG3qe98igxg1V8HbfA","publishedAt":"2023-08-23T09:43:50","thumbnails":{"medium":{"url":"https://i.ytimg.com/vi/UQcXH3FGI6M/mqdefault.jpg","width":320,"height":180},"high":{"url":"https://i.ytimg.com/vi/UQcXH3FGI6M/hqdefault.jpg","width":480,"height":360},"default":{"url":"https://i.ytimg.com/vi/UQcXH3FGI6M/default.jpg","width":120,"height":90}},"url":"https://www.youtube.com/watch?v=UQcXH3FGI6M","searchQuery":"","pageNumber":""},{"videoId":"Q64ThqCJs6g","name":"恶毒继母每日洗白","title":"恶毒继母每日洗白","description":"","channelTitle":"半塘漫剧 BTMJ6","channelId":"UCq9BYmQh24oberdwZtBbovA","publishedAt":"2024-06-14T02:03:31","thumbnails":{"medium":{"url":"https://i.ytimg.com/vi/Q64ThqCJs6g/mqdefault.jpg","width":320,"height":180},"high":{"url":"https://i.ytimg.com/vi/Q64ThqCJs6g/hqdefault.jpg","width":480,"height":360},"default":{"url":"https://i.ytimg.com/vi/Q64ThqCJs6g/default.jpg","width":120,"height":90}},"url":"https://www.youtube.com/watch?v=Q64ThqCJs6g","searchQuery":"","pageNumber":""},{"videoId":"8wffT75vR88","name":"别惹邱小姐求婚","title":"别惹邱小姐求婚","description":"每天更新熱播短劇，感謝大家的訂閱点击订阅  ：https://www.youtube.com/@HuaXiaTV?sub_confirmation=1 正版短劇授權，感謝 ...","channelTitle":"听花短剧","channelId":"UCeKtz8WG4vaQTVLKRhh69tQ","publishedAt":"2023-06-08T11:30:03","thumbnails":{"medium":{"url":"https://i.ytimg.com/vi/8wffT75vR88/mqdefault.jpg","width":320,"height":180},"high":{"url":"https://i.ytimg.com/vi/8wffT75vR88/hqdefault.jpg","width":480,"height":360},"default":{"url":"https://i.ytimg.com/vi/8wffT75vR88/default.jpg","width":120,"height":90}},"url":"https://www.youtube.com/watch?v=8wffT75vR88","searchQuery":"","pageNumber":""},{"videoId":"9o3eJ9MRsd0","name":"闪婚后马甲藏不住","title":"闪婚后马甲藏不住","description":"欢迎订阅半糖漫画，看小说，不书荒#漫画#动漫#动画#小说#小說#爽文#漫畫#動畫#動漫#漫画解说#玄幻#武侠#仙侠#古言#现言#轻 ...","channelTitle":"半糖漫画","channelId":"UClP6OfSV50eCjM8d7Fob1Sg","publishedAt":"2023-10-12T12:00:08","thumbnails":{"medium":{"url":"https://i.ytimg.com/vi/9o3eJ9MRsd0/mqdefault.jpg","width":320,"height":180},"high":{"url":"https://i.ytimg.com/vi/9o3eJ9MRsd0/hqdefault.jpg","width":480,"height":360},"default":{"url":"https://i.ytimg.com/vi/9o3eJ9MRsd0/default.jpg","width":120,"height":90}},"url":"https://www.youtube.com/watch?v=9o3eJ9MRsd0","searchQuery":"","pageNumber":""},{"videoId":"1hA3SWNkKzs","name":"新回到古代当皇帝 1-150","title":"新回到古代当皇帝 1-150","description":"歡迎訂閱【盛世短剧】 https://www.youtube.com/@ShengshiDrama?sub_confirmation=1 獨家正版授權短劇，感謝大家支持！","channelTitle":"盛世短剧","channelId":"UC_GcrznCXn6b-i1Y7DOn54A","publishedAt":"2023-10-23T12:00:02","thumbnails":{"medium":{"url":"https://i.ytimg.com/vi/1hA3SWNkKzs/mqdefault.jpg","width":320,"height":180},"high":{"url":"https://i.ytimg.com/vi/1hA3SWNkKzs/hqdefault.jpg","width":480,"height":360},"default":{"url":"https://i.ytimg.com/vi/1hA3SWNkKzs/default.jpg","width":120,"height":90}},"url":"https://www.youtube.com/watch?v=1hA3SWNkKzs","searchQuery":"","pageNumber":""},{"videoId":"YPBm8h0w3hc","name":"穿成女配反杀","title":"穿成女配反杀","description":"每天更新熱播短劇，感謝大家的訂閱点击订阅  ：https://www.youtube.com/@HuaXiaTV?sub_confirmation=1 正版短劇授權，感謝 ...","channelTitle":"听花短剧","channelId":"UCeKtz8WG4vaQTVLKRhh69tQ","publishedAt":"2023-05-12T11:00:26","thumbnails":{"medium":{"url":"https://i.ytimg.com/vi/YPBm8h0w3hc/mqdefault.jpg","width":320,"height":180},"high":{"url":"https://i.ytimg.com/vi/YPBm8h0w3hc/hqdefault.jpg","width":480,"height":360},"default":{"url":"https://i.ytimg.com/vi/YPBm8h0w3hc/default.jpg","width":120,"height":90}},"url":"https://www.youtube.com/watch?v=YPBm8h0w3hc","searchQuery":"","pageNumber":""},{"videoId":"YKGMM2jRD7Y","name":"真假千金首富","title":"真假千金首富","description":"真假千金错换20年，导致傅小北在简家长大。20年后，简家得知抱错真相认回亲生女儿简思羽，并毫不留情的把傅小北逐出家门。","channelTitle":"青色时光-Drama","channelId":"UCUqRvBe-xGHj6C70qUv31sg","publishedAt":"2025-01-27T04:00:30","thumbnails":{"medium":{"url":"https://i.ytimg.com/vi/YKGMM2jRD7Y/mqdefault.jpg","width":320,"height":180},"high":{"url":"https://i.ytimg.com/vi/YKGMM2jRD7Y/hqdefault.jpg","width":480,"height":360},"default":{"url":"https://i.ytimg.com/vi/YKGMM2jRD7Y/default.jpg","width":120,"height":90}},"url":"https://www.youtube.com/watch?v=YKGMM2jRD7Y","searchQuery":"","pageNumber":""},{"videoId":"poq2DZI3CqQ","name":"武大郎成长记","title":"武大郎成长记","description":"我们强调了视频内容的合规性，绝对没有任何不良引导或危险行为正版授權，拒絕盜版！ 每日更新热门精彩短剧！ 欢迎大家 ...","channelTitle":"初六剧场","channelId":"UCcwD5Szdd9qvAY6hDD9g21A","publishedAt":"2023-09-15T11:00:45","thumbnails":{"medium":{"url":"https://i.ytimg.com/vi/poq2DZI3CqQ/mqdefault.jpg","width":320,"height":180},"high":{"url":"https://i.ytimg.com/vi/poq2DZI3CqQ/hqdefault.jpg","width":480,"height":360},"default":{"url":"https://i.ytimg.com/vi/poq2DZI3CqQ/default.jpg","width":120,"height":90}},"url":"https://www.youtube.com/watch?v=poq2DZI3CqQ","searchQuery":"","pageNumber":""},{"videoId":"StXII-EuENM","name":"离婚龙王杀猪","title":"离婚龙王杀猪","description":"该频道所有内容皆为独家原版内容，喜欢的可以点赞订阅支持！ 本频道采用竖屏模式，一方面方便大家手机全屏观看，另一方面版权 ...","channelTitle":"神云爽剧","channelId":"UCOJ-D2vibAocmOXs6cxN5uA","publishedAt":"2023-10-16T07:00:10","thumbnails":{"medium":{"url":"https://i.ytimg.com/vi/StXII-EuENM/mqdefault.jpg","width":320,"height":180},"high":{"url":"https://i.ytimg.com/vi/StXII-EuENM/hqdefault.jpg","width":480,"height":360},"default":{"url":"https://i.ytimg.com/vi/StXII-EuENM/default.jpg","width":120,"height":90}},"url":"https://www.youtube.com/watch?v=StXII-EuENM","searchQuery":"","pageNumber":""},{"videoId":"JmKsVtzxXcE","name":"赘婿娶植物人帝","title":"赘婿娶植物人帝","description":"原创内容，感谢大家支持，谢绝搬运，侵权必究00:00 本视频为精品制作栏目  。都是精品内容，放心享用嗷~       00:05 希望我们 ...","channelTitle":"新一说漫","channelId":"UCuozsmrWV6c5KMMw76Snr7g","publishedAt":"2023-09-04T07:30:03","thumbnails":{"medium":{"url":"https://i.ytimg.com/vi/JmKsVtzxXcE/mqdefault.jpg","width":320,"height":180},"high":{"url":"https://i.ytimg.com/vi/JmKsVtzxXcE/hqdefault.jpg","width":480,"height":360},"default":{"url":"https://i.ytimg.com/vi/JmKsVtzxXcE/default.jpg","width":120,"height":90}},"url":"https://www.youtube.com/watch?v=JmKsVtzxXcE","searchQuery":"","pageNumber":""},{"videoId":"txrYkHVjEQE","name":"带枪闯后宫逆袭","title":"带枪闯后宫逆袭","description":"男频#爽文#短剧#逆袭#shortfilm 歡迎大家關註我的頻道！","channelTitle":"Top Drama list","channelId":"UCr3gYyVEA1PQdUg27pCXzeg","publishedAt":"2023-12-02T03:30:21","thumbnails":{"medium":{"url":"https://i.ytimg.com/vi/txrYkHVjEQE/mqdefault.jpg","width":320,"height":180},"high":{"url":"https://i.ytimg.com/vi/txrYkHVjEQE/hqdefault.jpg","width":480,"height":360},"default":{"url":"https://i.ytimg.com/vi/txrYkHVjEQE/default.jpg","width":120,"height":90}},"url":"https://www.youtube.com/watch?v=txrYkHVjEQE","searchQuery":"","pageNumber":""},{"videoId":"PBW9lIkXF28","name":"杀猪医圣复仇","title":"杀猪医圣复仇","description":"1080p無水印原片已經發布，兩小時帶你觀看全集~ ⑴劇情簡介： 安樂本來想要安分守己經營殺豬生意但是未婚妻出軌，聯合出軌 ...","channelTitle":"崑崙劇場-搶先版","channelId":"UC-g_3PZzR5KrBThx8cfbp6Q","publishedAt":"2024-02-28T10:24:25","thumbnails":{"medium":{"url":"https://i.ytimg.com/vi/PBW9lIkXF28/mqdefault.jpg","width":320,"height":180},"high":{"url":"https://i.ytimg.com/vi/PBW9lIkXF28/hqdefault.jpg","width":480,"height":360},"default":{"url":"https://i.ytimg.com/vi/PBW9lIkXF28/default.jpg","width":120,"height":90}},"url":"https://www.youtube.com/watch?v=PBW9lIkXF28","searchQuery":"","pageNumber":""},{"videoId":"rzKVzgCu69c","name":"龙主清除世家","title":"龙主清除世家","description":"该频道所有内容皆为独家原版内容，喜欢的可以点赞订阅支持！ 本频道采用竖屏模式，一方面方便大家手机全屏观看，另一方面版权 ...","channelTitle":"神云爽剧","channelId":"UCOJ-D2vibAocmOXs6cxN5uA","publishedAt":"2023-10-19T03:00:32","thumbnails":{"medium":{"url":"https://i.ytimg.com/vi/rzKVzgCu69c/mqdefault.jpg","width":320,"height":180},"high":{"url":"https://i.ytimg.com/vi/rzKVzgCu69c/hqdefault.jpg","width":480,"height":360},"default":{"url":"https://i.ytimg.com/vi/rzKVzgCu69c/default.jpg","width":120,"height":90}},"url":"https://www.youtube.com/watch?v=rzKVzgCu69c","searchQuery":"","pageNumber":""},{"videoId":"sdTM7UuJMyw","name":"兄妹变恋人","title":"兄妹变恋人","description":"每天更新熱播短劇，感謝大家的訂閱点击订阅  ：https://www.youtube.com/@HuaXiaTV?sub_confirmation=1 正版短劇授權，感謝 ...","channelTitle":"听花短剧","channelId":"UCeKtz8WG4vaQTVLKRhh69tQ","publishedAt":"2023-04-23T11:00:26","thumbnails":{"medium":{"url":"https://i.ytimg.com/vi/sdTM7UuJMyw/mqdefault.jpg","width":320,"height":180},"high":{"url":"https://i.ytimg.com/vi/sdTM7UuJMyw/hqdefault.jpg","width":480,"height":360},"default":{"url":"https://i.ytimg.com/vi/sdTM7UuJMyw/default.jpg","width":120,"height":90}},"url":"https://www.youtube.com/watch?v=sdTM7UuJMyw","searchQuery":"","pageNumber":""},{"videoId":"TzdvrkLz1kY","name":"藏锋斩妖除魔","title":"藏锋斩妖除魔","description":"超精彩動漫盡在【七海漫畫館】 修仙，穿越，熱血，搞笑，戀愛你想看的我都有！ 專註國漫，每日更新各種漫畫最新劇集！！ 喜歡 ...","channelTitle":"七海漫画馆","channelId":"UCjCpwP4k61ctKTtrrgkg6kA","publishedAt":"2023-09-18T10:00:21","thumbnails":{"medium":{"url":"https://i.ytimg.com/vi/TzdvrkLz1kY/mqdefault.jpg","width":320,"height":180},"high":{"url":"https://i.ytimg.com/vi/TzdvrkLz1kY/hqdefault.jpg","width":480,"height":360},"default":{"url":"https://i.ytimg.com/vi/TzdvrkLz1kY/default.jpg","width":120,"height":90}},"url":"https://www.youtube.com/watch?v=TzdvrkLz1kY","searchQuery":"","pageNumber":""},{"videoId":"QWNfLQNfMVk","name":"无上神君归来","title":"无上神君归来","description":"我们强调了视频内容的合规性，绝对没有任何不良引导或危险行为正版授權，拒絕盜版！ 每日更新热门精彩短剧！ 欢迎大家 ...","channelTitle":"初六剧场","channelId":"UCcwD5Szdd9qvAY6hDD9g21A","publishedAt":"2023-02-12T11:00:26","thumbnails":{"medium":{"url":"https://i.ytimg.com/vi/QWNfLQNfMVk/mqdefault.jpg","width":320,"height":180},"high":{"url":"https://i.ytimg.com/vi/QWNfLQNfMVk/hqdefault.jpg","width":480,"height":360},"default":{"url":"https://i.ytimg.com/vi/QWNfLQNfMVk/default.jpg","width":120,"height":90}},"url":"https://www.youtube.com/watch?v=QWNfLQNfMVk","searchQuery":"","pageNumber":""},{"videoId":"fMmMyA4xH0s","name":"修仙反派的逆袭","title":"修仙反派的逆袭","description":"有些爱，说出口太迟；有些人，转身就是一生。 我们拍下那些没来得及说完的结局， 放在剧里，等你来对号入座。 #甜宠爱情剧# ...","channelTitle":"云烟短剧","channelId":"UCkJDAkKOPXaA3nHaKUoG9qA","publishedAt":"2025-05-18T04:00:44","thumbnails":{"medium":{"url":"https://i.ytimg.com/vi/fMmMyA4xH0s/mqdefault.jpg","width":320,"height":180},"high":{"url":"https://i.ytimg.com/vi/fMmMyA4xH0s/hqdefault.jpg","width":480,"height":360},"default":{"url":"https://i.ytimg.com/vi/fMmMyA4xH0s/default.jpg","width":120,"height":90}},"url":"https://www.youtube.com/watch?v=fMmMyA4xH0s","searchQuery":"","pageNumber":""},{"videoId":"ufRfUHrp2Nw","name":"艺考后的逆袭","title":"艺考后的逆袭","description":"在這裏，每一場劇，不只是演給你看， 更是演給每個曾經想要好好愛一場的人。 情節真假不重要， 重要的是：它讓你想起了誰。","channelTitle":"云烟剧场","channelId":"UC0ezA26zfHMI4F0LZ8Zpjow","publishedAt":"2025-04-18T10:01:35","thumbnails":{"medium":{"url":"https://i.ytimg.com/vi/ufRfUHrp2Nw/mqdefault.jpg","width":320,"height":180},"high":{"url":"https://i.ytimg.com/vi/ufRfUHrp2Nw/hqdefault.jpg","width":480,"height":360},"default":{"url":"https://i.ytimg.com/vi/ufRfUHrp2Nw/default.jpg","width":120,"height":90}},"url":"https://www.youtube.com/watch?v=ufRfUHrp2Nw","searchQuery":"","pageNumber":""},{"videoId":"_TVNduRQJGI","name":"反派系统的逆袭","title":"反派系统的逆袭","description":"每天更新最新热播短剧，喜欢的话记得订阅哦白泽是YouTube新入驻的短剧频道，拥有海量正版授权的中文热播短剧内容皆有版权方 ...","channelTitle":"白泽短剧社","channelId":"UCfyv5zSfl60_oJxRtKbhG3g","publishedAt":"2024-02-21T10:37:29","thumbnails":{"medium":{"url":"https://i.ytimg.com/vi/_TVNduRQJGI/mqdefault.jpg","width":320,"height":180},"high":{"url":"https://i.ytimg.com/vi/_TVNduRQJGI/hqdefault.jpg","width":480,"height":360},"default":{"url":"https://i.ytimg.com/vi/_TVNduRQJGI/default.jpg","width":120,"height":90}},"url":"https://www.youtube.com/watch?v=_TVNduRQJGI","searchQuery":"","pageNumber":""},{"videoId":"4XoifY7q9hE","name":"穿越抱首长腿","title":"穿越抱首长腿","description":"有些爱，说出口太迟；有些人，转身就是一生。 我们拍下那些没来得及说完的结局， 放在剧里，等你来对号入座。 #甜宠爱情剧# ...","channelTitle":"云烟短剧","channelId":"UCkJDAkKOPXaA3nHaKUoG9qA","publishedAt":"2025-05-22T10:00:07","thumbnails":{"medium":{"url":"https://i.ytimg.com/vi/4XoifY7q9hE/mqdefault.jpg","width":320,"height":180},"high":{"url":"https://i.ytimg.com/vi/4XoifY7q9hE/hqdefault.jpg","width":480,"height":360},"default":{"url":"https://i.ytimg.com/vi/4XoifY7q9hE/default.jpg","width":120,"height":90}},"url":"https://www.youtube.com/watch?v=4XoifY7q9hE","searchQuery":"","pageNumber":""},{"videoId":"YfhvBp6LBgE","name":"恶媳撩恋爱脑","title":"恶媳撩恋爱脑","description":"有些爱，说出口太迟；有些人，转身就是一生。 我们拍下那些没来得及说完的结局， 放在剧里，等你来对号入座。 #甜宠爱情剧# ...","channelTitle":"云烟短剧","channelId":"UCkJDAkKOPXaA3nHaKUoG9qA","publishedAt":"2025-06-15T04:00:40","thumbnails":{"medium":{"url":"https://i.ytimg.com/vi/YfhvBp6LBgE/mqdefault.jpg","width":320,"height":180},"high":{"url":"https://i.ytimg.com/vi/YfhvBp6LBgE/hqdefault.jpg","width":480,"height":360},"default":{"url":"https://i.ytimg.com/vi/YfhvBp6LBgE/default.jpg","width":120,"height":90}},"url":"https://www.youtube.com/watch?v=YfhvBp6LBgE","searchQuery":"","pageNumber":""},{"videoId":"jCCK4cxSPUM","name":"穿书养反派儿","title":"穿书养反派儿","description":"有些爱，说出口太迟；有些人，转身就是一生。 我们拍下那些没来得及说完的结局， 放在剧里，等你来对号入座。 #甜宠爱情剧# ...","channelTitle":"云烟短剧","channelId":"UCkJDAkKOPXaA3nHaKUoG9qA","publishedAt":"2025-04-29T06:00:36","thumbnails":{"medium":{"url":"https://i.ytimg.com/vi/jCCK4cxSPUM/mqdefault.jpg","width":320,"height":180},"high":{"url":"https://i.ytimg.com/vi/jCCK4cxSPUM/hqdefault.jpg","width":480,"height":360},"default":{"url":"https://i.ytimg.com/vi/jCCK4cxSPUM/default.jpg","width":120,"height":90}},"url":"https://www.youtube.com/watch?v=jCCK4cxSPUM","searchQuery":"","pageNumber":""},{"videoId":"r4zGy3qSSDA","name":"反派抢儿媳妇","title":"反派抢儿媳妇","description":"有些爱，说出口太迟；有些人，转身就是一生。 我们拍下那些没来得及说完的结局， 放在剧里，等你来对号入座。 #甜宠爱情剧# ...","channelTitle":"云烟短剧","channelId":"UCkJDAkKOPXaA3nHaKUoG9qA","publishedAt":"2025-04-27T17:00:57","thumbnails":{"medium":{"url":"https://i.ytimg.com/vi/r4zGy3qSSDA/mqdefault.jpg","width":320,"height":180},"high":{"url":"https://i.ytimg.com/vi/r4zGy3qSSDA/hqdefault.jpg","width":480,"height":360},"default":{"url":"https://i.ytimg.com/vi/r4zGy3qSSDA/default.jpg","width":120,"height":90}},"url":"https://www.youtube.com/watch?v=r4zGy3qSSDA","searchQuery":"","pageNumber":""},{"videoId":"Dp07w_Bw4XQ","name":"女配助反派黑化","title":"女配助反派黑化","description":"【云烟戏梦】，不是梦，也不只是戏。 有些爱，说出口太迟；有些人，转身就是一生。 我们拍下那些没来得及说完的结局， 放在剧 ...","channelTitle":"云烟短剧","channelId":"UCkJDAkKOPXaA3nHaKUoG9qA","publishedAt":"2025-04-22T20:00:13","thumbnails":{"medium":{"url":"https://i.ytimg.com/vi/Dp07w_Bw4XQ/mqdefault.jpg","width":320,"height":180},"high":{"url":"https://i.ytimg.com/vi/Dp07w_Bw4XQ/hqdefault.jpg","width":480,"height":360},"default":{"url":"https://i.ytimg.com/vi/Dp07w_Bw4XQ/default.jpg","width":120,"height":90}},"url":"https://www.youtube.com/watch?v=Dp07w_Bw4XQ","searchQuery":"","pageNumber":""},{"videoId":"fe2dna-jlX8","name":"弃夫选重生皇子","title":"弃夫选重生皇子","description":"有些爱，说出口太迟；有些人，转身就是一生。 我们拍下那些没来得及说完的结局， 放在剧里，等你来对号入座。 #甜宠爱情剧# ...","channelTitle":"云烟短剧","channelId":"UCkJDAkKOPXaA3nHaKUoG9qA","publishedAt":"2025-05-07T13:01:12","thumbnails":{"medium":{"url":"https://i.ytimg.com/vi/fe2dna-jlX8/mqdefault.jpg","width":320,"height":180},"high":{"url":"https://i.ytimg.com/vi/fe2dna-jlX8/hqdefault.jpg","width":480,"height":360},"default":{"url":"https://i.ytimg.com/vi/fe2dna-jlX8/default.jpg","width":120,"height":90}},"url":"https://www.youtube.com/watch?v=fe2dna-jlX8","searchQuery":"","pageNumber":""},{"videoId":"3o9DHlFM2Yw","name":"女配的真团宠","title":"女配的真团宠","description":"本频道视频均均为官方授权，侵权必究！ 我们严格遵守版权法规，尊重和保护所有创作者的劳动成果，坚决反对任何侵权行为！","channelTitle":"Fresh Dramas","channelId":"UC_lit_4z1k0vllRnRRrlBQA","publishedAt":"2025-03-28T13:20:52","thumbnails":{"medium":{"url":"https://i.ytimg.com/vi/3o9DHlFM2Yw/mqdefault.jpg","width":320,"height":180},"high":{"url":"https://i.ytimg.com/vi/3o9DHlFM2Yw/hqdefault.jpg","width":480,"height":360},"default":{"url":"https://i.ytimg.com/vi/3o9DHlFM2Yw/default.jpg","width":120,"height":90}},"url":"https://www.youtube.com/watch?v=3o9DHlFM2Yw","searchQuery":"","pageNumber":""},{"videoId":"gZCEtuCvbZ8","name":"龙神的复仇","title":"龙神的复仇","description":"斷絕關系後三個姐姐跪地求饒#蕭昆侖#神龍血脈#龍王歸來#戰神歸來#都市玄幻#逆襲#背叛#復仇#男頻短劇#熱血爽文#重生復仇#爆 ...","channelTitle":"追光短剧社","channelId":"UC7-lWQFfma-lKDwU0HmWpsA","publishedAt":"2025-06-04T09:00:58","thumbnails":{"medium":{"url":"https://i.ytimg.com/vi/gZCEtuCvbZ8/mqdefault.jpg","width":320,"height":180},"high":{"url":"https://i.ytimg.com/vi/gZCEtuCvbZ8/hqdefault.jpg","width":480,"height":360},"default":{"url":"https://i.ytimg.com/vi/gZCEtuCvbZ8/default.jpg","width":120,"height":90}},"url":"https://www.youtube.com/watch?v=gZCEtuCvbZ8","searchQuery":"","pageNumber":""},{"videoId":"8BI1lvs9mvo","name":"车祸后成万人迷","title":"车祸后成万人迷","description":"【歡迎訂閲】小狸追爽劇https://tinyurl.com/yl4yaktc 即可觀看精彩內容！ 每日準時更新精彩爽劇！ 加入我們的YouTube頻道 ...","channelTitle":"小貍追爽劇","channelId":"UC7nhiW2km-fAA74eriFcjIg","publishedAt":"2025-04-03T10:15:01","thumbnails":{"medium":{"url":"https://i.ytimg.com/vi/8BI1lvs9mvo/mqdefault.jpg","width":320,"height":180},"high":{"url":"https://i.ytimg.com/vi/8BI1lvs9mvo/hqdefault.jpg","width":480,"height":360},"default":{"url":"https://i.ytimg.com/vi/8BI1lvs9mvo/default.jpg","width":120,"height":90}},"url":"https://www.youtube.com/watch?v=8BI1lvs9mvo","searchQuery":"","pageNumber":""},{"videoId":"Ai-UkbFX9fI","name":"合约到期的爱恋","title":"合约到期的爱恋","description":"有些爱，说出口太迟；有些人，转身就是一生。 我们拍下那些没来得及说完的结局， 放在剧里，等你来对号入座。 #甜宠爱情剧# ...","channelTitle":"云烟短剧","channelId":"UCkJDAkKOPXaA3nHaKUoG9qA","publishedAt":"2025-06-08T08:00:22","thumbnails":{"medium":{"url":"https://i.ytimg.com/vi/Ai-UkbFX9fI/mqdefault.jpg","width":320,"height":180},"high":{"url":"https://i.ytimg.com/vi/Ai-UkbFX9fI/hqdefault.jpg","width":480,"height":360},"default":{"url":"https://i.ytimg.com/vi/Ai-UkbFX9fI/default.jpg","width":120,"height":90}},"url":"https://www.youtube.com/watch?v=Ai-UkbFX9fI","searchQuery":"","pageNumber":""},{"videoId":"fpk0-rlgfgQ","name":"闪婚顾氏掌权人","title":"闪婚顾氏掌权人","description":"本视频有版权方书面授权，演绎情节无不良引导，放心上传。​ #短剧#古装#chinesedrama #甜宠#爱情#逆袭#爽文#穿越#神醫#追妻 ...","channelTitle":"天天甜好劇Sweet Everyday","channelId":"UChKJKpp-DqyjjIvDWd6_VXQ","publishedAt":"2025-05-25T11:01:05","thumbnails":{"medium":{"url":"https://i.ytimg.com/vi/fpk0-rlgfgQ/mqdefault.jpg","width":320,"height":180},"high":{"url":"https://i.ytimg.com/vi/fpk0-rlgfgQ/hqdefault.jpg","width":480,"height":360},"default":{"url":"https://i.ytimg.com/vi/fpk0-rlgfgQ/default.jpg","width":120,"height":90}},"url":"https://www.youtube.com/watch?v=fpk0-rlgfgQ","searchQuery":"","pageNumber":""},{"videoId":"Ii4Sl0rZtCI","name":"反派的心声","title":"反派的心声","description":"有些爱，说出口太迟；有些人，转身就是一生。 我们拍下那些没来得及说完的结局， 放在剧里，等你来对号入座。 #甜宠爱情剧# ...","channelTitle":"云烟短剧","channelId":"UCkJDAkKOPXaA3nHaKUoG9qA","publishedAt":"2025-06-06T20:00:12","thumbnails":{"medium":{"url":"https://i.ytimg.com/vi/Ii4Sl0rZtCI/mqdefault.jpg","width":320,"height":180},"high":{"url":"https://i.ytimg.com/vi/Ii4Sl0rZtCI/hqdefault.jpg","width":480,"height":360},"default":{"url":"https://i.ytimg.com/vi/Ii4Sl0rZtCI/default.jpg","width":120,"height":90}},"url":"https://www.youtube.com/watch?v=Ii4Sl0rZtCI","searchQuery":"","pageNumber":""},{"videoId":"xPHe5P4RpPo","name":"瞎眼神医逆袭","title":"瞎眼神医逆袭","description":"我们强调了视频内容的合规性，绝对没有任何不良引导或危险行为YouTube最全的短剧分享都市、热血、玄幻、逆袭、爽文、女神你 ...","channelTitle":"梦幻沙雕剧场","channelId":"UC--uQBnXkaOyv-RBPLH9yDQ","publishedAt":"2022-12-08T08:00:20","thumbnails":{"medium":{"url":"https://i.ytimg.com/vi/xPHe5P4RpPo/mqdefault.jpg","width":320,"height":180},"high":{"url":"https://i.ytimg.com/vi/xPHe5P4RpPo/hqdefault.jpg","width":480,"height":360},"default":{"url":"https://i.ytimg.com/vi/xPHe5P4RpPo/default.jpg","width":120,"height":90}},"url":"https://www.youtube.com/watch?v=xPHe5P4RpPo","searchQuery":"","pageNumber":""},{"videoId":"OtSk2UEDryU","name":"炮灰后妈的洗白","title":"炮灰后妈的洗白","description":"我们强调了视频内容的合规性，绝对没有任何不良引导或危险行为正版授權，拒絕盜版！ 每日更新热门精彩短剧！ 欢迎大家 ...","channelTitle":"初六剧场","channelId":"UCcwD5Szdd9qvAY6hDD9g21A","publishedAt":"2024-05-19T07:28:11","thumbnails":{"medium":{"url":"https://i.ytimg.com/vi/OtSk2UEDryU/mqdefault.jpg","width":320,"height":180},"high":{"url":"https://i.ytimg.com/vi/OtSk2UEDryU/hqdefault.jpg","width":480,"height":360},"default":{"url":"https://i.ytimg.com/vi/OtSk2UEDryU/default.jpg","width":120,"height":90}},"url":"https://www.youtube.com/watch?v=OtSk2UEDryU","searchQuery":"","pageNumber":""},{"videoId":"7JeE35PiTsw","name":"为爱修仙逆袭","title":"为爱修仙逆袭","description":"点击下载立享精彩好剧：https://star-cps.onelink.me/U4mK/0yv914cc 感谢您的支持，想要更多精彩短剧全集，可以点击上方 ...","channelTitle":"StardustTV-中文短剧","channelId":"UCeHmxqU3U1Xp9M9kmIoiuoA","publishedAt":"2025-02-25T09:01:49","thumbnails":{"medium":{"url":"https://i.ytimg.com/vi/7JeE35PiTsw/mqdefault.jpg","width":320,"height":180},"high":{"url":"https://i.ytimg.com/vi/7JeE35PiTsw/hqdefault.jpg","width":480,"height":360},"default":{"url":"https://i.ytimg.com/vi/7JeE35PiTsw/default.jpg","width":120,"height":90}},"url":"https://www.youtube.com/watch?v=7JeE35PiTsw","searchQuery":"","pageNumber":""},{"videoId":"h4HrTqPKRdU","name":"夏明帝的逆袭","title":"夏明帝的逆袭","description":"成為此頻道的會員即可獲得以下福利： https://www.youtube.com/channel/UCjbMCkdXgWRrkimHie01C3w/join ✓點擊此 ...","channelTitle":"楓葉短劇","channelId":"UCjbMCkdXgWRrkimHie01C3w","publishedAt":"2025-01-27T07:00:33","thumbnails":{"medium":{"url":"https://i.ytimg.com/vi/h4HrTqPKRdU/mqdefault.jpg","width":320,"height":180},"high":{"url":"https://i.ytimg.com/vi/h4HrTqPKRdU/hqdefault.jpg","width":480,"height":360},"default":{"url":"https://i.ytimg.com/vi/h4HrTqPKRdU/default.jpg","width":120,"height":90}},"url":"https://www.youtube.com/watch?v=h4HrTqPKRdU","searchQuery":"","pageNumber":""},{"videoId":"JcSauZDY2XE","name":"废品飞车逆袭","title":"废品飞车逆袭","description":"【欢迎订阅企鹅大影院YouTube官方频道】http://bit.ly/40mk96p ☞下载WeTV / Tencent Video APP 观看海量完整版视频，了解最新 ...","channelTitle":"企鹅大影院 - Get the WeTV APP","channelId":"UCURj-jQd2vi6_BmY6vUrdpg","publishedAt":"2024-05-23T12:00:06","thumbnails":{"medium":{"url":"https://i.ytimg.com/vi/JcSauZDY2XE/mqdefault.jpg","width":320,"height":180},"high":{"url":"https://i.ytimg.com/vi/JcSauZDY2XE/hqdefault.jpg","width":480,"height":360},"default":{"url":"https://i.ytimg.com/vi/JcSauZDY2XE/default.jpg","width":120,"height":90}},"url":"https://www.youtube.com/watch?v=JcSauZDY2XE","searchQuery":"","pageNumber":""},{"videoId":"gtJY-QGCOKA","name":"武道震九霄","title":"武道震九霄","description":"点击下载立享精彩好剧：https://star-cps.onelink.me/U4mK/46ic2xz5 感谢您的支持，想要更多精彩短剧全集，可以点击上方链接⬆️ ...","channelTitle":"StardustTV-中文短剧","channelId":"UCeHmxqU3U1Xp9M9kmIoiuoA","publishedAt":"2025-03-07T02:53:24","thumbnails":{"medium":{"url":"https://i.ytimg.com/vi/gtJY-QGCOKA/mqdefault.jpg","width":320,"height":180},"high":{"url":"https://i.ytimg.com/vi/gtJY-QGCOKA/hqdefault.jpg","width":480,"height":360},"default":{"url":"https://i.ytimg.com/vi/gtJY-QGCOKA/default.jpg","width":120,"height":90}},"url":"https://www.youtube.com/watch?v=gtJY-QGCOKA","searchQuery":"","pageNumber":""},{"videoId":"b7cBHFCxYno","name":"女配撩反派","title":"女配撩反派","description":"本视频有版权方书面授权，演绎情节无不良引导，放心上传。​ #短剧#古装#chinesedrama #甜宠#爱情#逆袭#爽文#穿越#神醫#追妻 ...","channelTitle":"天天甜好劇Sweet Everyday","channelId":"UChKJKpp-DqyjjIvDWd6_VXQ","publishedAt":"2025-05-09T11:00:59","thumbnails":{"medium":{"url":"https://i.ytimg.com/vi/b7cBHFCxYno/mqdefault.jpg","width":320,"height":180},"high":{"url":"https://i.ytimg.com/vi/b7cBHFCxYno/hqdefault.jpg","width":480,"height":360},"default":{"url":"https://i.ytimg.com/vi/b7cBHFCxYno/default.jpg","width":120,"height":90}},"url":"https://www.youtube.com/watch?v=b7cBHFCxYno","searchQuery":"","pageNumber":""},{"videoId":"hkrPQxeAB_8","name":"神探诡事录","title":"神探诡事录","description":"每日更新最新完结爽剧， 战神、修仙、穿越、重生、逆袭爽剧更不停， 专业短剧授权，侵权必究！ Genuine Authorized Content ...","channelTitle":"神王剧场","channelId":"UC04Sqih8uxcDe0nDauPWVlw","publishedAt":"2024-09-21T02:00:23","thumbnails":{"medium":{"url":"https://i.ytimg.com/vi/hkrPQxeAB_8/mqdefault.jpg","width":320,"height":180},"high":{"url":"https://i.ytimg.com/vi/hkrPQxeAB_8/hqdefault.jpg","width":480,"height":360},"default":{"url":"https://i.ytimg.com/vi/hkrPQxeAB_8/default.jpg","width":120,"height":90}},"url":"https://www.youtube.com/watch?v=hkrPQxeAB_8","searchQuery":"","pageNumber":""},{"videoId":"nExCIL_h0hU","name":"武大郎的崛起","title":"武大郎的崛起","description":"其他完结古装剧： 《這個太子有點狂》https://www.youtube.com/watch?v=tUZrLJTj_wA 《人間逍遙 ...","channelTitle":"崑崙劇場-搶先版","channelId":"UC-g_3PZzR5KrBThx8cfbp6Q","publishedAt":"2024-01-04T01:39:26","thumbnails":{"medium":{"url":"https://i.ytimg.com/vi/nExCIL_h0hU/mqdefault.jpg","width":320,"height":180},"high":{"url":"https://i.ytimg.com/vi/nExCIL_h0hU/hqdefault.jpg","width":480,"height":360},"default":{"url":"https://i.ytimg.com/vi/nExCIL_h0hU/default.jpg","width":120,"height":90}},"url":"https://www.youtube.com/watch?v=nExCIL_h0hU","searchQuery":"","pageNumber":""},{"videoId":"KncfdiILLNI","name":"极品龙医逆袭","title":"极品龙医逆袭","description":"我们强调了视频内容的合规性，绝对没有任何不良引导或危险行为YouTube最全的短剧分享都市、热血、玄幻、逆袭、爽文、女神你 ...","channelTitle":"梦幻沙雕剧场","channelId":"UC--uQBnXkaOyv-RBPLH9yDQ","publishedAt":"2023-08-05T11:00:18","thumbnails":{"medium":{"url":"https://i.ytimg.com/vi/KncfdiILLNI/mqdefault.jpg","width":320,"height":180},"high":{"url":"https://i.ytimg.com/vi/KncfdiILLNI/hqdefault.jpg","width":480,"height":360},"default":{"url":"https://i.ytimg.com/vi/KncfdiILLNI/default.jpg","width":120,"height":90}},"url":"https://www.youtube.com/watch?v=KncfdiILLNI","searchQuery":"","pageNumber":""},{"videoId":"jZsES7yQJJQ","name":"傻子兵王变富","title":"傻子兵王变富","description":"我们强调了视频内容的合规性，绝对没有任何不良引导或危险行为YouTube最全的短剧分享都市、热血、玄幻、逆袭、爽文、女神你 ...","channelTitle":"梦幻沙雕剧场","channelId":"UC--uQBnXkaOyv-RBPLH9yDQ","publishedAt":"2023-05-07T06:00:17","thumbnails":{"medium":{"url":"https://i.ytimg.com/vi/jZsES7yQJJQ/mqdefault.jpg","width":320,"height":180},"high":{"url":"https://i.ytimg.com/vi/jZsES7yQJJQ/hqdefault.jpg","width":480,"height":360},"default":{"url":"https://i.ytimg.com/vi/jZsES7yQJJQ/default.jpg","width":120,"height":90}},"url":"https://www.youtube.com/watch?v=jZsES7yQJJQ","searchQuery":"","pageNumber":""},{"videoId":"Je-hJFszyMQ","name":"末日的异能者","title":"末日的异能者","description":"以上剧集所含情节均为影视效果，部分素材已进行无害化处理，请勿模仿！ 歡迎來到小梨渦劇場！ 持續更新優質熱播短劇！","channelTitle":"小梨涡剧场","channelId":"UC8gbTD2PwZHQKrHSEgBG2wQ","publishedAt":"2024-11-26T10:00:26","thumbnails":{"medium":{"url":"https://i.ytimg.com/vi/Je-hJFszyMQ/mqdefault.jpg","width":320,"height":180},"high":{"url":"https://i.ytimg.com/vi/Je-hJFszyMQ/hqdefault.jpg","width":480,"height":360},"default":{"url":"https://i.ytimg.com/vi/Je-hJFszyMQ/default.jpg","width":120,"height":90}},"url":"https://www.youtube.com/watch?v=Je-hJFszyMQ","searchQuery":"","pageNumber":""},{"videoId":"6GXc9zrJALQ","name":"举头望明月孝情","title":"举头望明月孝情","description":"本频道影视内容纯属虚构，仅为剧情创作需要。所涉情节、人物及事件均不代表现实情况，观众朋友们切勿对号入座、信以为真！","channelTitle":"青柠剧场","channelId":"UCxyhRdv__e4llzpWXK2Lw8w","publishedAt":"2024-09-24T10:57:31","thumbnails":{"medium":{"url":"https://i.ytimg.com/vi/6GXc9zrJALQ/mqdefault.jpg","width":320,"height":180},"high":{"url":"https://i.ytimg.com/vi/6GXc9zrJALQ/hqdefault.jpg","width":480,"height":360},"default":{"url":"https://i.ytimg.com/vi/6GXc9zrJALQ/default.jpg","width":120,"height":90}},"url":"https://www.youtube.com/watch?v=6GXc9zrJALQ","searchQuery":"","pageNumber":""},{"videoId":"yOPf_g-i0DA","name":"穿越皇帝的逆袭","title":"穿越皇帝的逆袭","description":"点击此链接⏩ https://link.stardust-tv.com/Hc9w 搜索剧名即可观看全集！ 此链接所导向的APP 已经在Google Paly / App Store ...","channelTitle":"秋风剧场","channelId":"UCu0RY7pVec7_7Tnwy_OoM6w","publishedAt":"2025-05-22T10:01:43","thumbnails":{"medium":{"url":"https://i.ytimg.com/vi/yOPf_g-i0DA/mqdefault.jpg","width":320,"height":180},"high":{"url":"https://i.ytimg.com/vi/yOPf_g-i0DA/hqdefault.jpg","width":480,"height":360},"default":{"url":"https://i.ytimg.com/vi/yOPf_g-i0DA/default.jpg","width":120,"height":90}},"url":"https://www.youtube.com/watch?v=yOPf_g-i0DA","searchQuery":"","pageNumber":""},{"videoId":"SomvM3cuiE8","name":"我在无人处爱你","title":"我在无人处爱你","description":"我们强调了视频内容的合规性，剧情均为戏剧化表达，绝对没有任何不良引导或危险行为，请勿模仿任何剧情中出现的行为正版授權 ...","channelTitle":"九州快看","channelId":"UChI63zf1_5SofTX1TQcRRow","publishedAt":"2023-09-15T12:00:31","thumbnails":{"medium":{"url":"https://i.ytimg.com/vi/SomvM3cuiE8/mqdefault.jpg","width":320,"height":180},"high":{"url":"https://i.ytimg.com/vi/SomvM3cuiE8/hqdefault.jpg","width":480,"height":360},"default":{"url":"https://i.ytimg.com/vi/SomvM3cuiE8/default.jpg","width":120,"height":90}},"url":"https://www.youtube.com/watch?v=SomvM3cuiE8","searchQuery":"","pageNumber":""},{"videoId":"fPMotS4HR_A","name":"傻婿的觉醒","title":"傻婿的觉醒","description":"【云阙短剧】每日更新！致力於為大家提供驚險刺激的短視頻，所有短視頻都是熱門小說改編而成，關註免費看大結局！ #熱播短劇# ...","channelTitle":"云阙短剧","channelId":"UCX-aRQ8LjZ_Gp448l3iq_Ow","publishedAt":"2023-09-14T10:00:36","thumbnails":{"medium":{"url":"https://i.ytimg.com/vi/fPMotS4HR_A/mqdefault.jpg","width":320,"height":180},"high":{"url":"https://i.ytimg.com/vi/fPMotS4HR_A/hqdefault.jpg","width":480,"height":360},"default":{"url":"https://i.ytimg.com/vi/fPMotS4HR_A/default.jpg","width":120,"height":90}},"url":"https://www.youtube.com/watch?v=fPMotS4HR_A","searchQuery":"","pageNumber":""},{"videoId":"U6SvIRYotoM","name":"后宫神医凶猛","title":"后宫神医凶猛","description":"歡迎訂閱【盛世短剧】 https://www.youtube.com/@ShengshiDrama?sub_confirmation=1 獨家正版授權短劇，感謝大家支持！","channelTitle":"盛世短剧","channelId":"UC_GcrznCXn6b-i1Y7DOn54A","publishedAt":"2023-10-06T11:00:22","thumbnails":{"medium":{"url":"https://i.ytimg.com/vi/U6SvIRYotoM/mqdefault.jpg","width":320,"height":180},"high":{"url":"https://i.ytimg.com/vi/U6SvIRYotoM/hqdefault.jpg","width":480,"height":360},"default":{"url":"https://i.ytimg.com/vi/U6SvIRYotoM/default.jpg","width":120,"height":90}},"url":"https://www.youtube.com/watch?v=U6SvIRYotoM","searchQuery":"","pageNumber":""},{"videoId":"hmf0Yf6l8z8","name":"封总的太太上线","title":"封总的太太上线","description":"每天更新熱播短劇，感謝大家的訂閱点击订阅  ：https://www.youtube.com/@HuaXiaTV?sub_confirmation=1 正版短劇授權，感謝 ...","channelTitle":"听花短剧","channelId":"UCeKtz8WG4vaQTVLKRhh69tQ","publishedAt":"2023-01-16T10:30:10","thumbnails":{"medium":{"url":"https://i.ytimg.com/vi/hmf0Yf6l8z8/mqdefault.jpg","width":320,"height":180},"high":{"url":"https://i.ytimg.com/vi/hmf0Yf6l8z8/hqdefault.jpg","width":480,"height":360},"default":{"url":"https://i.ytimg.com/vi/hmf0Yf6l8z8/default.jpg","width":120,"height":90}},"url":"https://www.youtube.com/watch?v=hmf0Yf6l8z8","searchQuery":"","pageNumber":""},{"videoId":"sjyQTUeiA8o","name":"天降四宝爹投降","title":"天降四宝爹投降","description":"此短剧内容有版权方书面授权，画面为影视剧正常呈现，无不良导向。​ 每日更新正版短剧，希望这些作品带给你不同的感动   大家 ...","channelTitle":"極光劇場Aurora Drama","channelId":"UCjAYcATvubu60UW8HG-zzhQ","publishedAt":"2024-12-14T10:00:59","thumbnails":{"medium":{"url":"https://i.ytimg.com/vi/sjyQTUeiA8o/mqdefault.jpg","width":320,"height":180},"high":{"url":"https://i.ytimg.com/vi/sjyQTUeiA8o/hqdefault.jpg","width":480,"height":360},"default":{"url":"https://i.ytimg.com/vi/sjyQTUeiA8o/default.jpg","width":120,"height":90}},"url":"https://www.youtube.com/watch?v=sjyQTUeiA8o","searchQuery":"","pageNumber":""},{"videoId":"ogLFQoC4l0k","name":"皇帝的球王系统","title":"皇帝的球王系统","description":"点击此链接⏩ https://link.stardust-tv.com/FgXZ 搜索剧名即可观看全集！ 此链接所导向的APP 已经在Google Paly / App Store 备案 ...","channelTitle":"StardustTV-中文","channelId":"UCLnBxoRgSCn6kTr957TvKGQ","publishedAt":"2025-05-01T12:01:23","thumbnails":{"medium":{"url":"https://i.ytimg.com/vi/ogLFQoC4l0k/mqdefault.jpg","width":320,"height":180},"high":{"url":"https://i.ytimg.com/vi/ogLFQoC4l0k/hqdefault.jpg","width":480,"height":360},"default":{"url":"https://i.ytimg.com/vi/ogLFQoC4l0k/default.jpg","width":120,"height":90}},"url":"https://www.youtube.com/watch?v=ogLFQoC4l0k","searchQuery":"","pageNumber":""},{"videoId":"IHjoz7etYdA","name":"隔壁男神别拽","title":"隔壁男神别拽","description":"我们强调了视频内容的合规性，绝对没有任何不良引导或危险行为#恋爱#霸总#短剧#都市   带你追剧爽不停   喜欢就快点关注我！","channelTitle":"江山短剧","channelId":"UCCQK_nAn4aHZocKMZBOke-A","publishedAt":"2022-10-25T07:55:47","thumbnails":{"medium":{"url":"https://i.ytimg.com/vi/IHjoz7etYdA/mqdefault.jpg","width":320,"height":180},"high":{"url":"https://i.ytimg.com/vi/IHjoz7etYdA/hqdefault.jpg","width":480,"height":360},"default":{"url":"https://i.ytimg.com/vi/IHjoz7etYdA/default.jpg","width":120,"height":90}},"url":"https://www.youtube.com/watch?v=IHjoz7etYdA","searchQuery":"","pageNumber":""},{"videoId":"fFlJ7xQb644","name":"植物人老公觉醒","title":"植物人老公觉醒","description":"內容為影視劇作品，⽆任何不良引導，劇情皆為演繹畫⾯，禁⽌模仿影片已取得版權方書面授權，演繹畫面積極健康，無不良引導“ ...","channelTitle":"看劇天花板Feel-good drama","channelId":"UCOJ53AqWqzjtFVqI5HzZtBw","publishedAt":"2024-09-29T10:01:05","thumbnails":{"medium":{"url":"https://i.ytimg.com/vi/fFlJ7xQb644/mqdefault.jpg","width":320,"height":180},"high":{"url":"https://i.ytimg.com/vi/fFlJ7xQb644/hqdefault.jpg","width":480,"height":360},"default":{"url":"https://i.ytimg.com/vi/fFlJ7xQb644/default.jpg","width":120,"height":90}},"url":"https://www.youtube.com/watch?v=fFlJ7xQb644","searchQuery":"","pageNumber":""},{"videoId":"ryD92AZLnPY","name":"反派大佬的逆袭","title":"反派大佬的逆袭","description":"球球每日更新热血漫画解说   https://sourl.cn/BF4Ezm 喜欢的给球球一个订阅和点赞哦.","channelTitle":"球球说漫","channelId":"UCvI2EMZVgPoLpbLeGMy3xQQ","publishedAt":"2023-09-19T07:31:02","thumbnails":{"medium":{"url":"https://i.ytimg.com/vi/ryD92AZLnPY/mqdefault.jpg","width":320,"height":180},"high":{"url":"https://i.ytimg.com/vi/ryD92AZLnPY/hqdefault.jpg","width":480,"height":360},"default":{"url":"https://i.ytimg.com/vi/ryD92AZLnPY/default.jpg","width":120,"height":90}},"url":"https://www.youtube.com/watch?v=ryD92AZLnPY","searchQuery":"","pageNumber":""},{"videoId":"LdVi1haBWhA","name":"哑童的总裁妈","title":"哑童的总裁妈","description":"每天更新熱播短劇，感謝大家的訂閱点击订阅  ：https://www.youtube.com/@HuaXiaTV?sub_confirmation=1 正版短劇授權，感謝 ...","channelTitle":"听花短剧","channelId":"UCeKtz8WG4vaQTVLKRhh69tQ","publishedAt":"2023-06-08T11:00:15","thumbnails":{"medium":{"url":"https://i.ytimg.com/vi/LdVi1haBWhA/mqdefault.jpg","width":320,"height":180},"high":{"url":"https://i.ytimg.com/vi/LdVi1haBWhA/hqdefault.jpg","width":480,"height":360},"default":{"url":"https://i.ytimg.com/vi/LdVi1haBWhA/default.jpg","width":120,"height":90}},"url":"https://www.youtube.com/watch?v=LdVi1haBWhA","searchQuery":"","pageNumber":""},{"videoId":"De6X9mfd-7o","name":"被退婚的太监妻","title":"被退婚的太监妻","description":"","channelTitle":"半塘漫剧 BTMJ6","channelId":"UCq9BYmQh24oberdwZtBbovA","publishedAt":"2024-08-09T01:48:52","thumbnails":{"medium":{"url":"https://i.ytimg.com/vi/De6X9mfd-7o/mqdefault.jpg","width":320,"height":180},"high":{"url":"https://i.ytimg.com/vi/De6X9mfd-7o/hqdefault.jpg","width":480,"height":360},"default":{"url":"https://i.ytimg.com/vi/De6X9mfd-7o/default.jpg","width":120,"height":90}},"url":"https://www.youtube.com/watch?v=De6X9mfd-7o","searchQuery":"","pageNumber":""},{"videoId":"KtZ3CVXaerU","name":"离婚后当助理","title":"离婚后当助理","description":"原创内容，禁止搬运，违者必究❤❤❤❤❤ ...","channelTitle":"UU剧场","channelId":"UCmZFVufU4SPMVd0z5M_ulMA","publishedAt":"2023-09-30T02:00:06","thumbnails":{"medium":{"url":"https://i.ytimg.com/vi/KtZ3CVXaerU/mqdefault.jpg","width":320,"height":180},"high":{"url":"https://i.ytimg.com/vi/KtZ3CVXaerU/hqdefault.jpg","width":480,"height":360},"default":{"url":"https://i.ytimg.com/vi/KtZ3CVXaerU/default.jpg","width":120,"height":90}},"url":"https://www.youtube.com/watch?v=KtZ3CVXaerU","searchQuery":"","pageNumber":""},{"videoId":"_G4L1bSzu5I","name":"翻山越岭爱你","title":"翻山越岭爱你","description":"每天更新熱播短劇，感謝大家的訂閱点击订阅  ：https://www.youtube.com/@HuaXiaTV?sub_confirmation=1 正版短劇授權，感謝 ...","channelTitle":"听花短剧","channelId":"UCeKtz8WG4vaQTVLKRhh69tQ","publishedAt":"2023-06-11T11:30:13","thumbnails":{"medium":{"url":"https://i.ytimg.com/vi/_G4L1bSzu5I/mqdefault.jpg","width":320,"height":180},"high":{"url":"https://i.ytimg.com/vi/_G4L1bSzu5I/hqdefault.jpg","width":480,"height":360},"default":{"url":"https://i.ytimg.com/vi/_G4L1bSzu5I/default.jpg","width":120,"height":90}},"url":"https://www.youtube.com/watch?v=_G4L1bSzu5I","searchQuery":"","pageNumber":""},{"videoId":"1qE1sDuoTS4","name":"总裁的契约妻","title":"总裁的契约妻","description":"歡迎訂閲❤️        ：https://www.youtube.com/channel/UCBXVMF88pHw3t1j_p8-SXqw #热血#都市#短剧#战斗#系统#逆袭# ...","channelTitle":"劇入迷","channelId":"UCBXVMF88pHw3t1j_p8-SXqw","publishedAt":"2024-01-29T04:51:44","thumbnails":{"medium":{"url":"https://i.ytimg.com/vi/1qE1sDuoTS4/mqdefault.jpg","width":320,"height":180},"high":{"url":"https://i.ytimg.com/vi/1qE1sDuoTS4/hqdefault.jpg","width":480,"height":360},"default":{"url":"https://i.ytimg.com/vi/1qE1sDuoTS4/default.jpg","width":120,"height":90}},"url":"https://www.youtube.com/watch?v=1qE1sDuoTS4","searchQuery":"","pageNumber":""},{"videoId":"1vjvmSJZrIU","name":"从逆光中告别","title":"从逆光中告别","description":"我们强调了视频内容的合规性，绝对没有任何不良引导或危险行为#恋爱#霸总#短剧#都市   带你追剧爽不停   喜欢就快点关注我！","channelTitle":"江山短剧","channelId":"UCCQK_nAn4aHZocKMZBOke-A","publishedAt":"2022-08-31T02:43:04","thumbnails":{"medium":{"url":"https://i.ytimg.com/vi/1vjvmSJZrIU/mqdefault.jpg","width":320,"height":180},"high":{"url":"https://i.ytimg.com/vi/1vjvmSJZrIU/hqdefault.jpg","width":480,"height":360},"default":{"url":"https://i.ytimg.com/vi/1vjvmSJZrIU/default.jpg","width":120,"height":90}},"url":"https://www.youtube.com/watch?v=1vjvmSJZrIU","searchQuery":"","pageNumber":""},{"videoId":"2oqJAJ6qrZY","name":"特工娇妻穿越","title":"特工娇妻穿越","description":"泡芙每天為大家帶來優質內容，頻道視頻已經過授權，謝謝大家的支持！ 本頻道的所有影片都符合平臺的使用政策，沒有任何違規 ...","channelTitle":"泡芙甜宠剧场","channelId":"UCVgIcndDxhQoiAGizJyl3Yw","publishedAt":"2023-09-09T03:00:02","thumbnails":{"medium":{"url":"https://i.ytimg.com/vi/2oqJAJ6qrZY/mqdefault.jpg","width":320,"height":180},"high":{"url":"https://i.ytimg.com/vi/2oqJAJ6qrZY/hqdefault.jpg","width":480,"height":360},"default":{"url":"https://i.ytimg.com/vi/2oqJAJ6qrZY/default.jpg","width":120,"height":90}},"url":"https://www.youtube.com/watch?v=2oqJAJ6qrZY","searchQuery":"","pageNumber":""},{"videoId":"LQ_TMwjjyws","name":"爱你成瘾救赎","title":"爱你成瘾救赎","description":"每天更新熱播短劇，感謝大家的訂閱点击订阅  ：https://www.youtube.com/@HuaXiaTV?sub_confirmation=1 正版短劇授權，感謝 ...","channelTitle":"听花短剧","channelId":"UCeKtz8WG4vaQTVLKRhh69tQ","publishedAt":"2023-04-04T11:00:12","thumbnails":{"medium":{"url":"https://i.ytimg.com/vi/LQ_TMwjjyws/mqdefault.jpg","width":320,"height":180},"high":{"url":"https://i.ytimg.com/vi/LQ_TMwjjyws/hqdefault.jpg","width":480,"height":360},"default":{"url":"https://i.ytimg.com/vi/LQ_TMwjjyws/default.jpg","width":120,"height":90}},"url":"https://www.youtube.com/watch?v=LQ_TMwjjyws","searchQuery":"","pageNumber":""},{"videoId":"elWEz4kE4Sk","name":"让一让公主","title":"让一让公主","description":"甜宠#让一让公主#古装【让一让，公主Princess Make Way】 Playlist全集 ...","channelTitle":"剧盒—独播剧场 Drama Box Exclusive","channelId":"UCVoLHH6fJGLDTG_FgQrFtxA","publishedAt":"2023-09-10T11:00:08","thumbnails":{"medium":{"url":"https://i.ytimg.com/vi/elWEz4kE4Sk/mqdefault.jpg","width":320,"height":180},"high":{"url":"https://i.ytimg.com/vi/elWEz4kE4Sk/hqdefault.jpg","width":480,"height":360},"default":{"url":"https://i.ytimg.com/vi/elWEz4kE4Sk/default.jpg","width":120,"height":90}},"url":"https://www.youtube.com/watch?v=elWEz4kE4Sk","searchQuery":"","pageNumber":""},{"videoId":"TN2hgejBRJo","name":"渣男哥哥的救赎","title":"渣男哥哥的救赎","description":"大陆短剧#短剧#短剧推荐#热门短剧#精品短剧#男频#女频#热门小说改编.","channelTitle":"好好看短剧","channelId":"UCegeQELummnIQp3RzO0NLvQ","publishedAt":"2023-08-20T01:07:44","thumbnails":{"medium":{"url":"https://i.ytimg.com/vi/TN2hgejBRJo/mqdefault.jpg","width":320,"height":180},"high":{"url":"https://i.ytimg.com/vi/TN2hgejBRJo/hqdefault.jpg","width":480,"height":360},"default":{"url":"https://i.ytimg.com/vi/TN2hgejBRJo/default.jpg","width":120,"height":90}},"url":"https://www.youtube.com/watch?v=TN2hgejBRJo","searchQuery":"","pageNumber":""},{"videoId":"9Q9kfF3N20I","name":"诸界第一因逆袭","title":"诸界第一因逆袭","description":"欢迎订阅   www.youtube.com/channel/UCNIKva6iDURgVxf44pMZlKA?sub_confirmation=1 #诸界第一因#Chinese #Xuanhuan ...","channelTitle":"动漫魔女","channelId":"UCNIKva6iDURgVxf44pMZlKA","publishedAt":"2022-05-18T12:15:00","thumbnails":{"medium":{"url":"https://i.ytimg.com/vi/9Q9kfF3N20I/mqdefault.jpg","width":320,"height":180},"high":{"url":"https://i.ytimg.com/vi/9Q9kfF3N20I/hqdefault.jpg","width":480,"height":360},"default":{"url":"https://i.ytimg.com/vi/9Q9kfF3N20I/default.jpg","width":120,"height":90}},"url":"https://www.youtube.com/watch?v=9Q9kfF3N20I","searchQuery":"","pageNumber":""},{"videoId":"onBfZf4xVNU","name":"诡异世界的医生","title":"诡异世界的医生","description":"大家好，欢迎观看阿唯爱说漫，每日更新漫画解说，感谢大家的 ...","channelTitle":"阿唯爱说漫","channelId":"UCk-j81h1G6Rp2U5zlmz33Fg","publishedAt":"2023-07-15T12:00:41","thumbnails":{"medium":{"url":"https://i.ytimg.com/vi/onBfZf4xVNU/mqdefault.jpg","width":320,"height":180},"high":{"url":"https://i.ytimg.com/vi/onBfZf4xVNU/hqdefault.jpg","width":480,"height":360},"default":{"url":"https://i.ytimg.com/vi/onBfZf4xVNU/default.jpg","width":120,"height":90}},"url":"https://www.youtube.com/watch?v=onBfZf4xVNU","searchQuery":"","pageNumber":""},{"videoId":"UaEkqaJpgRY","name":"无敌赘婿巅峰","title":"无敌赘婿巅峰","description":"點擊連結和我一起觀看更多精彩爽劇吧！http://tinyurl.com/ywweab7h 小剧场~最新~最全~最热门~爽文翻拍短剧~~ 【爽文】【 ...","channelTitle":"贅婿風雲短劇","channelId":"UCH_P17liWwt5ndW2fy-G0ZA","publishedAt":"2023-07-15T04:00:11","thumbnails":{"medium":{"url":"https://i.ytimg.com/vi/UaEkqaJpgRY/mqdefault.jpg","width":320,"height":180},"high":{"url":"https://i.ytimg.com/vi/UaEkqaJpgRY/hqdefault.jpg","width":480,"height":360},"default":{"url":"https://i.ytimg.com/vi/UaEkqaJpgRY/default.jpg","width":120,"height":90}},"url":"https://www.youtube.com/watch?v=UaEkqaJpgRY","searchQuery":"","pageNumber":""},{"videoId":"hoiMLnATTRM","name":"斗罗的掉宝爽文","title":"斗罗的掉宝爽文","description":"每天都更新好看的AI漫，欢迎来看啊！ 热血神漫！狗血剧情！逆袭打脸！ 这么多种类的漫画，狠狠地期待了！   喜欢别忘记点点 ...","channelTitle":"怪谈天花板","channelId":"UC8aUigsUdaiLkFEl0EXJl0Q","publishedAt":"2023-06-22T10:59:57","thumbnails":{"medium":{"url":"https://i.ytimg.com/vi/hoiMLnATTRM/mqdefault.jpg","width":320,"height":180},"high":{"url":"https://i.ytimg.com/vi/hoiMLnATTRM/hqdefault.jpg","width":480,"height":360},"default":{"url":"https://i.ytimg.com/vi/hoiMLnATTRM/default.jpg","width":120,"height":90}},"url":"https://www.youtube.com/watch?v=hoiMLnATTRM","searchQuery":"","pageNumber":""},{"videoId":"54thDppISqM","name":"我的七个姐姐","title":"我的七个姐姐","description":"女神#我的七個絕色姐姐#我的七個姐姐是大佬#华语短剧#大陆短剧#美女#热门小说改编#微剧场#MySevenStunningSisters #爽剧#微 ...","channelTitle":"女神剧场","channelId":"UCN7Ixh8GhR5i938rCIgVpaA","publishedAt":"2023-04-26T07:00:09","thumbnails":{"medium":{"url":"https://i.ytimg.com/vi/54thDppISqM/mqdefault.jpg","width":320,"height":180},"high":{"url":"https://i.ytimg.com/vi/54thDppISqM/hqdefault.jpg","width":480,"height":360},"default":{"url":"https://i.ytimg.com/vi/54thDppISqM/default.jpg","width":120,"height":90}},"url":"https://www.youtube.com/watch?v=54thDppISqM","searchQuery":"","pageNumber":""},{"videoId":"2XzSWIcA3Xs","name":"厉少的拉黑妻","title":"厉少的拉黑妻","description":"我们强调了视频内容的合规性，绝对没有任何不良引导或危险行为#恋爱#霸总#短剧#都市   带你追剧爽不停   喜欢就快点关注我！","channelTitle":"江山短剧","channelId":"UCCQK_nAn4aHZocKMZBOke-A","publishedAt":"2022-10-05T08:00:02","thumbnails":{"medium":{"url":"https://i.ytimg.com/vi/2XzSWIcA3Xs/mqdefault.jpg","width":320,"height":180},"high":{"url":"https://i.ytimg.com/vi/2XzSWIcA3Xs/hqdefault.jpg","width":480,"height":360},"default":{"url":"https://i.ytimg.com/vi/2XzSWIcA3Xs/default.jpg","width":120,"height":90}},"url":"https://www.youtube.com/watch?v=2XzSWIcA3Xs","searchQuery":"","pageNumber":""},{"videoId":"_92-EjlKC4M","name":"伪装专业影评人","title":"伪装专业影评人","description":"自媒体盛行的当下，每个人都想成为意见领袖，这催生了大量速食的内容。可有些内容，是没办法速食的，比如说电影。现在网络上 ...","channelTitle":"林恩","channelId":"UCWorvRGRYzrHJickg3fDizQ","publishedAt":"2020-06-19T00:00:06","thumbnails":{"medium":{"url":"https://i.ytimg.com/vi/_92-EjlKC4M/mqdefault.jpg","width":320,"height":180},"high":{"url":"https://i.ytimg.com/vi/_92-EjlKC4M/hqdefault.jpg","width":480,"height":360},"default":{"url":"https://i.ytimg.com/vi/_92-EjlKC4M/default.jpg","width":120,"height":90}},"url":"https://www.youtube.com/watch?v=_92-EjlKC4M","searchQuery":"","pageNumber":""},{"videoId":"ulFLdSMMQqw","name":"半瓶醋夜未眠","title":"半瓶醋夜未眠","description":"其他出沒地區▻【半瓶醋】LBRY頻道https://odysee.com/$/invite/@bpf1980:5 ▻Twitch【半瓶醋】 https://www.twitch.tv/bpf1980 每 ...","channelTitle":"半瓶醋","channelId":"UCYQDonquvqNhW35w3BSgqAw","publishedAt":"2021-06-12T11:00:13","thumbnails":{"medium":{"url":"https://i.ytimg.com/vi/ulFLdSMMQqw/mqdefault.jpg","width":320,"height":180},"high":{"url":"https://i.ytimg.com/vi/ulFLdSMMQqw/hqdefault.jpg","width":480,"height":360},"default":{"url":"https://i.ytimg.com/vi/ulFLdSMMQqw/default.jpg","width":120,"height":90}},"url":"https://www.youtube.com/watch?v=ulFLdSMMQqw","searchQuery":"","pageNumber":""},{"videoId":"sW8_XlmJI_Y","name":"虐恋女主逆袭","title":"虐恋女主逆袭","description":"影片獲版權方書面許可，影視劇演繹畫面，無不良導向因素。 #虐恋女主不干了我們的短劇是為了提供觀眾娛樂，完全遵守平台的 ...","channelTitle":"中文在線野象劇場","channelId":"UCwU8LejskMnmMOg9ioPzRgg","publishedAt":"2024-11-15T11:01:12","thumbnails":{"medium":{"url":"https://i.ytimg.com/vi/sW8_XlmJI_Y/mqdefault.jpg","width":320,"height":180},"high":{"url":"https://i.ytimg.com/vi/sW8_XlmJI_Y/hqdefault.jpg","width":480,"height":360},"default":{"url":"https://i.ytimg.com/vi/sW8_XlmJI_Y/default.jpg","width":120,"height":90}},"url":"https://www.youtube.com/watch?v=sW8_XlmJI_Y","searchQuery":"","pageNumber":""},{"videoId":"7O3217IseyM","name":"陆总的复仇妻","title":"陆总的复仇妻","description":"陸總的復仇小嬌妻，完整版.","channelTitle":"南秋小剧","channelId":"UCxnwL1pwx-5E0CcFalb9MWA","publishedAt":"2023-10-09T12:45:16","thumbnails":{"medium":{"url":"https://i.ytimg.com/vi/7O3217IseyM/mqdefault.jpg","width":320,"height":180},"high":{"url":"https://i.ytimg.com/vi/7O3217IseyM/hqdefault.jpg","width":480,"height":360},"default":{"url":"https://i.ytimg.com/vi/7O3217IseyM/default.jpg","width":120,"height":90}},"url":"https://www.youtube.com/watch?v=7O3217IseyM","searchQuery":"","pageNumber":""},{"videoId":"RMlUQH5lLFM","name":"总裁的暗恋","title":"总裁的暗恋","description":"全網最火爆的熱播短劇都在這裡  https://bit.ly/3sCXoPL #短劇#霸道總裁灰姑娘#chinesedramaengsub 線上觀看更多精彩 ...","channelTitle":"花火劇場","channelId":"UCNe4AOBDQ9a5tV6ik0JuSVg","publishedAt":"2023-07-20T11:00:16","thumbnails":{"medium":{"url":"https://i.ytimg.com/vi/RMlUQH5lLFM/mqdefault.jpg","width":320,"height":180},"high":{"url":"https://i.ytimg.com/vi/RMlUQH5lLFM/hqdefault.jpg","width":480,"height":360},"default":{"url":"https://i.ytimg.com/vi/RMlUQH5lLFM/default.jpg","width":120,"height":90}},"url":"https://www.youtube.com/watch?v=RMlUQH5lLFM","searchQuery":"","pageNumber":""},{"videoId":"Et5gYQy5pdk","name":"罪妻难逃爱恨","title":"罪妻难逃爱恨","description":"感謝大家的支持！古風好劇會多多更新更多好看的小短劇噠！獨家正版授權短劇連續看不停！歡迎訂閱！","channelTitle":"古风好剧","channelId":"UCG3Pk-VokdJ5oaJhvzB4oZA","publishedAt":"2023-10-25T11:00:16","thumbnails":{"medium":{"url":"https://i.ytimg.com/vi/Et5gYQy5pdk/mqdefault.jpg","width":320,"height":180},"high":{"url":"https://i.ytimg.com/vi/Et5gYQy5pdk/hqdefault.jpg","width":480,"height":360},"default":{"url":"https://i.ytimg.com/vi/Et5gYQy5pdk/default.jpg","width":120,"height":90}},"url":"https://www.youtube.com/watch?v=Et5gYQy5pdk","searchQuery":"","pageNumber":""},{"videoId":"0yF97xKeQS4","name":"替嫁偏执总裁","title":"替嫁偏执总裁","description":"每天更新熱播短劇，感謝大家的訂閱点击订阅  ：https://www.youtube.com/@HuaXiaTV?sub_confirmation=1 正版短劇授權，感謝 ...","channelTitle":"听花短剧","channelId":"UCeKtz8WG4vaQTVLKRhh69tQ","publishedAt":"2023-01-06T10:30:00","thumbnails":{"medium":{"url":"https://i.ytimg.com/vi/0yF97xKeQS4/mqdefault.jpg","width":320,"height":180},"high":{"url":"https://i.ytimg.com/vi/0yF97xKeQS4/hqdefault.jpg","width":480,"height":360},"default":{"url":"https://i.ytimg.com/vi/0yF97xKeQS4/default.jpg","width":120,"height":90}},"url":"https://www.youtube.com/watch?v=0yF97xKeQS4","searchQuery":"","pageNumber":""},{"videoId":"ztt5Bvs2-do","name":"歪嘴龙王合集","title":"歪嘴龙王合集","description":"欢迎大家订阅我的频道：https://bit.ly/3g5baRA -------------------------------------------------- --------------------------------- 我叫林小逗，一个对 ...","channelTitle":"我叫林小逗 Official Channel","channelId":"UC0bS2pfUcc9aDps7yPpsztQ","publishedAt":"2022-07-12T09:52:15","thumbnails":{"medium":{"url":"https://i.ytimg.com/vi/ztt5Bvs2-do/mqdefault.jpg","width":320,"height":180},"high":{"url":"https://i.ytimg.com/vi/ztt5Bvs2-do/hqdefault.jpg","width":480,"height":360},"default":{"url":"https://i.ytimg.com/vi/ztt5Bvs2-do/default.jpg","width":120,"height":90}},"url":"https://www.youtube.com/watch?v=ztt5Bvs2-do","searchQuery":"","pageNumber":""},{"videoId":"SAi6qwajZX8","name":"女帝的大道夫","title":"女帝的大道夫","description":"喜欢看AI生成漫画图片的的的小伙伴欢迎订阅我们的频道喲，这里有你绝对想不到小说题材，小说画面新颖，画面满足大家对小说的 ...","channelTitle":"阿星推文","channelId":"UCNb8xgFpLKwPKwf1oePn9qA","publishedAt":"2023-08-28T01:54:26","thumbnails":{"medium":{"url":"https://i.ytimg.com/vi/SAi6qwajZX8/mqdefault.jpg","width":320,"height":180},"high":{"url":"https://i.ytimg.com/vi/SAi6qwajZX8/hqdefault.jpg","width":480,"height":360},"default":{"url":"https://i.ytimg.com/vi/SAi6qwajZX8/default.jpg","width":120,"height":90}},"url":"https://www.youtube.com/watch?v=SAi6qwajZX8","searchQuery":"","pageNumber":""},{"videoId":"ppcojNkirkA","name":"魔王拯救世界","title":"魔王拯救世界","description":"原创内容，禁止搬运，谢谢大家的喜欢感谢订阅  ‍♀️ ...","channelTitle":"星辰漫客","channelId":"UCDKQjKDIH8irLEJv8eeYo2A","publishedAt":"2023-10-29T04:00:33","thumbnails":{"medium":{"url":"https://i.ytimg.com/vi/ppcojNkirkA/mqdefault.jpg","width":320,"height":180},"high":{"url":"https://i.ytimg.com/vi/ppcojNkirkA/hqdefault.jpg","width":480,"height":360},"default":{"url":"https://i.ytimg.com/vi/ppcojNkirkA/default.jpg","width":120,"height":90}},"url":"https://www.youtube.com/watch?v=ppcojNkirkA","searchQuery":"","pageNumber":""},{"videoId":"JY53R1pNbTA","name":"墓王之王古装","title":"墓王之王古装","description":"主演：易柏辰 / 王玥婷 / 马振桓 / 孙露鹭 / 张冬导演： 薛文华传说骆武子助秦始皇修成始皇陵，又建九座奇墓藏尽天下奇珍异宝， ...","channelTitle":"网络电影,电视剧","channelId":"UCcC3nAGHNKSK30cQS-uMmLA","publishedAt":"2021-02-28T10:16:46","thumbnails":{"medium":{"url":"https://i.ytimg.com/vi/JY53R1pNbTA/mqdefault.jpg","width":320,"height":180},"high":{"url":"https://i.ytimg.com/vi/JY53R1pNbTA/hqdefault.jpg","width":480,"height":360},"default":{"url":"https://i.ytimg.com/vi/JY53R1pNbTA/default.jpg","width":120,"height":90}},"url":"https://www.youtube.com/watch?v=JY53R1pNbTA","searchQuery":"","pageNumber":""},{"videoId":"QToOlva0SPE","name":"落难千金逆袭","title":"落难千金逆袭","description":"全網最火爆的熱播短劇都在這裡  https://bit.ly/3tudFqC #短劇#霸道總裁灰姑娘#鍾熙舒童#chinesedramaengsub 線上觀看更多精彩 ...","channelTitle":"花火劇場","channelId":"UCNe4AOBDQ9a5tV6ik0JuSVg","publishedAt":"2023-10-30T10:00:10","thumbnails":{"medium":{"url":"https://i.ytimg.com/vi/QToOlva0SPE/mqdefault.jpg","width":320,"height":180},"high":{"url":"https://i.ytimg.com/vi/QToOlva0SPE/hqdefault.jpg","width":480,"height":360},"default":{"url":"https://i.ytimg.com/vi/QToOlva0SPE/default.jpg","width":120,"height":90}},"url":"https://www.youtube.com/watch?v=QToOlva0SPE","searchQuery":"","pageNumber":""}]