[{"videoId":"RVfow3e4510","name":"厨娘穿越成妃","title":"厨娘穿越成妃","description":"欢迎来到甜梦剧场！   超多题材，超甜剧情霸总、古装、复仇、爽文、追妻火葬场、逆袭…… 更多精彩短剧在这里等你！","channelTitle":"甜梦剧场","channelId":"UCYANeI_-jbGRXoZQrFBVY9w","publishedAt":"2024-12-13T03:45:17","thumbnails":{"medium":{"url":"https://i.ytimg.com/vi/RVfow3e4510/mqdefault.jpg","width":320,"height":180},"high":{"url":"https://i.ytimg.com/vi/RVfow3e4510/hqdefault.jpg","width":480,"height":360},"default":{"url":"https://i.ytimg.com/vi/RVfow3e4510/default.jpg","width":120,"height":90}},"url":"https://www.youtube.com/watch?v=RVfow3e4510","searchQuery":"","pageNumber":""},{"videoId":"DLe1_chDnDI","name":"肥王妃天天想和离","title":"肥王妃天天想和离","description":"欢迎来到甜心剧场     订阅+铃铛  完整版小甜剧等你来畅享！     Welcome to Sweetheart Theater ！Subscription+Bell -The ...","channelTitle":"甜心剧场","channelId":"UCxtyj33xcXX45PGdThUObww","publishedAt":"2024-12-28T01:00:10","thumbnails":{"medium":{"url":"https://i.ytimg.com/vi/DLe1_chDnDI/mqdefault.jpg","width":320,"height":180},"high":{"url":"https://i.ytimg.com/vi/DLe1_chDnDI/hqdefault.jpg","width":480,"height":360},"default":{"url":"https://i.ytimg.com/vi/DLe1_chDnDI/default.jpg","width":120,"height":90}},"url":"https://www.youtube.com/watch?v=DLe1_chDnDI","searchQuery":"","pageNumber":""},{"videoId":"QDy7cMOJ8Q4","name":"女总裁古村致富","title":"女总裁古村致富","description":"欢迎来到甜梦剧场！   超多题材，超甜剧情霸总、古装、复仇、爽文、追妻火葬场、逆袭…… 更多精彩短剧在这里等你！","channelTitle":"甜梦剧场","channelId":"UCYANeI_-jbGRXoZQrFBVY9w","publishedAt":"2025-06-14T18:58:44","thumbnails":{"medium":{"url":"https://i.ytimg.com/vi/QDy7cMOJ8Q4/mqdefault.jpg","width":320,"height":180},"high":{"url":"https://i.ytimg.com/vi/QDy7cMOJ8Q4/hqdefault.jpg","width":480,"height":360},"default":{"url":"https://i.ytimg.com/vi/QDy7cMOJ8Q4/default.jpg","width":120,"height":90}},"url":"https://www.youtube.com/watch?v=QDy7cMOJ8Q4","searchQuery":"","pageNumber":""},{"videoId":"CIf-1khjZBA","name":"穷小子称帝","title":"穷小子称帝","description":"该剧本頻道已獲授權， 切勿盜用，盜用後果自負暴爽出品必屬爽品歡迎訂閱@暴爽短劇CoolMovie觀賞更多精彩影集#罗刹海 ...","channelTitle":"暴爽短劇CoolMovie","channelId":"UC62deCEaKSaoRAZsSWESASg","publishedAt":"2025-01-24T13:18:21","thumbnails":{"medium":{"url":"https://i.ytimg.com/vi/CIf-1khjZBA/mqdefault.jpg","width":320,"height":180},"high":{"url":"https://i.ytimg.com/vi/CIf-1khjZBA/hqdefault.jpg","width":480,"height":360},"default":{"url":"https://i.ytimg.com/vi/CIf-1khjZBA/default.jpg","width":120,"height":90}},"url":"https://www.youtube.com/watch?v=CIf-1khjZBA","searchQuery":"","pageNumber":""},{"videoId":"k_IzaGda5fQ","name":"肥妃助登基","title":"肥妃助登基","description":"穿越#重生#甜寵#女頻#減肥#古裝#戀愛#肥妻#辣女#肥妻穿越娘親只想賺錢#肥妻重生娘親拽#film #chinesedrama #復仇#萌娃#萌 ...","channelTitle":"芒种短剧","channelId":"UCDJk1UUVkNbzybaPzfuCyIg","publishedAt":"2024-10-14T10:43:38","thumbnails":{"medium":{"url":"https://i.ytimg.com/vi/k_IzaGda5fQ/mqdefault.jpg","width":320,"height":180},"high":{"url":"https://i.ytimg.com/vi/k_IzaGda5fQ/hqdefault.jpg","width":480,"height":360},"default":{"url":"https://i.ytimg.com/vi/k_IzaGda5fQ/default.jpg","width":120,"height":90}},"url":"https://www.youtube.com/watch?v=k_IzaGda5fQ","searchQuery":"","pageNumber":""},{"videoId":"0YRvOGRinQk","name":"转嫁渣男叔","title":"转嫁渣男叔","description":"柯淳#王凱沐#何聰睿#王道铁#王奕然#沉思#姚冠宇#于龙#曾辉#左一#钟熙#余茵#孟娜#韩雨彤侯呈玥#赵慕颜#翟一莹#短劇#灰姑娘 ...","channelTitle":"暮暮短剧","channelId":"UCswEJ4bkqK6q98YKPku_P-w","publishedAt":"2025-06-19T12:00:03","thumbnails":{"medium":{"url":"https://i.ytimg.com/vi/0YRvOGRinQk/mqdefault.jpg","width":320,"height":180},"high":{"url":"https://i.ytimg.com/vi/0YRvOGRinQk/hqdefault.jpg","width":480,"height":360},"default":{"url":"https://i.ytimg.com/vi/0YRvOGRinQk/default.jpg","width":120,"height":90}},"url":"https://www.youtube.com/watch?v=0YRvOGRinQk","searchQuery":"","pageNumber":""},{"videoId":"LErJx_YjC8k","name":"军官后妈宠","title":"军官后妈宠","description":"欢迎来到甜梦剧场！   超多题材，超甜剧情霸总、古装、复仇、爽文、追妻火葬场、逆袭…… 更多精彩短剧在这里等你！","channelTitle":"甜梦剧场","channelId":"UCYANeI_-jbGRXoZQrFBVY9w","publishedAt":"2025-06-14T19:20:08","thumbnails":{"medium":{"url":"https://i.ytimg.com/vi/LErJx_YjC8k/mqdefault.jpg","width":320,"height":180},"high":{"url":"https://i.ytimg.com/vi/LErJx_YjC8k/hqdefault.jpg","width":480,"height":360},"default":{"url":"https://i.ytimg.com/vi/LErJx_YjC8k/default.jpg","width":120,"height":90}},"url":"https://www.youtube.com/watch?v=LErJx_YjC8k","searchQuery":"","pageNumber":""},{"videoId":"KWTxWQi37xc","name":"丑女逆袭变女神","title":"丑女逆袭变女神","description":"所有内容皆为正版授权内容感謝您的訂閱支持： Subscribe for more Chinese television dramas 订阅频道: ...","channelTitle":"热剧追捧","channelId":"UCdrCSohz41BUK-RHfL_yrKw","publishedAt":"2025-06-15T10:00:28","thumbnails":{"medium":{"url":"https://i.ytimg.com/vi/KWTxWQi37xc/mqdefault.jpg","width":320,"height":180},"high":{"url":"https://i.ytimg.com/vi/KWTxWQi37xc/hqdefault.jpg","width":480,"height":360},"default":{"url":"https://i.ytimg.com/vi/KWTxWQi37xc/default.jpg","width":120,"height":90}},"url":"https://www.youtube.com/watch?v=KWTxWQi37xc","searchQuery":"","pageNumber":""},{"videoId":"yhzuwvz5v78","name":"装傻逆袭签女神","title":"装傻逆袭签女神","description":"最新爽劇看不停，歡迎訂閱https://www.youtube.com/@UCSjCuY1_oF_EeNSqJBzCTEQ ✨本頻道均已獲得授權！ 每天准時更新 ...","channelTitle":"爽剧迷-CoolDrama","channelId":"UCSjCuY1_oF_EeNSqJBzCTEQ","publishedAt":"2025-05-06T10:01:38","thumbnails":{"medium":{"url":"https://i.ytimg.com/vi/yhzuwvz5v78/mqdefault.jpg","width":320,"height":180},"high":{"url":"https://i.ytimg.com/vi/yhzuwvz5v78/hqdefault.jpg","width":480,"height":360},"default":{"url":"https://i.ytimg.com/vi/yhzuwvz5v78/default.jpg","width":120,"height":90}},"url":"https://www.youtube.com/watch?v=yhzuwvz5v78","searchQuery":"","pageNumber":""},{"videoId":"xW9_RKu1AeQ","name":"首富孙子报恩情","title":"首富孙子报恩情","description":"【正版授權】 Subscribe for more Videos 订阅频道： ...","channelTitle":"独宠剧场","channelId":"UCao9fcO9ARxcutHU_g9d5cw","publishedAt":"2025-06-20T12:25:47","thumbnails":{"medium":{"url":"https://i.ytimg.com/vi/xW9_RKu1AeQ/mqdefault.jpg","width":320,"height":180},"high":{"url":"https://i.ytimg.com/vi/xW9_RKu1AeQ/hqdefault.jpg","width":480,"height":360},"default":{"url":"https://i.ytimg.com/vi/xW9_RKu1AeQ/default.jpg","width":120,"height":90}},"url":"https://www.youtube.com/watch?v=xW9_RKu1AeQ","searchQuery":"","pageNumber":""},{"videoId":"idec4YRloz4","name":"闪婚迷局：穷总裁的豪门戏  ","title":"闪婚迷局：穷总裁的豪门戏  ","description":"1080P無水印1—77集原片已經發布，點擊觀看完整版。 劇情簡介：江離隱瞞總裁身份去相親，想找個聽話的男人，林峻是成林集團 ...","channelTitle":"戀戀劇場-搶鮮版","channelId":"UCu7M9XRDN-dVd21LHCYm2yQ","publishedAt":"2024-07-20T13:00:40","thumbnails":{"medium":{"url":"https://i.ytimg.com/vi/idec4YRloz4/mqdefault.jpg","width":320,"height":180},"high":{"url":"https://i.ytimg.com/vi/idec4YRloz4/hqdefault.jpg","width":480,"height":360},"default":{"url":"https://i.ytimg.com/vi/idec4YRloz4/default.jpg","width":120,"height":90}},"url":"https://www.youtube.com/watch?v=idec4YRloz4","searchQuery":"","pageNumber":""},{"videoId":"WX3ikA0KcAg","name":"修车工竟是战神归来  ","title":"修车工竟是战神归来  ","description":"歡迎訂閱爆燃短劇KingDrama，爆燃短劇都在這裡！ 最新熱劇看不停，盡在頻道Subscribe Now: ...","channelTitle":"爆燃短劇KingDrama","channelId":"UCpWCTBFILVQZ0NXCr9FekNw","publishedAt":"2025-06-13T03:50:28","thumbnails":{"medium":{"url":"https://i.ytimg.com/vi/WX3ikA0KcAg/mqdefault.jpg","width":320,"height":180},"high":{"url":"https://i.ytimg.com/vi/WX3ikA0KcAg/hqdefault.jpg","width":480,"height":360},"default":{"url":"https://i.ytimg.com/vi/WX3ikA0KcAg/default.jpg","width":120,"height":90}},"url":"https://www.youtube.com/watch?v=WX3ikA0KcAg","searchQuery":"","pageNumber":""},{"videoId":"JDllYvgQ75I","name":"拜金女后悔弃修车工  ","title":"拜金女后悔弃修车工  ","description":"【歡迎訂閲】小爽追短劇！最爽短劇都在這裡！！ 小爽追短劇https://www.youtube.com/channel/UCWYQM6xgaV_e_GldGUCcK4Q ...","channelTitle":"小爽追短劇","channelId":"UCWYQM6xgaV_e_GldGUCcK4Q","publishedAt":"2025-06-16T06:21:38","thumbnails":{"medium":{"url":"https://i.ytimg.com/vi/JDllYvgQ75I/mqdefault.jpg","width":320,"height":180},"high":{"url":"https://i.ytimg.com/vi/JDllYvgQ75I/hqdefault.jpg","width":480,"height":360},"default":{"url":"https://i.ytimg.com/vi/JDllYvgQ75I/default.jpg","width":120,"height":90}},"url":"https://www.youtube.com/watch?v=JDllYvgQ75I","searchQuery":"","pageNumber":""},{"videoId":"ZrfHaMayfwA","name":"契约恋爱法则  ","title":"契约恋爱法则  ","description":"我们的短剧是经过认真制作的原创作品，绝对没有任何不良引导或危险行为。 富家小姐遭到未婚夫的背叛，还好霸總及時 ...","channelTitle":"古麦嘉禾精选短剧","channelId":"UCDFkdy5fYO0m7cyg9YCKFHA","publishedAt":"2023-03-19T06:00:13","thumbnails":{"medium":{"url":"https://i.ytimg.com/vi/ZrfHaMayfwA/mqdefault.jpg","width":320,"height":180},"high":{"url":"https://i.ytimg.com/vi/ZrfHaMayfwA/hqdefault.jpg","width":480,"height":360},"default":{"url":"https://i.ytimg.com/vi/ZrfHaMayfwA/default.jpg","width":120,"height":90}},"url":"https://www.youtube.com/watch?v=ZrfHaMayfwA","searchQuery":"","pageNumber":""},{"videoId":"VzuWBRM3a_Y","name":"八零闪婚总裁宠","title":"八零闪婚总裁宠","description":"欢迎来到芙芙追剧！精彩短剧全集看不停✨ Welcome to Fufu Chasing Drama！Watch the full collection of wonderful short ...","channelTitle":"JOWO芙芙追剧","channelId":"UCaCru8sowL6nlxkaoKAAcqw","publishedAt":"2024-10-16T07:00:20","thumbnails":{"medium":{"url":"https://i.ytimg.com/vi/VzuWBRM3a_Y/mqdefault.jpg","width":320,"height":180},"high":{"url":"https://i.ytimg.com/vi/VzuWBRM3a_Y/hqdefault.jpg","width":480,"height":360},"default":{"url":"https://i.ytimg.com/vi/VzuWBRM3a_Y/default.jpg","width":120,"height":90}},"url":"https://www.youtube.com/watch?v=VzuWBRM3a_Y","searchQuery":"","pageNumber":""},{"videoId":"wJjQ33hb4Fw","name":"關於唐醫生的事","title":"關於唐醫生的事","description":"內容為影視劇作品，⽆任何不良引導，劇情皆為演繹畫⾯，禁⽌模仿🛡️.此短劇已取得版權方書面授權，畫面為正規影視劇演繹， ...","channelTitle":"X Vision华语恋剧场 - Chinese Love Drama","channelId":"UCuVh1QhCKChffsfyGKGzUbA","publishedAt":"2022-06-25T14:00:33","thumbnails":{"medium":{"url":"https://i.ytimg.com/vi/wJjQ33hb4Fw/mqdefault.jpg","width":320,"height":180},"high":{"url":"https://i.ytimg.com/vi/wJjQ33hb4Fw/hqdefault.jpg","width":480,"height":360},"default":{"url":"https://i.ytimg.com/vi/wJjQ33hb4Fw/default.jpg","width":120,"height":90}},"url":"https://www.youtube.com/watch?v=wJjQ33hb4Fw","searchQuery":"","pageNumber":""},{"videoId":"WxgkYpMnsHA","name":"戰鬥吧夫君戀愛","title":"戰鬥吧夫君戀愛","description":"伍家小少爷伍思诚为夺回家产开启“战斗”模式！“百事通达”金牌员工宋芝芝启用拼单功能，卷入画风清奇的伍家纠葛之中。欢迎订阅【 ...","channelTitle":"芒果TV心动 MangoTV Sparkle","channelId":"UCLqfIlW6-tXfBg1rHx-RB3g","publishedAt":"2022-05-11T13:00:30","thumbnails":{"medium":{"url":"https://i.ytimg.com/vi/WxgkYpMnsHA/mqdefault.jpg","width":320,"height":180},"high":{"url":"https://i.ytimg.com/vi/WxgkYpMnsHA/hqdefault.jpg","width":480,"height":360},"default":{"url":"https://i.ytimg.com/vi/WxgkYpMnsHA/default.jpg","width":120,"height":90}},"url":"https://www.youtube.com/watch?v=WxgkYpMnsHA","searchQuery":"","pageNumber":""},{"videoId":"Kgiq5wVNwag","name":"寒门状元逆袭恨","title":"寒门状元逆袭恨","description":"男频#爽文#短剧#逆袭#shortfilm 歡迎大家關註我的頻道！","channelTitle":"Top Drama list","channelId":"UCr3gYyVEA1PQdUg27pCXzeg","publishedAt":"2024-02-14T09:30:08","thumbnails":{"medium":{"url":"https://i.ytimg.com/vi/Kgiq5wVNwag/mqdefault.jpg","width":320,"height":180},"high":{"url":"https://i.ytimg.com/vi/Kgiq5wVNwag/hqdefault.jpg","width":480,"height":360},"default":{"url":"https://i.ytimg.com/vi/Kgiq5wVNwag/default.jpg","width":120,"height":90}},"url":"https://www.youtube.com/watch?v=Kgiq5wVNwag","searchQuery":"","pageNumber":""},{"videoId":"CaBGsU0ZduY","name":"穿越，从青楼开始","title":"穿越，从青楼开始","description":"","channelTitle":"八神剧场","channelId":"UC3yIaZIO62_DRzxc5czTNjQ","publishedAt":"2023-08-28T09:56:02","thumbnails":{"medium":{"url":"https://i.ytimg.com/vi/CaBGsU0ZduY/mqdefault.jpg","width":320,"height":180},"high":{"url":"https://i.ytimg.com/vi/CaBGsU0ZduY/hqdefault.jpg","width":480,"height":360},"default":{"url":"https://i.ytimg.com/vi/CaBGsU0ZduY/default.jpg","width":120,"height":90}},"url":"https://www.youtube.com/watch?v=CaBGsU0ZduY","searchQuery":"","pageNumber":""},{"videoId":"AJP3ry2C9p8","name":"考古博士穿弃妃获爱","title":"考古博士穿弃妃获爱","description":"【正版授權】 Subscribe for more Videos 订阅频道： ...","channelTitle":"独宠剧场","channelId":"UCao9fcO9ARxcutHU_g9d5cw","publishedAt":"2025-06-19T12:19:07","thumbnails":{"medium":{"url":"https://i.ytimg.com/vi/AJP3ry2C9p8/mqdefault.jpg","width":320,"height":180},"high":{"url":"https://i.ytimg.com/vi/AJP3ry2C9p8/hqdefault.jpg","width":480,"height":360},"default":{"url":"https://i.ytimg.com/vi/AJP3ry2C9p8/default.jpg","width":120,"height":90}},"url":"https://www.youtube.com/watch?v=AJP3ry2C9p8","searchQuery":"","pageNumber":""},{"videoId":"boZYcpkCSwU","name":"三轮回超保时捷","title":"三轮回超保时捷","description":"霸道短劇ShortDrama出品必屬精品歡迎訂閱@霸道短劇ShortDrama觀賞更多精彩影集#ChineseFilm#Chinesemovie#中國電視劇# ...","channelTitle":"霸道短劇ShortDrama","channelId":"UCjq-hv609ECQZtbAxOHkxsQ","publishedAt":"2025-06-15T10:00:55","thumbnails":{"medium":{"url":"https://i.ytimg.com/vi/boZYcpkCSwU/mqdefault.jpg","width":320,"height":180},"high":{"url":"https://i.ytimg.com/vi/boZYcpkCSwU/hqdefault.jpg","width":480,"height":360},"default":{"url":"https://i.ytimg.com/vi/boZYcpkCSwU/default.jpg","width":120,"height":90}},"url":"https://www.youtube.com/watch?v=boZYcpkCSwU","searchQuery":"","pageNumber":""},{"videoId":"xm475TNMj8k","name":"小伙玩转青楼","title":"小伙玩转青楼","description":"男频#爽文#短剧#逆袭#shortfilm 歡迎大家關註我的頻道！","channelTitle":"Top Drama list","channelId":"UCr3gYyVEA1PQdUg27pCXzeg","publishedAt":"2023-10-21T09:30:15","thumbnails":{"medium":{"url":"https://i.ytimg.com/vi/xm475TNMj8k/mqdefault.jpg","width":320,"height":180},"high":{"url":"https://i.ytimg.com/vi/xm475TNMj8k/hqdefault.jpg","width":480,"height":360},"default":{"url":"https://i.ytimg.com/vi/xm475TNMj8k/default.jpg","width":120,"height":90}},"url":"https://www.youtube.com/watch?v=xm475TNMj8k","searchQuery":"","pageNumber":""},{"videoId":"_os0UePtTCo","name":"千金爱上渣男","title":"千金爱上渣男","description":"《新拿什麼拯救你我的愛人》 主演：賈乃亮、張歆藝、董璇、崔林▷劇情介紹：該劇講述了完美律師韓丁追上了美麗的富家女孩 ...","channelTitle":"歡情酒館","channelId":"UCiGOsH569yUjRlKbg9VUFHA","publishedAt":"2023-06-28T12:00:33","thumbnails":{"medium":{"url":"https://i.ytimg.com/vi/_os0UePtTCo/mqdefault.jpg","width":320,"height":180},"high":{"url":"https://i.ytimg.com/vi/_os0UePtTCo/hqdefault.jpg","width":480,"height":360},"default":{"url":"https://i.ytimg.com/vi/_os0UePtTCo/default.jpg","width":120,"height":90}},"url":"https://www.youtube.com/watch?v=_os0UePtTCo","searchQuery":"","pageNumber":""},{"videoId":"Nfy6T1BQMOU","name":"破产少爷的同事","title":"破产少爷的同事","description":"剧名：【JMWHQNYMZTS】 欢迎来到短劇上頭社！ 精彩短剧全集看不停！Watch the full collection of wonderful short dramas✨ ...","channelTitle":"短剧上頭社","channelId":"UCymvmjQqMb_dEQ8_WG1_w9A","publishedAt":"2025-06-18T11:00:43","thumbnails":{"medium":{"url":"https://i.ytimg.com/vi/Nfy6T1BQMOU/mqdefault.jpg","width":320,"height":180},"high":{"url":"https://i.ytimg.com/vi/Nfy6T1BQMOU/hqdefault.jpg","width":480,"height":360},"default":{"url":"https://i.ytimg.com/vi/Nfy6T1BQMOU/default.jpg","width":120,"height":90}},"url":"https://www.youtube.com/watch?v=Nfy6T1BQMOU","searchQuery":"","pageNumber":""},{"videoId":"DVWRUsasuBU","name":"美女总裁倒追","title":"美女总裁倒追","description":"【歡迎訂閲】穿越爽劇場https://youtube.com/channel/UCTSktV0WEDk-s34YUP9nINg?si=mNlJfZ5SyW27uZcQ 每日準時更新 ...","channelTitle":"穿越爽劇場ShortTV","channelId":"UCTSktV0WEDk-s34YUP9nINg","publishedAt":"2025-06-20T11:00:24","thumbnails":{"medium":{"url":"https://i.ytimg.com/vi/DVWRUsasuBU/mqdefault.jpg","width":320,"height":180},"high":{"url":"https://i.ytimg.com/vi/DVWRUsasuBU/hqdefault.jpg","width":480,"height":360},"default":{"url":"https://i.ytimg.com/vi/DVWRUsasuBU/default.jpg","width":120,"height":90}},"url":"https://www.youtube.com/watch?v=DVWRUsasuBU","searchQuery":"","pageNumber":""},{"videoId":"9wUFiMxXL-w","name":"机神助总裁暴富","title":"机神助总裁暴富","description":"该剧本頻道已獲授權， 切勿盜用，盜用後果自負暴爽出品必屬爽品歡迎訂閱@暴爽短劇CoolMovie觀賞更多精彩影集#罗刹海 ...","channelTitle":"暴爽短劇CoolMovie","channelId":"UC62deCEaKSaoRAZsSWESASg","publishedAt":"2025-06-16T13:53:15","thumbnails":{"medium":{"url":"https://i.ytimg.com/vi/9wUFiMxXL-w/mqdefault.jpg","width":320,"height":180},"high":{"url":"https://i.ytimg.com/vi/9wUFiMxXL-w/hqdefault.jpg","width":480,"height":360},"default":{"url":"https://i.ytimg.com/vi/9wUFiMxXL-w/default.jpg","width":120,"height":90}},"url":"https://www.youtube.com/watch?v=9wUFiMxXL-w","searchQuery":"","pageNumber":""},{"videoId":"2Sc3F_hshZc","name":"被霸凌后的身份","title":"被霸凌后的身份","description":"歡迎來到  閃蝶劇場！這裏有超多精彩好劇陪你度過美好時光，絕對讓你追劇追到停不下來！ 抓緊訂閱喲，不然下一個大爆劇可就從 ...","channelTitle":"闪蝶剧场DramaHub","channelId":"UCKVKTLDXVjlTjjIoJKOhJcw","publishedAt":"2025-06-17T08:30:01","thumbnails":{"medium":{"url":"https://i.ytimg.com/vi/2Sc3F_hshZc/mqdefault.jpg","width":320,"height":180},"high":{"url":"https://i.ytimg.com/vi/2Sc3F_hshZc/hqdefault.jpg","width":480,"height":360},"default":{"url":"https://i.ytimg.com/vi/2Sc3F_hshZc/default.jpg","width":120,"height":90}},"url":"https://www.youtube.com/watch?v=2Sc3F_hshZc","searchQuery":"","pageNumber":""},{"videoId":"VCag0OfGu1U","name":"重生致富路","title":"重生致富路","description":"本频道视频均均为官方授权，侵权必究！ 我们严格遵守版权法规，尊重和保护所有创作者的劳动成果，坚决反对任何侵权行为！","channelTitle":"Fresh Dramas","channelId":"UC_lit_4z1k0vllRnRRrlBQA","publishedAt":"2025-03-24T11:23:13","thumbnails":{"medium":{"url":"https://i.ytimg.com/vi/VCag0OfGu1U/mqdefault.jpg","width":320,"height":180},"high":{"url":"https://i.ytimg.com/vi/VCag0OfGu1U/hqdefault.jpg","width":480,"height":360},"default":{"url":"https://i.ytimg.com/vi/VCag0OfGu1U/default.jpg","width":120,"height":90}},"url":"https://www.youtube.com/watch?v=VCag0OfGu1U","searchQuery":"","pageNumber":""},{"videoId":"mHuMYgtw3gc","name":"婚礼换新郎","title":"婚礼换新郎","description":"短劇#灰姑娘霸總#追妻火葬場#梧桐短剧#女頻爽劇#優質小說改編#追妻火葬場#大女主逆襲#tvseries #ChineseDrama #tvshow ...","channelTitle":"梧桐短剧TOPSHORT","channelId":"UC-bQFruuCysPHH9t9cvZrQg","publishedAt":"2025-06-17T12:15:12","thumbnails":{"medium":{"url":"https://i.ytimg.com/vi/mHuMYgtw3gc/mqdefault.jpg","width":320,"height":180},"high":{"url":"https://i.ytimg.com/vi/mHuMYgtw3gc/hqdefault.jpg","width":480,"height":360},"default":{"url":"https://i.ytimg.com/vi/mHuMYgtw3gc/default.jpg","width":120,"height":90}},"url":"https://www.youtube.com/watch?v=mHuMYgtw3gc","searchQuery":"","pageNumber":""},{"videoId":"B-Ep-F6nW6k","name":"租个总裁男友","title":"租个总裁男友","description":"柯淳#王凱沐#何聰睿#王道铁#王奕然#沉思#姚冠宇#于龙#曾辉#左一#钟熙#余茵#孟娜#韩雨彤侯呈玥#赵慕颜#翟一莹#短劇#灰姑娘 ...","channelTitle":"朝朝短剧","channelId":"UCZG2RYht0TeVOpaIrQqC3XQ","publishedAt":"2025-06-14T10:00:15","thumbnails":{"medium":{"url":"https://i.ytimg.com/vi/B-Ep-F6nW6k/mqdefault.jpg","width":320,"height":180},"high":{"url":"https://i.ytimg.com/vi/B-Ep-F6nW6k/hqdefault.jpg","width":480,"height":360},"default":{"url":"https://i.ytimg.com/vi/B-Ep-F6nW6k/default.jpg","width":120,"height":90}},"url":"https://www.youtube.com/watch?v=B-Ep-F6nW6k","searchQuery":"","pageNumber":""},{"videoId":"BNxOA_sNQ5E","name":"神眼复仇霸凌","title":"神眼复仇霸凌","description":"Subscribe for more videos: https://www.youtube.com/channel/UCmZHuajT1zjl2vYfbL5EmUg? sub_confirmation=1 BJWLM ...","channelTitle":"上瘾毒剧场","channelId":"UCmZHuajT1zjl2vYfbL5EmUg","publishedAt":"2025-06-20T09:30:11","thumbnails":{"medium":{"url":"https://i.ytimg.com/vi/BNxOA_sNQ5E/mqdefault.jpg","width":320,"height":180},"high":{"url":"https://i.ytimg.com/vi/BNxOA_sNQ5E/hqdefault.jpg","width":480,"height":360},"default":{"url":"https://i.ytimg.com/vi/BNxOA_sNQ5E/default.jpg","width":120,"height":90}},"url":"https://www.youtube.com/watch?v=BNxOA_sNQ5E","searchQuery":"","pageNumber":""},{"videoId":"DGXAF6WkOS8","name":"外卖叔是首富爹","title":"外卖叔是首富爹","description":"ZQ ❤️歡迎订阅@風嘯短劇WindShort ❤️更多爆款中國爽劇在此观看全集！ Watch full episodes of top-hit Chinese dramas right ...","channelTitle":"風嘯短劇WindShort","channelId":"UCK3_x3vBQEima3O9Tq-chGg","publishedAt":"2025-06-19T09:06:17","thumbnails":{"medium":{"url":"https://i.ytimg.com/vi/DGXAF6WkOS8/mqdefault.jpg","width":320,"height":180},"high":{"url":"https://i.ytimg.com/vi/DGXAF6WkOS8/hqdefault.jpg","width":480,"height":360},"default":{"url":"https://i.ytimg.com/vi/DGXAF6WkOS8/default.jpg","width":120,"height":90}},"url":"https://www.youtube.com/watch?v=DGXAF6WkOS8","searchQuery":"","pageNumber":""},{"videoId":"eZOTsk5_08g","name":"四总裁争宠","title":"四总裁争宠","description":"傲天出品必屬精品歡迎訂閱@傲天短劇NO1SHORT觀賞更多精彩影集The products produced by Aotian must be high-quality ...","channelTitle":"傲天短劇NO1SHORT","channelId":"UCOAilPvoZg_zNFMl3DWXX3w","publishedAt":"2025-04-23T13:01:46","thumbnails":{"medium":{"url":"https://i.ytimg.com/vi/eZOTsk5_08g/mqdefault.jpg","width":320,"height":180},"high":{"url":"https://i.ytimg.com/vi/eZOTsk5_08g/hqdefault.jpg","width":480,"height":360},"default":{"url":"https://i.ytimg.com/vi/eZOTsk5_08g/default.jpg","width":120,"height":90}},"url":"https://www.youtube.com/watch?v=eZOTsk5_08g","searchQuery":"","pageNumber":""},{"videoId":"97yeUQIrN4g","name":"保安继承遗产","title":"保安继承遗产","description":"【歡迎訂閲】反轉劇場關注即可觀看精彩內容！ Subscribe now to enjoy the top visual feast!   #反轉劇場#男頻爽劇#短 ...","channelTitle":"反轉劇場","channelId":"UCi1sDkQAoCmfT7NYw-dQE0A","publishedAt":"2025-06-19T11:00:23","thumbnails":{"medium":{"url":"https://i.ytimg.com/vi/97yeUQIrN4g/mqdefault.jpg","width":320,"height":180},"high":{"url":"https://i.ytimg.com/vi/97yeUQIrN4g/hqdefault.jpg","width":480,"height":360},"default":{"url":"https://i.ytimg.com/vi/97yeUQIrN4g/default.jpg","width":120,"height":90}},"url":"https://www.youtube.com/watch?v=97yeUQIrN4g","searchQuery":"","pageNumber":""},{"videoId":"zeaw0JlyaJE","name":"撞破出轨后的复仇","title":"撞破出轨后的复仇","description":"歡迎大家來到星光短劇場   我們會持續更新海量爆款短劇，大家可以點個 ...","channelTitle":"星光短劇場","channelId":"UCuSn8xHZ5hc2_qtou7lOqZw","publishedAt":"2025-06-16T13:31:12","thumbnails":{"medium":{"url":"https://i.ytimg.com/vi/zeaw0JlyaJE/mqdefault.jpg","width":320,"height":180},"high":{"url":"https://i.ytimg.com/vi/zeaw0JlyaJE/hqdefault.jpg","width":480,"height":360},"default":{"url":"https://i.ytimg.com/vi/zeaw0JlyaJE/default.jpg","width":120,"height":90}},"url":"https://www.youtube.com/watch?v=zeaw0JlyaJE","searchQuery":"","pageNumber":""},{"videoId":"0gvxRpbj5tI","name":"穷养儿子当老板","title":"穷养儿子当老板","description":"該頻道上傳發佈內容均為漫森(深圳)文化传媒有限公司原創獨家版權，其餘發布者均為盜版！非常感謝大家對正版的支持！ 歡迎 ...","channelTitle":"漫森剧场","channelId":"UCoeImDyxrj5TNzLj5UZ13sg","publishedAt":"2024-12-31T08:00:02","thumbnails":{"medium":{"url":"https://i.ytimg.com/vi/0gvxRpbj5tI/mqdefault.jpg","width":320,"height":180},"high":{"url":"https://i.ytimg.com/vi/0gvxRpbj5tI/hqdefault.jpg","width":480,"height":360},"default":{"url":"https://i.ytimg.com/vi/0gvxRpbj5tI/default.jpg","width":120,"height":90}},"url":"https://www.youtube.com/watch?v=0gvxRpbj5tI","searchQuery":"","pageNumber":""},{"videoId":"fKWbt_x7hSI","name":"五萌宝找爹","title":"五萌宝找爹","description":"本剧一切皆为戏剧效果！请勿模仿！ Everything in this play is for dramatic effect! Please do not imitate! 【BBLXDDJDL】 #精彩短 ...","channelTitle":"狂焰爽剧","channelId":"UCw3il8YOddox9RIGh7_tPhQ","publishedAt":"2025-06-16T10:01:05","thumbnails":{"medium":{"url":"https://i.ytimg.com/vi/fKWbt_x7hSI/mqdefault.jpg","width":320,"height":180},"high":{"url":"https://i.ytimg.com/vi/fKWbt_x7hSI/hqdefault.jpg","width":480,"height":360},"default":{"url":"https://i.ytimg.com/vi/fKWbt_x7hSI/default.jpg","width":120,"height":90}},"url":"https://www.youtube.com/watch?v=fKWbt_x7hSI","searchQuery":"","pageNumber":""},{"videoId":"FpPjvLgFEzY","name":"保姆的逆袭","title":"保姆的逆袭","description":"逆襲#都市#反轉#情感#神醫#親情#情感#男頻#爽劇#柯淳#王凱沐#何聰睿#王道铁#王奕然#沉思#姚冠宇#于龙#曾辉#左一#钟熙#余 ...","channelTitle":"橙星剧场ShortTV","channelId":"UCeOxx1MtWJntQaC0Du-xm9A","publishedAt":"2025-06-12T11:00:22","thumbnails":{"medium":{"url":"https://i.ytimg.com/vi/FpPjvLgFEzY/mqdefault.jpg","width":320,"height":180},"high":{"url":"https://i.ytimg.com/vi/FpPjvLgFEzY/hqdefault.jpg","width":480,"height":360},"default":{"url":"https://i.ytimg.com/vi/FpPjvLgFEzY/default.jpg","width":120,"height":90}},"url":"https://www.youtube.com/watch?v=FpPjvLgFEzY","searchQuery":"","pageNumber":""},{"videoId":"iPZhmZo4xTM","name":"破碎之人的觉醒","title":"破碎之人的觉醒","description":"这里有最新最热门的短剧视频     全网热门短剧每日更新！ 专注「复仇爽剧+甜宠虐恋+逆袭打脸」高能合集，拯救你的剧荒！","channelTitle":"小爱推文","channelId":"UCnq0mZlqQH9qST3mVVcEySA","publishedAt":"2025-06-20T03:37:42","thumbnails":{"medium":{"url":"https://i.ytimg.com/vi/iPZhmZo4xTM/mqdefault.jpg","width":320,"height":180},"high":{"url":"https://i.ytimg.com/vi/iPZhmZo4xTM/hqdefault.jpg","width":480,"height":360},"default":{"url":"https://i.ytimg.com/vi/iPZhmZo4xTM/default.jpg","width":120,"height":90}},"url":"https://www.youtube.com/watch?v=iPZhmZo4xTM","searchQuery":"","pageNumber":""},{"videoId":"_z7yviDCZ3I","name":"神王的复仇","title":"神王的复仇","description":"BYZQSL DJ _ BCheng Subscribe for more Chinese television dramas 订阅频道: https://www.youtube.com/@BlazingCinemas 獨家 ...","channelTitle":"烈焰影視","channelId":"UCOzM_kTmMgul9xznM8Ba_iQ","publishedAt":"2025-06-16T10:58:21","thumbnails":{"medium":{"url":"https://i.ytimg.com/vi/_z7yviDCZ3I/mqdefault.jpg","width":320,"height":180},"high":{"url":"https://i.ytimg.com/vi/_z7yviDCZ3I/hqdefault.jpg","width":480,"height":360},"default":{"url":"https://i.ytimg.com/vi/_z7yviDCZ3I/default.jpg","width":120,"height":90}},"url":"https://www.youtube.com/watch?v=_z7yviDCZ3I","searchQuery":"","pageNumber":""},{"videoId":"aVDGJOLCUvM","name":"闪婚豪门继承人","title":"闪婚豪门继承人","description":"【正版授權】 If you like this channel, please click to subscribe to me, thank you! 更多精彩劇集【More Exciting ...","channelTitle":"甜宠剧透社","channelId":"UCbNHCDSkf-3BW_zY_e3gMJg","publishedAt":"2025-06-16T11:00:05","thumbnails":{"medium":{"url":"https://i.ytimg.com/vi/aVDGJOLCUvM/mqdefault.jpg","width":320,"height":180},"high":{"url":"https://i.ytimg.com/vi/aVDGJOLCUvM/hqdefault.jpg","width":480,"height":360},"default":{"url":"https://i.ytimg.com/vi/aVDGJOLCUvM/default.jpg","width":120,"height":90}},"url":"https://www.youtube.com/watch?v=aVDGJOLCUvM","searchQuery":"","pageNumber":""},{"videoId":"yFfw234lX0c","name":"豪门父子装病","title":"豪门父子装病","description":"Subscribe Here : youtube.com/@HuashengDrama Download APP to watch more amazing shorts： ...","channelTitle":"花笙TV","channelId":"UCP187tqGV7_ZgK-V2m8Ki4Q","publishedAt":"2025-05-01T00:00:06","thumbnails":{"medium":{"url":"https://i.ytimg.com/vi/yFfw234lX0c/mqdefault.jpg","width":320,"height":180},"high":{"url":"https://i.ytimg.com/vi/yFfw234lX0c/hqdefault.jpg","width":480,"height":360},"default":{"url":"https://i.ytimg.com/vi/yFfw234lX0c/default.jpg","width":120,"height":90}},"url":"https://www.youtube.com/watch?v=yFfw234lX0c","searchQuery":"","pageNumber":""},{"videoId":"URovtXs-z8A","name":"废物的真实实力","title":"废物的真实实力","description":"【正版授权】 Subscribe for more Videos 订阅 ...","channelTitle":"高能短剧社","channelId":"UCyasZ0qPYSY7iyL7IWEwhKA","publishedAt":"2025-06-19T10:50:01","thumbnails":{"medium":{"url":"https://i.ytimg.com/vi/URovtXs-z8A/mqdefault.jpg","width":320,"height":180},"high":{"url":"https://i.ytimg.com/vi/URovtXs-z8A/hqdefault.jpg","width":480,"height":360},"default":{"url":"https://i.ytimg.com/vi/URovtXs-z8A/default.jpg","width":120,"height":90}},"url":"https://www.youtube.com/watch?v=URovtXs-z8A","searchQuery":"","pageNumber":""},{"videoId":"Ah6CbQdMehc","name":"八零囤积致富","title":"八零囤积致富","description":"欢迎来到甜梦剧场！   超多题材，超甜剧情霸总、古装、复仇、爽文、追妻火葬场、逆袭…… 更多精彩短剧在这里等你！","channelTitle":"甜梦剧场","channelId":"UCYANeI_-jbGRXoZQrFBVY9w","publishedAt":"2025-06-16T04:43:01","thumbnails":{"medium":{"url":"https://i.ytimg.com/vi/Ah6CbQdMehc/mqdefault.jpg","width":320,"height":180},"high":{"url":"https://i.ytimg.com/vi/Ah6CbQdMehc/hqdefault.jpg","width":480,"height":360},"default":{"url":"https://i.ytimg.com/vi/Ah6CbQdMehc/default.jpg","width":120,"height":90}},"url":"https://www.youtube.com/watch?v=Ah6CbQdMehc","searchQuery":"","pageNumber":""},{"videoId":"Si2qyMQ3qxg","name":"替罪羊的逆袭","title":"替罪羊的逆袭","description":"成为此频道的会员即可获享以下福利： https://www.youtube.com/channel/UC1gmZg_re0ptBDnFjbmWuhQ/join #Shortdramas ...","channelTitle":"爽劇不斷","channelId":"UC1gmZg_re0ptBDnFjbmWuhQ","publishedAt":"2025-06-13T07:48:49","thumbnails":{"medium":{"url":"https://i.ytimg.com/vi/Si2qyMQ3qxg/mqdefault.jpg","width":320,"height":180},"high":{"url":"https://i.ytimg.com/vi/Si2qyMQ3qxg/hqdefault.jpg","width":480,"height":360},"default":{"url":"https://i.ytimg.com/vi/Si2qyMQ3qxg/default.jpg","width":120,"height":90}},"url":"https://www.youtube.com/watch?v=Si2qyMQ3qxg","searchQuery":"","pageNumber":""},{"videoId":"x5dXAFQ8eno","name":"土妹的豪门缘","title":"土妹的豪门缘","description":"Subscribe for more Chinese television dramas 订阅频道: https://www.youtube.com/channel/UCWPh6AxY9nvPi8766jP-oiw 本剧 ...","channelTitle":"熱播喵 - Meow","channelId":"UCWPh6AxY9nvPi8766jP-oiw","publishedAt":"2025-06-16T23:00:59","thumbnails":{"medium":{"url":"https://i.ytimg.com/vi/x5dXAFQ8eno/mqdefault.jpg","width":320,"height":180},"high":{"url":"https://i.ytimg.com/vi/x5dXAFQ8eno/hqdefault.jpg","width":480,"height":360},"default":{"url":"https://i.ytimg.com/vi/x5dXAFQ8eno/default.jpg","width":120,"height":90}},"url":"https://www.youtube.com/watch?v=x5dXAFQ8eno","searchQuery":"","pageNumber":""},{"videoId":"lmBWnVEstWE","name":"白月光的爱恋","title":"白月光的爱恋","description":"點擊訂閱，精彩好劇等你來解鎖~ #女頻爽劇#霸道總裁#灰姑娘#追妻火葬場#chinesedrama #短劇#愛情#申浩男#柯淳#何健麒#舒童# ...","channelTitle":"星星追剧","channelId":"UCZhO3CdEnkTipB6sjy2jwCw","publishedAt":"2025-06-16T06:59:44","thumbnails":{"medium":{"url":"https://i.ytimg.com/vi/lmBWnVEstWE/mqdefault.jpg","width":320,"height":180},"high":{"url":"https://i.ytimg.com/vi/lmBWnVEstWE/hqdefault.jpg","width":480,"height":360},"default":{"url":"https://i.ytimg.com/vi/lmBWnVEstWE/default.jpg","width":120,"height":90}},"url":"https://www.youtube.com/watch?v=lmBWnVEstWE","searchQuery":"","pageNumber":""},{"videoId":"j3BMqHCFDco","name":"乞丐总裁复仇","title":"乞丐总裁复仇","description":"最新精彩短劇每日更新，訂閱我們Subscribe Now☞https://shorturl.at/CzS01 ▷▷更多免費短劇More Free Dramas: ...","channelTitle":"恋恋情深 LoveyDovey","channelId":"UCLkfJiRbjNT30DkrwwGSnlw","publishedAt":"2025-06-14T07:00:42","thumbnails":{"medium":{"url":"https://i.ytimg.com/vi/j3BMqHCFDco/mqdefault.jpg","width":320,"height":180},"high":{"url":"https://i.ytimg.com/vi/j3BMqHCFDco/hqdefault.jpg","width":480,"height":360},"default":{"url":"https://i.ytimg.com/vi/j3BMqHCFDco/default.jpg","width":120,"height":90}},"url":"https://www.youtube.com/watch?v=j3BMqHCFDco","searchQuery":"","pageNumber":""},{"videoId":"O-T4HKZfNLg","name":"同学两亿岁开挂","title":"同学两亿岁开挂","description":"","channelTitle":"温城鲤","channelId":"UCCD14H7fJQl3UZNWhYMG3Mg","publishedAt":"2024-09-24T12:27:57","thumbnails":{"medium":{"url":"https://i.ytimg.com/vi/O-T4HKZfNLg/mqdefault.jpg","width":320,"height":180},"high":{"url":"https://i.ytimg.com/vi/O-T4HKZfNLg/hqdefault.jpg","width":480,"height":360},"default":{"url":"https://i.ytimg.com/vi/O-T4HKZfNLg/default.jpg","width":120,"height":90}},"url":"https://www.youtube.com/watch?v=O-T4HKZfNLg","searchQuery":"","pageNumber":""},{"videoId":"2EAZRkyQ5VM","name":"聋哑夫妻的好运","title":"聋哑夫妻的好运","description":"【歡迎訂閲】破繭短劇https://youtube.com/channel/UCHaWGNPXXfkkfn-VHSgspFg?si=7sgqc5vd9ssSdQG- 每日準時更新精彩 ...","channelTitle":"破繭短劇ShortTV","channelId":"UCHaWGNPXXfkkfn-VHSgspFg","publishedAt":"2025-06-12T10:00:04","thumbnails":{"medium":{"url":"https://i.ytimg.com/vi/2EAZRkyQ5VM/mqdefault.jpg","width":320,"height":180},"high":{"url":"https://i.ytimg.com/vi/2EAZRkyQ5VM/hqdefault.jpg","width":480,"height":360},"default":{"url":"https://i.ytimg.com/vi/2EAZRkyQ5VM/default.jpg","width":120,"height":90}},"url":"https://www.youtube.com/watch?v=2EAZRkyQ5VM","searchQuery":"","pageNumber":""},{"videoId":"mmApWugFBQ0","name":"爱火重燃噩梦","title":"爱火重燃噩梦","description":"更多热剧欢迎订阅| Subscribe now to watch more ...","channelTitle":"甜豆短剧社","channelId":"UCrj6IitcCsji7bSUQ5la-VA","publishedAt":"2025-06-15T12:30:51","thumbnails":{"medium":{"url":"https://i.ytimg.com/vi/mmApWugFBQ0/mqdefault.jpg","width":320,"height":180},"high":{"url":"https://i.ytimg.com/vi/mmApWugFBQ0/hqdefault.jpg","width":480,"height":360},"default":{"url":"https://i.ytimg.com/vi/mmApWugFBQ0/default.jpg","width":120,"height":90}},"url":"https://www.youtube.com/watch?v=mmApWugFBQ0","searchQuery":"","pageNumber":""},{"videoId":"26_-vWunjy8","name":"猪肉西施逆袭","title":"猪肉西施逆袭","description":"欢迎观看乐不可吱！ 持续更新优质热播短剧！ 剧名：【身份曝光后全校不淡定了】 本剧集所含情节皆为影视效果，部分素材已无 ...","channelTitle":"乐不可吱Short Drama","channelId":"UCVyJxeiQDrF9AZUbI267nOQ","publishedAt":"2025-06-14T10:00:09","thumbnails":{"medium":{"url":"https://i.ytimg.com/vi/26_-vWunjy8/mqdefault.jpg","width":320,"height":180},"high":{"url":"https://i.ytimg.com/vi/26_-vWunjy8/hqdefault.jpg","width":480,"height":360},"default":{"url":"https://i.ytimg.com/vi/26_-vWunjy8/default.jpg","width":120,"height":90}},"url":"https://www.youtube.com/watch?v=26_-vWunjy8","searchQuery":"","pageNumber":""},{"videoId":"Ra7maI-tHd0","name":"电竞少年夺冠","title":"电竞少年夺冠","description":"歡迎訂閲雷凌短劇社No1Drama每日準時更新超多好看無刪減短劇，雷凌短劇只做No1 #ChineseFilm#Chinesemovie#中國電視劇# ...","channelTitle":"雷凌短劇社No1Drama","channelId":"UCWjems-9LdDPKzOANOQ2RQw","publishedAt":"2025-06-17T10:00:53","thumbnails":{"medium":{"url":"https://i.ytimg.com/vi/Ra7maI-tHd0/mqdefault.jpg","width":320,"height":180},"high":{"url":"https://i.ytimg.com/vi/Ra7maI-tHd0/hqdefault.jpg","width":480,"height":360},"default":{"url":"https://i.ytimg.com/vi/Ra7maI-tHd0/default.jpg","width":120,"height":90}},"url":"https://www.youtube.com/watch?v=Ra7maI-tHd0","searchQuery":"","pageNumber":""},{"videoId":"F-on6QG1x8Q","name":"重生选霸总","title":"重生选霸总","description":"所有内容皆为正版授权内容感謝您的訂閱支持： Subscribe for more Chinese television dramas 订阅频道: ...","channelTitle":"热剧追捧","channelId":"UCdrCSohz41BUK-RHfL_yrKw","publishedAt":"2025-06-19T10:18:17","thumbnails":{"medium":{"url":"https://i.ytimg.com/vi/F-on6QG1x8Q/mqdefault.jpg","width":320,"height":180},"high":{"url":"https://i.ytimg.com/vi/F-on6QG1x8Q/hqdefault.jpg","width":480,"height":360},"default":{"url":"https://i.ytimg.com/vi/F-on6QG1x8Q/default.jpg","width":120,"height":90}},"url":"https://www.youtube.com/watch?v=F-on6QG1x8Q","searchQuery":"","pageNumber":""},{"videoId":"0qpkcPxayr4","name":"捡垃圾的系统","title":"捡垃圾的系统","description":"【歡迎訂閲】穿越爽劇場https://youtube.com/channel/UCTSktV0WEDk-s34YUP9nINg?si=mNlJfZ5SyW27uZcQ 每日準時更新 ...","channelTitle":"穿越爽劇場ShortTV","channelId":"UCTSktV0WEDk-s34YUP9nINg","publishedAt":"2025-06-05T04:00:04","thumbnails":{"medium":{"url":"https://i.ytimg.com/vi/0qpkcPxayr4/mqdefault.jpg","width":320,"height":180},"high":{"url":"https://i.ytimg.com/vi/0qpkcPxayr4/hqdefault.jpg","width":480,"height":360},"default":{"url":"https://i.ytimg.com/vi/0qpkcPxayr4/default.jpg","width":120,"height":90}},"url":"https://www.youtube.com/watch?v=0qpkcPxayr4","searchQuery":"","pageNumber":""},{"videoId":"EiKR_hVDEoY","name":"修车女遇大佬","title":"修车女遇大佬","description":"正版授权，欢迎订阅！ Subscribe for more Chinese television dramas 订阅频道: ...","channelTitle":"猫眼追剧","channelId":"UCFupRAVBq1K32bqy2ykMvWA","publishedAt":"2025-06-18T12:00:23","thumbnails":{"medium":{"url":"https://i.ytimg.com/vi/EiKR_hVDEoY/mqdefault.jpg","width":320,"height":180},"high":{"url":"https://i.ytimg.com/vi/EiKR_hVDEoY/hqdefault.jpg","width":480,"height":360},"default":{"url":"https://i.ytimg.com/vi/EiKR_hVDEoY/default.jpg","width":120,"height":90}},"url":"https://www.youtube.com/watch?v=EiKR_hVDEoY","searchQuery":"","pageNumber":""},{"videoId":"gRlSmpkN4f8","name":"绝症母女复仇","title":"绝症母女复仇","description":"【歡迎訂閲】霸霸追爽劇ShortTV https://youtube.com/@yebodrama?si=3iIkc-UdtXJsCjqb 即可觀看精彩內容！ 這裡致力於推薦 ...","channelTitle":"霸霸追爽劇ShortTV","channelId":"UCEXUit0tJoQR1-LMcWZvRqw","publishedAt":"2025-06-16T10:01:12","thumbnails":{"medium":{"url":"https://i.ytimg.com/vi/gRlSmpkN4f8/mqdefault.jpg","width":320,"height":180},"high":{"url":"https://i.ytimg.com/vi/gRlSmpkN4f8/hqdefault.jpg","width":480,"height":360},"default":{"url":"https://i.ytimg.com/vi/gRlSmpkN4f8/default.jpg","width":120,"height":90}},"url":"https://www.youtube.com/watch?v=gRlSmpkN4f8","searchQuery":"","pageNumber":""},{"videoId":"-jRSsm3wANk","name":"迷药后的宠爱","title":"迷药后的宠爱","description":"ZXJ- WNRCZM Subscribe for more Chinese television dramas订阅频道： ...","channelTitle":"追劇盟主","channelId":"UC2TwZ6f6PxBTRWcdjztcTiw","publishedAt":"2025-06-14T10:00:00","thumbnails":{"medium":{"url":"https://i.ytimg.com/vi/-jRSsm3wANk/mqdefault.jpg","width":320,"height":180},"high":{"url":"https://i.ytimg.com/vi/-jRSsm3wANk/hqdefault.jpg","width":480,"height":360},"default":{"url":"https://i.ytimg.com/vi/-jRSsm3wANk/default.jpg","width":120,"height":90}},"url":"https://www.youtube.com/watch?v=-jRSsm3wANk","searchQuery":"","pageNumber":""},{"videoId":"gsnklwD5boM","name":"养猪父的巨款","title":"养猪父的巨款","description":"都市#逆袭#首富#短剧全集#热门短剧#大陆短剧#shortfilm #世界首富##drama #男频#商战#反转#神豪#父与子#父子情大家好，这里 ...","channelTitle":"三小猪追剧","channelId":"UCHG4B1WE5aknxmjQUWpPYPw","publishedAt":"2024-08-18T14:43:49","thumbnails":{"medium":{"url":"https://i.ytimg.com/vi/gsnklwD5boM/mqdefault.jpg","width":320,"height":180},"high":{"url":"https://i.ytimg.com/vi/gsnklwD5boM/hqdefault.jpg","width":480,"height":360},"default":{"url":"https://i.ytimg.com/vi/gsnklwD5boM/default.jpg","width":120,"height":90}},"url":"https://www.youtube.com/watch?v=gsnklwD5boM","searchQuery":"","pageNumber":""},{"videoId":"uhCwk8z3buA","name":"总裁护妻开人","title":"总裁护妻开人","description":"Welcome to our channel! 剧名：【LHHZLA】 #短剧#灰姑娘#中国电视剧#言情#甜宠#夫妻#婚姻#爱情#爱情电视剧#好看中国 ...","channelTitle":"怦怦短剧社","channelId":"UCux9GfFfAzuab_aaRJ6PwiQ","publishedAt":"2025-06-17T11:01:35","thumbnails":{"medium":{"url":"https://i.ytimg.com/vi/uhCwk8z3buA/mqdefault.jpg","width":320,"height":180},"high":{"url":"https://i.ytimg.com/vi/uhCwk8z3buA/hqdefault.jpg","width":480,"height":360},"default":{"url":"https://i.ytimg.com/vi/uhCwk8z3buA/default.jpg","width":120,"height":90}},"url":"https://www.youtube.com/watch?v=uhCwk8z3buA","searchQuery":"","pageNumber":""},{"videoId":"YwpRmVUdPaI","name":"八零辣媳致富","title":"八零辣媳致富","description":"欢迎来到乐不可吱！ 持续更新优质热门短剧！ 剧名：【我在八零的灿烂岁月】 本集所含情节皆为影视效果，部分素材已无害化 ...","channelTitle":"乐不可吱Short Drama","channelId":"UCVyJxeiQDrF9AZUbI267nOQ","publishedAt":"2025-06-18T10:00:54","thumbnails":{"medium":{"url":"https://i.ytimg.com/vi/YwpRmVUdPaI/mqdefault.jpg","width":320,"height":180},"high":{"url":"https://i.ytimg.com/vi/YwpRmVUdPaI/hqdefault.jpg","width":480,"height":360},"default":{"url":"https://i.ytimg.com/vi/YwpRmVUdPaI/default.jpg","width":120,"height":90}},"url":"https://www.youtube.com/watch?v=YwpRmVUdPaI","searchQuery":"","pageNumber":""},{"videoId":"8p3Upuo1u-s","name":"灰姑娘夜宿霸总","title":"灰姑娘夜宿霸总","description":"喜欢C-drama的朋友要支持正版哦，超多精彩全集正片等您： https://lihi.cc/vkG7H 欢迎订阅  撒糖LIVE  https://bit.ly/370EHdU 剧 ...","channelTitle":"撒糖LIVE","channelId":"UCQ2WOWFfRiJufbS26JJo1Hg","publishedAt":"2025-06-21T04:00:06","thumbnails":{"medium":{"url":"https://i.ytimg.com/vi/8p3Upuo1u-s/mqdefault.jpg","width":320,"height":180},"high":{"url":"https://i.ytimg.com/vi/8p3Upuo1u-s/hqdefault.jpg","width":480,"height":360},"default":{"url":"https://i.ytimg.com/vi/8p3Upuo1u-s/default.jpg","width":120,"height":90}},"url":"https://www.youtube.com/watch?v=8p3Upuo1u-s","searchQuery":"","pageNumber":""},{"videoId":"4P84Cq25fPU","name":"断手神厨逆袭","title":"断手神厨逆袭","description":"點擊链接觀看更多熱門精彩爽劇~ https://bit.ly/46IYIzO 贅婿風雲劇場~最新~最全~最熱門~爽文翻拍短劇~~ 【爽文】【都市】【 ...","channelTitle":"贅婿風雲短劇","channelId":"UCH_P17liWwt5ndW2fy-G0ZA","publishedAt":"2025-02-05T03:26:18","thumbnails":{"medium":{"url":"https://i.ytimg.com/vi/4P84Cq25fPU/mqdefault.jpg","width":320,"height":180},"high":{"url":"https://i.ytimg.com/vi/4P84Cq25fPU/hqdefault.jpg","width":480,"height":360},"default":{"url":"https://i.ytimg.com/vi/4P84Cq25fPU/default.jpg","width":120,"height":90}},"url":"https://www.youtube.com/watch?v=4P84Cq25fPU","searchQuery":"","pageNumber":""},{"videoId":"QBfvTco-onc","name":"闪婚首富继承人","title":"闪婚首富继承人","description":"點擊訂閱，精彩好劇等你來解鎖~ #女頻爽劇#霸道總裁#灰姑娘#追妻火葬場#chinesedrama #短劇#愛情#申浩男#柯淳#何健麒#舒童# ...","channelTitle":"星星追剧","channelId":"UCZhO3CdEnkTipB6sjy2jwCw","publishedAt":"2025-06-19T08:00:28","thumbnails":{"medium":{"url":"https://i.ytimg.com/vi/QBfvTco-onc/mqdefault.jpg","width":320,"height":180},"high":{"url":"https://i.ytimg.com/vi/QBfvTco-onc/hqdefault.jpg","width":480,"height":360},"default":{"url":"https://i.ytimg.com/vi/QBfvTco-onc/default.jpg","width":120,"height":90}},"url":"https://www.youtube.com/watch?v=QBfvTco-onc","searchQuery":"","pageNumber":""},{"videoId":"w38drEXlfi8","name":"改嫁瘸腿大佬","title":"改嫁瘸腿大佬","description":"柯淳#王凱沐#何聰睿#王道铁#王奕然#沉思#姚冠宇#于龙#曾辉#左一#钟熙#余茵#孟娜#韩雨彤侯呈玥#赵慕颜#翟一莹#短劇#灰姑娘 ...","channelTitle":"暮暮短剧","channelId":"UCswEJ4bkqK6q98YKPku_P-w","publishedAt":"2025-06-08T09:01:16","thumbnails":{"medium":{"url":"https://i.ytimg.com/vi/w38drEXlfi8/mqdefault.jpg","width":320,"height":180},"high":{"url":"https://i.ytimg.com/vi/w38drEXlfi8/hqdefault.jpg","width":480,"height":360},"default":{"url":"https://i.ytimg.com/vi/w38drEXlfi8/default.jpg","width":120,"height":90}},"url":"https://www.youtube.com/watch?v=w38drEXlfi8","searchQuery":"","pageNumber":""},{"videoId":"Jm84bZv74Pk","name":"人夫的追妻路","title":"人夫的追妻路","description":"家庭#婚姻#家庭情感剧#都市情感剧#农村情感剧#蒋雯丽#蒋欣#刘德凯##chinesedrama #俞小凡#金巧巧《#欲望》全集 ...","channelTitle":"熱劇獨播","channelId":"UCxGl2gInULM7IqWLVcWv6Ng","publishedAt":"2025-06-20T13:00:06","thumbnails":{"medium":{"url":"https://i.ytimg.com/vi/Jm84bZv74Pk/mqdefault.jpg","width":320,"height":180},"high":{"url":"https://i.ytimg.com/vi/Jm84bZv74Pk/hqdefault.jpg","width":480,"height":360},"default":{"url":"https://i.ytimg.com/vi/Jm84bZv74Pk/default.jpg","width":120,"height":90}},"url":"https://www.youtube.com/watch?v=Jm84bZv74Pk","searchQuery":"","pageNumber":""},{"videoId":"HudKL9_WhHY","name":"读心术的复仇","title":"读心术的复仇","description":"主演：王宇港＆李玥关注我不再剧荒，想要什么剧我都有   正品短剧，每日持续更新✨ 点击【订阅+铃铛  】看更多精彩热门短 ...","channelTitle":"柑橘短剧社","channelId":"UCcqdoFXV0ejwZYFeeCFAvvA","publishedAt":"2025-06-16T12:20:58","thumbnails":{"medium":{"url":"https://i.ytimg.com/vi/HudKL9_WhHY/mqdefault.jpg","width":320,"height":180},"high":{"url":"https://i.ytimg.com/vi/HudKL9_WhHY/hqdefault.jpg","width":480,"height":360},"default":{"url":"https://i.ytimg.com/vi/HudKL9_WhHY/default.jpg","width":120,"height":90}},"url":"https://www.youtube.com/watch?v=HudKL9_WhHY","searchQuery":"","pageNumber":""},{"videoId":"mkF26l6z7GA","name":"捡垃圾闯天地","title":"捡垃圾闯天地","description":"所有内容皆为正版授权内容感謝您的訂閱支持： Subscribe for more Chinese television dramas 订阅频道: ...","channelTitle":"热剧追捧","channelId":"UCdrCSohz41BUK-RHfL_yrKw","publishedAt":"2025-06-16T00:00:57","thumbnails":{"medium":{"url":"https://i.ytimg.com/vi/mkF26l6z7GA/mqdefault.jpg","width":320,"height":180},"high":{"url":"https://i.ytimg.com/vi/mkF26l6z7GA/hqdefault.jpg","width":480,"height":360},"default":{"url":"https://i.ytimg.com/vi/mkF26l6z7GA/default.jpg","width":120,"height":90}},"url":"https://www.youtube.com/watch?v=mkF26l6z7GA","searchQuery":"","pageNumber":""},{"videoId":"JBXI98vL_6o","name":"麓山之歌重工","title":"麓山之歌重工","description":"热血奋斗#杨烁#chinesedrama #中国电视剧《#麓山之歌The Power Source》全集观看：https://reurl.cc/gMZKvz ❤️欢迎订阅❤️ ...","channelTitle":"华剧精选","channelId":"UCDbjyx4w8tuVJe5SwZwGmyQ","publishedAt":"2022-08-24T13:00:19","thumbnails":{"medium":{"url":"https://i.ytimg.com/vi/JBXI98vL_6o/mqdefault.jpg","width":320,"height":180},"high":{"url":"https://i.ytimg.com/vi/JBXI98vL_6o/hqdefault.jpg","width":480,"height":360},"default":{"url":"https://i.ytimg.com/vi/JBXI98vL_6o/default.jpg","width":120,"height":90}},"url":"https://www.youtube.com/watch?v=JBXI98vL_6o","searchQuery":"","pageNumber":""},{"videoId":"GvuXQVHVyMQ","name":"穿越乡村逆袭","title":"穿越乡村逆袭","description":"吴昊♥️李智颖被杀后穿越到古代乡村，成了被遗弃的妻子！与丈夫和离后，她凭借现代知识事业成功，收获爱情！ [중국숏폼드라마 ...","channelTitle":"SueSue Drama","channelId":"UCBp6qCEkhTW3SJaA5Aerqaw","publishedAt":"2025-06-11T02:45:05","thumbnails":{"medium":{"url":"https://i.ytimg.com/vi/GvuXQVHVyMQ/mqdefault.jpg","width":320,"height":180},"high":{"url":"https://i.ytimg.com/vi/GvuXQVHVyMQ/hqdefault.jpg","width":480,"height":360},"default":{"url":"https://i.ytimg.com/vi/GvuXQVHVyMQ/default.jpg","width":120,"height":90}},"url":"https://www.youtube.com/watch?v=GvuXQVHVyMQ","searchQuery":"","pageNumber":""},{"videoId":"_C0JVJ78WvU","name":"重生后的心声","title":"重生后的心声","description":"甜剧热播#中国电视剧#霸道总裁和灰姑娘哈喽，大家好~ 这里是甜剧热播   每天更新最新热播精彩短剧   Future TV Copyright ...","channelTitle":"甜剧热播","channelId":"UCfEQZ6Id5Z35PlW6NxlM0-g","publishedAt":"2025-06-16T12:00:58","thumbnails":{"medium":{"url":"https://i.ytimg.com/vi/_C0JVJ78WvU/mqdefault.jpg","width":320,"height":180},"high":{"url":"https://i.ytimg.com/vi/_C0JVJ78WvU/hqdefault.jpg","width":480,"height":360},"default":{"url":"https://i.ytimg.com/vi/_C0JVJ78WvU/default.jpg","width":120,"height":90}},"url":"https://www.youtube.com/watch?v=_C0JVJ78WvU","searchQuery":"","pageNumber":""},{"videoId":"NdSOIm3XWJ0","name":"初恋的一夜","title":"初恋的一夜","description":"放慢0.75倍速可提升观看效果哦~ Slow down 0.75 times to improve viewing effect~ 【HTCTHT】 #云朗短剧#灰姑娘#霸總#追妻 ...","channelTitle":"云朗短剧","channelId":"UCQF_OX6ISwaMbxLJEklyk-g","publishedAt":"2025-06-15T12:00:39","thumbnails":{"medium":{"url":"https://i.ytimg.com/vi/NdSOIm3XWJ0/mqdefault.jpg","width":320,"height":180},"high":{"url":"https://i.ytimg.com/vi/NdSOIm3XWJ0/hqdefault.jpg","width":480,"height":360},"default":{"url":"https://i.ytimg.com/vi/NdSOIm3XWJ0/default.jpg","width":120,"height":90}},"url":"https://www.youtube.com/watch?v=NdSOIm3XWJ0","searchQuery":"","pageNumber":""},{"videoId":"6tMFWJTkUBo","name":"实习生是千金","title":"实习生是千金","description":"Welcome to our channel! 剧名：【CZHQZCDWYQWL】 #短剧#灰姑娘#中国电视剧#言情#甜宠#夫妻#婚姻#爱情#爱情电视剧# ...","channelTitle":"怦怦短剧社","channelId":"UCux9GfFfAzuab_aaRJ6PwiQ","publishedAt":"2025-06-16T11:00:19","thumbnails":{"medium":{"url":"https://i.ytimg.com/vi/6tMFWJTkUBo/mqdefault.jpg","width":320,"height":180},"high":{"url":"https://i.ytimg.com/vi/6tMFWJTkUBo/hqdefault.jpg","width":480,"height":360},"default":{"url":"https://i.ytimg.com/vi/6tMFWJTkUBo/default.jpg","width":120,"height":90}},"url":"https://www.youtube.com/watch?v=6tMFWJTkUBo","searchQuery":"","pageNumber":""},{"videoId":"-qtxYqJhhG4","name":"七年后的爱意","title":"七年后的爱意","description":"正版授权，欢迎订阅！ Subscribe for more Chinese television dramas 订阅频道: ...","channelTitle":"猫眼追剧","channelId":"UCFupRAVBq1K32bqy2ykMvWA","publishedAt":"2025-06-15T12:00:00","thumbnails":{"medium":{"url":"https://i.ytimg.com/vi/-qtxYqJhhG4/mqdefault.jpg","width":320,"height":180},"high":{"url":"https://i.ytimg.com/vi/-qtxYqJhhG4/hqdefault.jpg","width":480,"height":360},"default":{"url":"https://i.ytimg.com/vi/-qtxYqJhhG4/default.jpg","width":120,"height":90}},"url":"https://www.youtube.com/watch?v=-qtxYqJhhG4","searchQuery":"","pageNumber":""},{"videoId":"xRE72GM5orc","name":"闪婚教授","title":"闪婚教授","description":"这里有最新最热门的短剧视频     全网热门短剧每日更新！ 专注「复仇爽剧+甜宠虐恋+逆袭打脸」高能合集，拯救你的剧荒！","channelTitle":"小爱推文","channelId":"UCnq0mZlqQH9qST3mVVcEySA","publishedAt":"2025-06-17T00:45:14","thumbnails":{"medium":{"url":"https://i.ytimg.com/vi/xRE72GM5orc/mqdefault.jpg","width":320,"height":180},"high":{"url":"https://i.ytimg.com/vi/xRE72GM5orc/hqdefault.jpg","width":480,"height":360},"default":{"url":"https://i.ytimg.com/vi/xRE72GM5orc/default.jpg","width":120,"height":90}},"url":"https://www.youtube.com/watch?v=xRE72GM5orc","searchQuery":"","pageNumber":""},{"videoId":"MQoHsEmdL5Q","name":"重生找首富爹","title":"重生找首富爹","description":"我们强调了视频内容的合规性，绝对没有任何不良引导或危险行为YouTube最全的短剧分享都市、热血、玄幻、逆袭、爽文、女神你 ...","channelTitle":"梦幻沙雕剧场","channelId":"UC--uQBnXkaOyv-RBPLH9yDQ","publishedAt":"2022-12-04T08:00:07","thumbnails":{"medium":{"url":"https://i.ytimg.com/vi/MQoHsEmdL5Q/mqdefault.jpg","width":320,"height":180},"high":{"url":"https://i.ytimg.com/vi/MQoHsEmdL5Q/hqdefault.jpg","width":480,"height":360},"default":{"url":"https://i.ytimg.com/vi/MQoHsEmdL5Q/default.jpg","width":120,"height":90}},"url":"https://www.youtube.com/watch?v=MQoHsEmdL5Q","searchQuery":"","pageNumber":""},{"videoId":"MXlz81bYp7A","name":"神瞳识暗器","title":"神瞳识暗器","description":"【歡迎訂閲】穿越爽劇場https://youtube.com/channel/UCTSktV0WEDk-s34YUP9nINg?si=mNlJfZ5SyW27uZcQ 每日準時更新 ...","channelTitle":"穿越爽劇場ShortTV","channelId":"UCTSktV0WEDk-s34YUP9nINg","publishedAt":"2025-05-31T11:00:37","thumbnails":{"medium":{"url":"https://i.ytimg.com/vi/MXlz81bYp7A/mqdefault.jpg","width":320,"height":180},"high":{"url":"https://i.ytimg.com/vi/MXlz81bYp7A/hqdefault.jpg","width":480,"height":360},"default":{"url":"https://i.ytimg.com/vi/MXlz81bYp7A/default.jpg","width":120,"height":90}},"url":"https://www.youtube.com/watch?v=MXlz81bYp7A","searchQuery":"","pageNumber":""},{"videoId":"nUBzcAigVrQ","name":"绝症总裁的背叛","title":"绝症总裁的背叛","description":"本頻道所有內容均正版授權！ 關註奇遇小短劇，度過一段快樂的人生！ 奇遇小短劇，每天更新最新最精選短劇！ 1.Future TV ...","channelTitle":"奇遇小短劇","channelId":"UCgEklpOMLhKpsfi9NK5YGfw","publishedAt":"2025-06-17T16:01:15","thumbnails":{"medium":{"url":"https://i.ytimg.com/vi/nUBzcAigVrQ/mqdefault.jpg","width":320,"height":180},"high":{"url":"https://i.ytimg.com/vi/nUBzcAigVrQ/hqdefault.jpg","width":480,"height":360},"default":{"url":"https://i.ytimg.com/vi/nUBzcAigVrQ/default.jpg","width":120,"height":90}},"url":"https://www.youtube.com/watch?v=nUBzcAigVrQ","searchQuery":"","pageNumber":""},{"videoId":"oFRnhmALdQE","name":"总裁独选中的她","title":"总裁独选中的她","description":"剧名：  【小菊的春天】   欢迎订阅我的频道：https://www.youtube.com/@UrbanLoveMelody/playlists 完整剧集 ...","channelTitle":"爱的旋律","channelId":"UCC4Z2QV1PA9PaXh5pfssRtg","publishedAt":"2025-06-16T12:01:20","thumbnails":{"medium":{"url":"https://i.ytimg.com/vi/oFRnhmALdQE/mqdefault.jpg","width":320,"height":180},"high":{"url":"https://i.ytimg.com/vi/oFRnhmALdQE/hqdefault.jpg","width":480,"height":360},"default":{"url":"https://i.ytimg.com/vi/oFRnhmALdQE/default.jpg","width":120,"height":90}},"url":"https://www.youtube.com/watch?v=oFRnhmALdQE","searchQuery":"","pageNumber":""},{"videoId":"bpzRMWUr0-s","name":"她的腰肢诱惑","title":"她的腰肢诱惑","description":"欢迎来到追剧酱的频道~ 分享最新鲜的女频小短剧！   如果你也短剧的忠实观众，欢迎点点订阅哦   声明：本频道短剧内容已获正版 ...","channelTitle":"追剧酱来啦💖Here Comes Drama-chan","channelId":"UCE5OpyuylKqxV4YSXRj58ZQ","publishedAt":"2025-06-13T16:00:58","thumbnails":{"medium":{"url":"https://i.ytimg.com/vi/bpzRMWUr0-s/mqdefault.jpg","width":320,"height":180},"high":{"url":"https://i.ytimg.com/vi/bpzRMWUr0-s/hqdefault.jpg","width":480,"height":360},"default":{"url":"https://i.ytimg.com/vi/bpzRMWUr0-s/default.jpg","width":120,"height":90}},"url":"https://www.youtube.com/watch?v=bpzRMWUr0-s","searchQuery":"","pageNumber":""},{"videoId":"P7gP75oZ6hU","name":"人心不足蛇吞象","title":"人心不足蛇吞象","description":"歡迎來到苦艾酒劇場在這裡，每一部短劇都是精心調製的獨特佳釀我們專注於多元題材，滿足你不同時刻的觀劇渴望不管你是忙碌 ...","channelTitle":"苦艾酒剧场","channelId":"UCnFlt6_Ai__zFYicU7913LA","publishedAt":"2025-06-13T02:00:21","thumbnails":{"medium":{"url":"https://i.ytimg.com/vi/P7gP75oZ6hU/mqdefault.jpg","width":320,"height":180},"high":{"url":"https://i.ytimg.com/vi/P7gP75oZ6hU/hqdefault.jpg","width":480,"height":360},"default":{"url":"https://i.ytimg.com/vi/P7gP75oZ6hU/default.jpg","width":120,"height":90}},"url":"https://www.youtube.com/watch?v=P7gP75oZ6hU","searchQuery":"","pageNumber":""},{"videoId":"ewKU_FRxOb4","name":"地摊女设计师","title":"地摊女设计师","description":"Subscribe for more videos: https://www.youtube.com/channel/UCt1T2TTTZq7PC4xJR5wU9Jw? sub_confirmation=1 点击右下角 ...","channelTitle":"追剧inDrama","channelId":"UCt1T2TTTZq7PC4xJR5wU9Jw","publishedAt":"2024-11-06T10:00:38","thumbnails":{"medium":{"url":"https://i.ytimg.com/vi/ewKU_FRxOb4/mqdefault.jpg","width":320,"height":180},"high":{"url":"https://i.ytimg.com/vi/ewKU_FRxOb4/hqdefault.jpg","width":480,"height":360},"default":{"url":"https://i.ytimg.com/vi/ewKU_FRxOb4/default.jpg","width":120,"height":90}},"url":"https://www.youtube.com/watch?v=ewKU_FRxOb4","searchQuery":"","pageNumber":""},{"videoId":"VXTcu0kLmdk","name":"失忆总裁创业","title":"失忆总裁创业","description":"《总裁追爱记》全集: https://bit.ly/3mWYGw8 点击多看好剧: https://bit.ly/3nlFqtZ 导演：韩兆主演：潘长江、韩兆、张大静、邵峰、付 ...","channelTitle":"Chinese Dramas","channelId":"UCv0DCwUxffotSRURCAs5SLw","publishedAt":"2021-01-09T12:05:12","thumbnails":{"medium":{"url":"https://i.ytimg.com/vi/VXTcu0kLmdk/mqdefault.jpg","width":320,"height":180},"high":{"url":"https://i.ytimg.com/vi/VXTcu0kLmdk/hqdefault.jpg","width":480,"height":360},"default":{"url":"https://i.ytimg.com/vi/VXTcu0kLmdk/default.jpg","width":120,"height":90}},"url":"https://www.youtube.com/watch?v=VXTcu0kLmdk","searchQuery":"","pageNumber":""},{"videoId":"51TaXyLDvjo","name":"创业心法分享","title":"创业心法分享","description":"24歲就立志成為Youtuber 也是目前年輕人圈當紅的團體三個麻瓜『小兵』 來聽思維縝密的小兵跟團隊兩位好夥伴方妤、方薆是如何 ...","channelTitle":"人生234 旅遊生活頻道","channelId":"UCuz7KYMZMKRcaCkYCI5zfhA","publishedAt":"2022-10-06T14:00:11","thumbnails":{"medium":{"url":"https://i.ytimg.com/vi/51TaXyLDvjo/mqdefault.jpg","width":320,"height":180},"high":{"url":"https://i.ytimg.com/vi/51TaXyLDvjo/hqdefault.jpg","width":480,"height":360},"default":{"url":"https://i.ytimg.com/vi/51TaXyLDvjo/default.jpg","width":120,"height":90}},"url":"https://www.youtube.com/watch?v=51TaXyLDvjo","searchQuery":"","pageNumber":""},{"videoId":"0TTLAN0S9oQ","name":"舔狗致富系统","title":"舔狗致富系统","description":"欢迎订阅我们的频道Welcome to subscribe to our channel  https://www.youtube.com/@shuangjuzhuizong-c4d ...","channelTitle":"爽劇追蹤 Cool Drama Tracking","channelId":"UCPatyxTXID7fuIbVBrBmNmA","publishedAt":"2025-06-15T05:54:52","thumbnails":{"medium":{"url":"https://i.ytimg.com/vi/0TTLAN0S9oQ/mqdefault.jpg","width":320,"height":180},"high":{"url":"https://i.ytimg.com/vi/0TTLAN0S9oQ/hqdefault.jpg","width":480,"height":360},"default":{"url":"https://i.ytimg.com/vi/0TTLAN0S9oQ/default.jpg","width":120,"height":90}},"url":"https://www.youtube.com/watch?v=0TTLAN0S9oQ","searchQuery":"","pageNumber":""},{"videoId":"QjM8hvE66KA","name":"穿越成昏君","title":"穿越成昏君","description":"本剧内容纯属虚构，仅为剧情创作需要。所涉情节、人物及事件均不代表现实情况，观众朋友们切勿对号入座或信以为真。请大家 ...","channelTitle":"酷喵追剧【容量短剧】","channelId":"UCMRzGsIWIf2JL2opqcIYUYw","publishedAt":"2023-10-27T10:00:32","thumbnails":{"medium":{"url":"https://i.ytimg.com/vi/QjM8hvE66KA/mqdefault.jpg","width":320,"height":180},"high":{"url":"https://i.ytimg.com/vi/QjM8hvE66KA/hqdefault.jpg","width":480,"height":360},"default":{"url":"https://i.ytimg.com/vi/QjM8hvE66KA/default.jpg","width":120,"height":90}},"url":"https://www.youtube.com/watch?v=QjM8hvE66KA","searchQuery":"","pageNumber":""},{"videoId":"R_A5ciIv-W4","name":"大博弈结局","title":"大博弈结局","description":"歡迎訂閱【China Zone 流金歲月】：https://bit.ly/3ee5yr3 【《大博弈》完整版播放列表】：http://bit.ly/3E3eklr 【劇情簡介】：該劇 ...","channelTitle":"China Zone 流金岁月","channelId":"UCUIviOLw7p5R2-KY7KnXkfQ","publishedAt":"2022-12-16T12:00:06","thumbnails":{"medium":{"url":"https://i.ytimg.com/vi/R_A5ciIv-W4/mqdefault.jpg","width":320,"height":180},"high":{"url":"https://i.ytimg.com/vi/R_A5ciIv-W4/hqdefault.jpg","width":480,"height":360},"default":{"url":"https://i.ytimg.com/vi/R_A5ciIv-W4/default.jpg","width":120,"height":90}},"url":"https://www.youtube.com/watch?v=R_A5ciIv-W4","searchQuery":"","pageNumber":""},{"videoId":"4FAFNkB-J4U","name":"总裁追爱记","title":"总裁追爱记","description":"《总裁追爱记》全集: https://bit.ly/3mWYGw8 点击多看好剧: https://bit.ly/3nlFqtZ 导演：韩兆主演：潘长江、韩兆、张大静、邵峰、付 ...","channelTitle":"Chinese Dramas","channelId":"UCv0DCwUxffotSRURCAs5SLw","publishedAt":"2021-01-02T12:07:56","thumbnails":{"medium":{"url":"https://i.ytimg.com/vi/4FAFNkB-J4U/mqdefault.jpg","width":320,"height":180},"high":{"url":"https://i.ytimg.com/vi/4FAFNkB-J4U/hqdefault.jpg","width":480,"height":360},"default":{"url":"https://i.ytimg.com/vi/4FAFNkB-J4U/default.jpg","width":120,"height":90}},"url":"https://www.youtube.com/watch?v=4FAFNkB-J4U","searchQuery":"","pageNumber":""},{"videoId":"QgjQ0KNMl7Q","name":"拔管后的悔恨","title":"拔管后的悔恨","description":"木芽出品必屬精品，正版授權火熱更新中！ 更多精品短劇盡在木芽劇場~ #大女主#全集#白月光#青春#偶像#復仇#瑪麗蘇#高富帥#爽 ...","channelTitle":"木芽劇場DramaBox","channelId":"UCT-vFTNCSc5XfSHFRaFpKdg","publishedAt":"2025-04-24T10:02:42","thumbnails":{"medium":{"url":"https://i.ytimg.com/vi/QgjQ0KNMl7Q/mqdefault.jpg","width":320,"height":180},"high":{"url":"https://i.ytimg.com/vi/QgjQ0KNMl7Q/hqdefault.jpg","width":480,"height":360},"default":{"url":"https://i.ytimg.com/vi/QgjQ0KNMl7Q/default.jpg","width":120,"height":90}},"url":"https://www.youtube.com/watch?v=QgjQ0KNMl7Q","searchQuery":"","pageNumber":""},{"videoId":"5CXMWvxxBN0","name":"玫瑰人生寻爱","title":"玫瑰人生寻爱","description":"都市电视剧#芦芳生#玫瑰之战#王媛可#爱情电视剧#励志电视剧#职场电视剧#商战电视剧#冰雨火剧名：玫瑰人生观看 ...","channelTitle":"追剧不能停","channelId":"UCIf_d5dSDdlzEpCnIfzN53w","publishedAt":"2022-08-31T12:15:10","thumbnails":{"medium":{"url":"https://i.ytimg.com/vi/5CXMWvxxBN0/mqdefault.jpg","width":320,"height":180},"high":{"url":"https://i.ytimg.com/vi/5CXMWvxxBN0/hqdefault.jpg","width":480,"height":360},"default":{"url":"https://i.ytimg.com/vi/5CXMWvxxBN0/default.jpg","width":120,"height":90}},"url":"https://www.youtube.com/watch?v=5CXMWvxxBN0","searchQuery":"","pageNumber":""},{"videoId":"z5pXOBeZhKU","name":"穷小子变富少","title":"穷小子变富少","description":"歡迎訂閲雷凌短劇社No1Drama每日準時更新超多好看無刪減短劇，雷凌短劇只做No1 #ChineseFilm#Chinesemovie#中國電視劇# ...","channelTitle":"雷凌短劇社No1Drama","channelId":"UCWjems-9LdDPKzOANOQ2RQw","publishedAt":"2025-05-31T04:01:10","thumbnails":{"medium":{"url":"https://i.ytimg.com/vi/z5pXOBeZhKU/mqdefault.jpg","width":320,"height":180},"high":{"url":"https://i.ytimg.com/vi/z5pXOBeZhKU/hqdefault.jpg","width":480,"height":360},"default":{"url":"https://i.ytimg.com/vi/z5pXOBeZhKU/default.jpg","width":120,"height":90}},"url":"https://www.youtube.com/watch?v=z5pXOBeZhKU","searchQuery":"","pageNumber":""},{"videoId":"yqI-xGEwIsk","name":"总裁追单身妈","title":"总裁追单身妈","description":"宋轶#吴磊#李兰迪#2023电视剧《你比星辰美丽》全集：https://bit.ly/41QPcaE 点击多看好剧: https://bit.ly/3yMNoSF 导演：牛乐、 ...","channelTitle":"火箭追剧","channelId":"UCw7Z6EULUKE6UP8HL3sN-tg","publishedAt":"2023-04-26T12:02:44","thumbnails":{"medium":{"url":"https://i.ytimg.com/vi/yqI-xGEwIsk/mqdefault.jpg","width":320,"height":180},"high":{"url":"https://i.ytimg.com/vi/yqI-xGEwIsk/hqdefault.jpg","width":480,"height":360},"default":{"url":"https://i.ytimg.com/vi/yqI-xGEwIsk/default.jpg","width":120,"height":90}},"url":"https://www.youtube.com/watch?v=yqI-xGEwIsk","searchQuery":"","pageNumber":""},{"videoId":"kk7lla9_tgA","name":"县委大院拆迁","title":"县委大院拆迁","description":"完整版观看链接：https://www.youtube.com/playlist?list=PL2Vcf2jYz5df83hFJsnme3LpYmoZo8naB ☆欢迎订阅【正午阳光官方 ...","channelTitle":"正午阳光官方频道","channelId":"UCJq6qOdcSF3ZBUeFebC7KFQ","publishedAt":"2022-12-12T16:00:11","thumbnails":{"medium":{"url":"https://i.ytimg.com/vi/kk7lla9_tgA/mqdefault.jpg","width":320,"height":180},"high":{"url":"https://i.ytimg.com/vi/kk7lla9_tgA/hqdefault.jpg","width":480,"height":360},"default":{"url":"https://i.ytimg.com/vi/kk7lla9_tgA/default.jpg","width":120,"height":90}},"url":"https://www.youtube.com/watch?v=kk7lla9_tgA","searchQuery":"","pageNumber":""},{"videoId":"gs3Ah_4tO0g","name":"居家 Vlog 生活","title":"居家 Vlog 生活","description":"朋友们，来啦。本期视频时间有点悠久。看到过年，请大家不要恍惚  hhhhh 我实在是前两个月能vlog的素材太少！所以剪出来拼的 ...","channelTitle":"Rainie Tian","channelId":"UCee3MFDyemuXiKWwPIBBPUg","publishedAt":"2021-04-17T05:37:23","thumbnails":{"medium":{"url":"https://i.ytimg.com/vi/gs3Ah_4tO0g/mqdefault.jpg","width":320,"height":180},"high":{"url":"https://i.ytimg.com/vi/gs3Ah_4tO0g/hqdefault.jpg","width":480,"height":360},"default":{"url":"https://i.ytimg.com/vi/gs3Ah_4tO0g/default.jpg","width":120,"height":90}},"url":"https://www.youtube.com/watch?v=gs3Ah_4tO0g","searchQuery":"","pageNumber":""},{"videoId":"-rzOkPMkCCs","name":"乡村卖梨记","title":"乡村卖梨记","description":"请注意，本视频内容完全符合法律规定，不会涉及对动物的不当对待。 果园的梨子都掉地下烂完了，赶紧拿一些好的去赶场卖掉， ...","channelTitle":"乡村大姐","channelId":"UCmxCktsqkaOTD9yyEyu7mcQ","publishedAt":"2023-10-29T09:30:00","thumbnails":{"medium":{"url":"https://i.ytimg.com/vi/-rzOkPMkCCs/mqdefault.jpg","width":320,"height":180},"high":{"url":"https://i.ytimg.com/vi/-rzOkPMkCCs/hqdefault.jpg","width":480,"height":360},"default":{"url":"https://i.ytimg.com/vi/-rzOkPMkCCs/default.jpg","width":120,"height":90}},"url":"https://www.youtube.com/watch?v=-rzOkPMkCCs","searchQuery":"","pageNumber":""},{"videoId":"HE9zB2mDPJw","name":"县委大院救母","title":"县委大院救母","description":"完整版观看链接：https://www.youtube.com/playlist?list=PL2Vcf2jYz5df83hFJsnme3LpYmoZo8naB ☆欢迎订阅【正午阳光官方 ...","channelTitle":"正午阳光官方频道","channelId":"UCJq6qOdcSF3ZBUeFebC7KFQ","publishedAt":"2022-12-19T16:00:08","thumbnails":{"medium":{"url":"https://i.ytimg.com/vi/HE9zB2mDPJw/mqdefault.jpg","width":320,"height":180},"high":{"url":"https://i.ytimg.com/vi/HE9zB2mDPJw/hqdefault.jpg","width":480,"height":360},"default":{"url":"https://i.ytimg.com/vi/HE9zB2mDPJw/default.jpg","width":120,"height":90}},"url":"https://www.youtube.com/watch?v=HE9zB2mDPJw","searchQuery":"","pageNumber":""},{"videoId":"sxG4h1G6tYc","name":"五崽找爹地","title":"五崽找爹地","description":"本劇內容純屬虛構，僅為劇情創作需要。所涉情節、人物及事件均不代表現實情況，觀眾朋友們切勿對號入座或信以為真。請大家 ...","channelTitle":"甜甜追短劇","channelId":"UCpBX68IZc8hqpjKIa13rFVg","publishedAt":"2025-05-09T10:45:13","thumbnails":{"medium":{"url":"https://i.ytimg.com/vi/sxG4h1G6tYc/mqdefault.jpg","width":320,"height":180},"high":{"url":"https://i.ytimg.com/vi/sxG4h1G6tYc/hqdefault.jpg","width":480,"height":360},"default":{"url":"https://i.ytimg.com/vi/sxG4h1G6tYc/default.jpg","width":120,"height":90}},"url":"https://www.youtube.com/watch?v=sxG4h1G6tYc","searchQuery":"","pageNumber":""},{"videoId":"pKC4R5Z4rDY","name":"麓山之歌印尼","title":"麓山之歌印尼","description":"Selamat datang di channel KUKAN Drama Bahasa Indonesia~ Ayo langsung subscribe untuk update drama China dengan ...","channelTitle":"KUKAN Drama Bahasa Indonesia","channelId":"UCl_d9Cb8B_m1IC8g1yfEgiQ","publishedAt":"2023-08-02T05:30:09","thumbnails":{"medium":{"url":"https://i.ytimg.com/vi/pKC4R5Z4rDY/mqdefault.jpg","width":320,"height":180},"high":{"url":"https://i.ytimg.com/vi/pKC4R5Z4rDY/hqdefault.jpg","width":480,"height":360},"default":{"url":"https://i.ytimg.com/vi/pKC4R5Z4rDY/default.jpg","width":120,"height":90}},"url":"https://www.youtube.com/watch?v=pKC4R5Z4rDY","searchQuery":"","pageNumber":""},{"videoId":"wILAnhwFN5A","name":"君九龄权谋","title":"君九龄权谋","description":"加入会员：http://bit.ly/youkumembership 提前收看   【FULL】君九龄Jun Jiu Ling | 彭小苒/金瀚/杜亚飞/王佑硕| 古装/剧情| 优酷宠爱 ...","channelTitle":"YOUKU ROMANCE-Get APP now","channelId":"UCzWUqYV4pst04ekfnJq0AOQ","publishedAt":"2021-11-02T12:00:13","thumbnails":{"medium":{"url":"https://i.ytimg.com/vi/wILAnhwFN5A/mqdefault.jpg","width":320,"height":180},"high":{"url":"https://i.ytimg.com/vi/wILAnhwFN5A/hqdefault.jpg","width":480,"height":360},"default":{"url":"https://i.ytimg.com/vi/wILAnhwFN5A/default.jpg","width":120,"height":90}},"url":"https://www.youtube.com/watch?v=wILAnhwFN5A","searchQuery":"","pageNumber":""},{"videoId":"U99ScC9kp_8","name":"华盛股市分析","title":"华盛股市分析","description":"炒牛通#中電信#騰訊華盛大派HK$2000，同朋友仔捉緊入場好時機！ 仲等咩？   【華盛最新開戶優惠】： 活動日期:2023年3月8 ...","channelTitle":"唐牛","channelId":"UCLwEpfQ6w1d-MUVlAS86QcQ","publishedAt":"2023-03-22T16:15:06","thumbnails":{"medium":{"url":"https://i.ytimg.com/vi/U99ScC9kp_8/mqdefault.jpg","width":320,"height":180},"high":{"url":"https://i.ytimg.com/vi/U99ScC9kp_8/hqdefault.jpg","width":480,"height":360},"default":{"url":"https://i.ytimg.com/vi/U99ScC9kp_8/default.jpg","width":120,"height":90}},"url":"https://www.youtube.com/watch?v=U99ScC9kp_8","searchQuery":"","pageNumber":""},{"videoId":"Gr4Lw90WbSA","name":"遵命老板娘","title":"遵命老板娘","description":"欢迎订阅【芒果TV大芒频道】   https://bit.ly/MGTVShortplay 更多高甜特辑：https://bit.ly/3tkCEdh 简介：“百事通达”的幕后大老板江 ...","channelTitle":"芒果TV大芒 MangoTV Short Play","channelId":"UCg-xMwrK4qE0uwZL0aoYBXw","publishedAt":"2022-08-10T12:00:11","thumbnails":{"medium":{"url":"https://i.ytimg.com/vi/Gr4Lw90WbSA/mqdefault.jpg","width":320,"height":180},"high":{"url":"https://i.ytimg.com/vi/Gr4Lw90WbSA/hqdefault.jpg","width":480,"height":360},"default":{"url":"https://i.ytimg.com/vi/Gr4Lw90WbSA/default.jpg","width":120,"height":90}},"url":"https://www.youtube.com/watch?v=Gr4Lw90WbSA","searchQuery":"","pageNumber":""},{"videoId":"EMqOO95vxGs","name":"大博弈感情纠葛","title":"大博弈感情纠葛","description":"谭凯柯蓝夫妻矛盾升级众人撮合秦昊万茜一对《大博弈Game of Wisdom》 【剧情简介】：该剧通过讲述几代人波澜壮阔的奋斗史， ...","channelTitle":"China Zone 剧乐部","channelId":"UC0jYsshDZfOBZC9nIJn94Cg","publishedAt":"2022-11-28T14:00:07","thumbnails":{"medium":{"url":"https://i.ytimg.com/vi/EMqOO95vxGs/mqdefault.jpg","width":320,"height":180},"high":{"url":"https://i.ytimg.com/vi/EMqOO95vxGs/hqdefault.jpg","width":480,"height":360},"default":{"url":"https://i.ytimg.com/vi/EMqOO95vxGs/default.jpg","width":120,"height":90}},"url":"https://www.youtube.com/watch?v=EMqOO95vxGs","searchQuery":"","pageNumber":""},{"videoId":"22dSo_5v0jY","name":"突围的巨款谜","title":"突围的巨款谜","description":"5亿巨额资金下落不明，一次次交易背后又隐藏着什么秘密。一场爆炸，为国企发展敲响了警钟。全力以赴的改革之路，谁又终将突出 ...","channelTitle":"Youhug Media Official Channel 耀客文化官方频道","channelId":"UCjVzBodPWE3BOwHIfzTkirA","publishedAt":"2021-11-13T13:50:12","thumbnails":{"medium":{"url":"https://i.ytimg.com/vi/22dSo_5v0jY/mqdefault.jpg","width":320,"height":180},"high":{"url":"https://i.ytimg.com/vi/22dSo_5v0jY/hqdefault.jpg","width":480,"height":360},"default":{"url":"https://i.ytimg.com/vi/22dSo_5v0jY/default.jpg","width":120,"height":90}},"url":"https://www.youtube.com/watch?v=22dSo_5v0jY","searchQuery":"","pageNumber":""},{"videoId":"qUkCfgw1t8c","name":"被遗忘的时光","title":"被遗忘的时光","description":"蓝盈莹范丞丞执守时光，寻找失去的记忆！欢迎订阅【芒果TV季风频道】：https://bit.ly/MGTVMonsoon 加入频道 ...","channelTitle":"芒果TV季风频道 MangoTV Monsoon","channelId":"UCRz2q_Q5hEko-kmCE2KKM3w","publishedAt":"2022-08-24T11:00:11","thumbnails":{"medium":{"url":"https://i.ytimg.com/vi/qUkCfgw1t8c/mqdefault.jpg","width":320,"height":180},"high":{"url":"https://i.ytimg.com/vi/qUkCfgw1t8c/hqdefault.jpg","width":480,"height":360},"default":{"url":"https://i.ytimg.com/vi/qUkCfgw1t8c/default.jpg","width":120,"height":90}},"url":"https://www.youtube.com/watch?v=qUkCfgw1t8c","searchQuery":"","pageNumber":""},{"videoId":"Hw7nfhpI0yY","name":"突围的真相","title":"突围的真相","description":"5亿巨额资金下落不明，一次次交易背后又隐藏着什么秘密。一场爆炸，为国企发展敲响了警钟。全力以赴的改革之路，谁又终将突出 ...","channelTitle":"Youhug Media Official Channel 耀客文化官方频道","channelId":"UCjVzBodPWE3BOwHIfzTkirA","publishedAt":"2021-11-08T13:30:11","thumbnails":{"medium":{"url":"https://i.ytimg.com/vi/Hw7nfhpI0yY/mqdefault.jpg","width":320,"height":180},"high":{"url":"https://i.ytimg.com/vi/Hw7nfhpI0yY/hqdefault.jpg","width":480,"height":360},"default":{"url":"https://i.ytimg.com/vi/Hw7nfhpI0yY/default.jpg","width":120,"height":90}},"url":"https://www.youtube.com/watch?v=Hw7nfhpI0yY","searchQuery":"","pageNumber":""},{"videoId":"tKvF8Jr3UO0","name":"小辣媳的复仇","title":"小辣媳的复仇","description":"本视频是一部原创拍摄的短剧，完全符合YouTube社区准则。 大家好，我是包沙雕这是我在YouTube上的唯一频道我不SD，是动画 ...","channelTitle":"包沙雕动画","channelId":"UCSJPX_p88jQVIsJ9sE2jR1A","publishedAt":"2023-08-26T12:00:45","thumbnails":{"medium":{"url":"https://i.ytimg.com/vi/tKvF8Jr3UO0/mqdefault.jpg","width":320,"height":180},"high":{"url":"https://i.ytimg.com/vi/tKvF8Jr3UO0/hqdefault.jpg","width":480,"height":360},"default":{"url":"https://i.ytimg.com/vi/tKvF8Jr3UO0/default.jpg","width":120,"height":90}},"url":"https://www.youtube.com/watch?v=tKvF8Jr3UO0","searchQuery":"","pageNumber":""},{"videoId":"XR8hGhOINJs","name":"渔女成御厨","title":"渔女成御厨","description":"欢迎来到风铃短剧社  ~ 专治各种剧荒，承包你的追剧快乐！   喜欢的话记得订阅+小铃铛，更新不错过~   （所有剧目均获正版授权 ...","channelTitle":"风铃短剧社","channelId":"UCNQRgJz7SauyEyL3rSP84bA","publishedAt":"2025-06-13T10:00:52","thumbnails":{"medium":{"url":"https://i.ytimg.com/vi/XR8hGhOINJs/mqdefault.jpg","width":320,"height":180},"high":{"url":"https://i.ytimg.com/vi/XR8hGhOINJs/hqdefault.jpg","width":480,"height":360},"default":{"url":"https://i.ytimg.com/vi/XR8hGhOINJs/default.jpg","width":120,"height":90}},"url":"https://www.youtube.com/watch?v=XR8hGhOINJs","searchQuery":"","pageNumber":""},{"videoId":"4i-1WuXkTac","name":"对手过家家","title":"对手过家家","description":"Download WeTV APP to enjoy more: https://lihi.cc/vkG7H ▷Welcome to subscribe and enjoy more mini-drama: ...","channelTitle":"腾讯视频 - 精选微剧 - Get the WeTV APP","channelId":"UC1hwUPyQe5uFYtkmVv-hIig","publishedAt":"2024-05-31T15:00:21","thumbnails":{"medium":{"url":"https://i.ytimg.com/vi/4i-1WuXkTac/mqdefault.jpg","width":320,"height":180},"high":{"url":"https://i.ytimg.com/vi/4i-1WuXkTac/hqdefault.jpg","width":480,"height":360},"default":{"url":"https://i.ytimg.com/vi/4i-1WuXkTac/default.jpg","width":120,"height":90}},"url":"https://www.youtube.com/watch?v=4i-1WuXkTac","searchQuery":"","pageNumber":""},{"videoId":"wr4lmqqMwMI","name":"突围的揭秘","title":"突围的揭秘","description":"5亿巨额资金下落不明，一次次交易背后又隐藏着什么秘密。一场爆炸，为国企发展敲响了警钟。全力以赴的改革之路，谁又终将突出 ...","channelTitle":"Youhug Media Official Channel 耀客文化官方频道","channelId":"UCjVzBodPWE3BOwHIfzTkirA","publishedAt":"2021-11-05T13:00:12","thumbnails":{"medium":{"url":"https://i.ytimg.com/vi/wr4lmqqMwMI/mqdefault.jpg","width":320,"height":180},"high":{"url":"https://i.ytimg.com/vi/wr4lmqqMwMI/hqdefault.jpg","width":480,"height":360},"default":{"url":"https://i.ytimg.com/vi/wr4lmqqMwMI/default.jpg","width":120,"height":90}},"url":"https://www.youtube.com/watch?v=wr4lmqqMwMI","searchQuery":"","pageNumber":""},{"videoId":"TXzhR_mpkoQ","name":"花开无忧亲情","title":"花开无忧亲情","description":"本剧列表：https://www.youtube.com/playlist?list=PLCHqFxaYiYUcV12xgc_EyinzEB10kvlPd 频道 ...","channelTitle":"国剧大本营","channelId":"UCNiwxMjVqcf2X3VIDvZEsHA","publishedAt":"2024-02-14T11:00:17","thumbnails":{"medium":{"url":"https://i.ytimg.com/vi/TXzhR_mpkoQ/mqdefault.jpg","width":320,"height":180},"high":{"url":"https://i.ytimg.com/vi/TXzhR_mpkoQ/hqdefault.jpg","width":480,"height":360},"default":{"url":"https://i.ytimg.com/vi/TXzhR_mpkoQ/default.jpg","width":120,"height":90}},"url":"https://www.youtube.com/watch?v=TXzhR_mpkoQ","searchQuery":"","pageNumber":""},{"videoId":"opr3oakarzM","name":"妻子的复仇","title":"妻子的复仇","description":"《妻子的复仇》全集：https://bit.ly/2PnrLpt 点击多看好剧：https://bit.ly/2CX5CqP​ 导演: 余丁主演: 柳岩， 毛林林， 周一围《妻子的 ...","channelTitle":"精彩中剧","channelId":"UC_NAQjZDElqmNDpbJjxjKww","publishedAt":"2021-03-23T12:06:40","thumbnails":{"medium":{"url":"https://i.ytimg.com/vi/opr3oakarzM/mqdefault.jpg","width":320,"height":180},"high":{"url":"https://i.ytimg.com/vi/opr3oakarzM/hqdefault.jpg","width":480,"height":360},"default":{"url":"https://i.ytimg.com/vi/opr3oakarzM/default.jpg","width":120,"height":90}},"url":"https://www.youtube.com/watch?v=opr3oakarzM","searchQuery":"","pageNumber":""},{"videoId":"k4vIn86gzCk","name":"灰姑娘的逆袭","title":"灰姑娘的逆袭","description":"成为此频道的会员即可获享以下福利： https://www.youtube.com/channel/UC3EWyNiOL9Y0p0m_VSvDwwA/join 劇好 ...","channelTitle":"劇好追","channelId":"UC3EWyNiOL9Y0p0m_VSvDwwA","publishedAt":"2023-12-15T02:00:18","thumbnails":{"medium":{"url":"https://i.ytimg.com/vi/k4vIn86gzCk/mqdefault.jpg","width":320,"height":180},"high":{"url":"https://i.ytimg.com/vi/k4vIn86gzCk/hqdefault.jpg","width":480,"height":360},"default":{"url":"https://i.ytimg.com/vi/k4vIn86gzCk/default.jpg","width":120,"height":90}},"url":"https://www.youtube.com/watch?v=k4vIn86gzCk","searchQuery":"","pageNumber":""},{"videoId":"nk0_AAlpv-s","name":"二十不惑爱恋","title":"二十不惑爱恋","description":"歡迎訂閱【檸萌影業】頻道/Subscribe now to watch more dramas：https://bit.ly/3FoZeb3 《二十不惑2》 Twenty Your Life On ...","channelTitle":"柠萌影视官方频道 Linmon Media Official Channel -欢迎订阅-","channelId":"UCl4MuQw_QKIn1f7bxowHTtQ","publishedAt":"2023-02-28T12:00:07","thumbnails":{"medium":{"url":"https://i.ytimg.com/vi/nk0_AAlpv-s/mqdefault.jpg","width":320,"height":180},"high":{"url":"https://i.ytimg.com/vi/nk0_AAlpv-s/hqdefault.jpg","width":480,"height":360},"default":{"url":"https://i.ytimg.com/vi/nk0_AAlpv-s/default.jpg","width":120,"height":90}},"url":"https://www.youtube.com/watch?v=nk0_AAlpv-s","searchQuery":"","pageNumber":""},{"videoId":"mHkW1bC3j_A","name":"兄弟的爱恋","title":"兄弟的爱恋","description":"bl #boylove #男男#BL #bl #校园#blseries #青春#偶像剧#偶像#恋爱#kiss #青春校园#gay #CP #这次换我先回头#李一沐#扣卫 ...","channelTitle":"火火剧透社-FireDrama","channelId":"UCKBurM_N8cRzov5y2nFudGQ","publishedAt":"2025-05-25T13:00:06","thumbnails":{"medium":{"url":"https://i.ytimg.com/vi/mHkW1bC3j_A/mqdefault.jpg","width":320,"height":180},"high":{"url":"https://i.ytimg.com/vi/mHkW1bC3j_A/hqdefault.jpg","width":480,"height":360},"default":{"url":"https://i.ytimg.com/vi/mHkW1bC3j_A/default.jpg","width":120,"height":90}},"url":"https://www.youtube.com/watch?v=mHkW1bC3j_A","searchQuery":"","pageNumber":""},{"videoId":"UbPJidqgvFI","name":"熊家餐馆合集","title":"熊家餐馆合集","description":"0:00 第一季劇情解析31:10 第二季劇情解析44:06 娜嬸一展歌喉48:02 熊家餐廳前傳之熊媽之怒1:12:15 熊家餐廳重新開張1:18:50 ...","channelTitle":"露天電影院","channelId":"UCXEsn5BjHvqJlj-WC6Zkfxg","publishedAt":"2023-08-08T10:06:14","thumbnails":{"medium":{"url":"https://i.ytimg.com/vi/UbPJidqgvFI/mqdefault.jpg","width":320,"height":180},"high":{"url":"https://i.ytimg.com/vi/UbPJidqgvFI/hqdefault.jpg","width":480,"height":360},"default":{"url":"https://i.ytimg.com/vi/UbPJidqgvFI/default.jpg","width":120,"height":90}},"url":"https://www.youtube.com/watch?v=UbPJidqgvFI","searchQuery":"","pageNumber":""},{"videoId":"Nre58azDv3E","name":"英语瓶颈突破","title":"英语瓶颈突破","description":"Patreon 每月學習計劃▻ https://bit.ly/3fZcjID 【成人英語再起步】網上課程▻ http://bit.ly/2We1n2Q 訂閱電郵通訊▻ ...","channelTitle":"與芬尼學英語 Tiffany teaches English","channelId":"UCHkPJ7O9LLjEntwbsgn5TOg","publishedAt":"2020-09-28T14:52:11","thumbnails":{"medium":{"url":"https://i.ytimg.com/vi/Nre58azDv3E/mqdefault.jpg","width":320,"height":180},"high":{"url":"https://i.ytimg.com/vi/Nre58azDv3E/hqdefault.jpg","width":480,"height":360},"default":{"url":"https://i.ytimg.com/vi/Nre58azDv3E/default.jpg","width":120,"height":90}},"url":"https://www.youtube.com/watch?v=Nre58azDv3E","searchQuery":"","pageNumber":""},{"videoId":"pjH8hec_IqA","name":"错缘千金联姻","title":"错缘千金联姻","description":"Chinesedramas#2023电视剧#爱情剧《错缘千金》全集: https://bit.ly/3YJnN9k 点击多看好剧: https://bit.ly/3BmVYaV 导演：袁英明 ...","channelTitle":"Chinese Dramas","channelId":"UCv0DCwUxffotSRURCAs5SLw","publishedAt":"2023-02-13T12:08:33","thumbnails":{"medium":{"url":"https://i.ytimg.com/vi/pjH8hec_IqA/mqdefault.jpg","width":320,"height":180},"high":{"url":"https://i.ytimg.com/vi/pjH8hec_IqA/hqdefault.jpg","width":480,"height":360},"default":{"url":"https://i.ytimg.com/vi/pjH8hec_IqA/default.jpg","width":120,"height":90}},"url":"https://www.youtube.com/watch?v=pjH8hec_IqA","searchQuery":"","pageNumber":""},{"videoId":"-f08AI59kps","name":"梦中的那片海","title":"梦中的那片海","description":"Download \"WeTV / Tencent Video (for The US)\" APP to watch more episodes https://wetv.vip/ ▷加入会员 Join Membership Now ...","channelTitle":"腾讯视频 - Get the WeTV APP","channelId":"UCQatgKoA7lylp_UzvsLCgcw","publishedAt":"2023-06-15T11:30:00","thumbnails":{"medium":{"url":"https://i.ytimg.com/vi/-f08AI59kps/mqdefault.jpg","width":320,"height":180},"high":{"url":"https://i.ytimg.com/vi/-f08AI59kps/hqdefault.jpg","width":480,"height":360},"default":{"url":"https://i.ytimg.com/vi/-f08AI59kps/default.jpg","width":120,"height":90}},"url":"https://www.youtube.com/watch?v=-f08AI59kps","searchQuery":"","pageNumber":""},{"videoId":"6XRRu2kH2S0","name":"木匠人生创业","title":"木匠人生创业","description":"订阅链接：https://www.youtube.com/channel/UCEd23ijuQjCR4Z4C7wvdaVQ?sub_confirmation=1 大家好，我是晓岚不勇敢这是 ...","channelTitle":"晓岚不勇敢","channelId":"UCEd23ijuQjCR4Z4C7wvdaVQ","publishedAt":"2023-09-02T10:30:01","thumbnails":{"medium":{"url":"https://i.ytimg.com/vi/6XRRu2kH2S0/mqdefault.jpg","width":320,"height":180},"high":{"url":"https://i.ytimg.com/vi/6XRRu2kH2S0/hqdefault.jpg","width":480,"height":360},"default":{"url":"https://i.ytimg.com/vi/6XRRu2kH2S0/default.jpg","width":120,"height":90}},"url":"https://www.youtube.com/watch?v=6XRRu2kH2S0","searchQuery":"","pageNumber":""},{"videoId":"8Ty2Ftnnu9k","name":"闪婚慕总的影后","title":"闪婚慕总的影后","description":"【云阙短剧】每日更新！致力於為大家提供驚險刺激的短視頻，所有短視頻都是熱門小說改編而成，關註免費看大結局！ #熱播短劇# ...","channelTitle":"云阙短剧","channelId":"UCX-aRQ8LjZ_Gp448l3iq_Ow","publishedAt":"2023-10-14T10:00:10","thumbnails":{"medium":{"url":"https://i.ytimg.com/vi/8Ty2Ftnnu9k/mqdefault.jpg","width":320,"height":180},"high":{"url":"https://i.ytimg.com/vi/8Ty2Ftnnu9k/hqdefault.jpg","width":480,"height":360},"default":{"url":"https://i.ytimg.com/vi/8Ty2Ftnnu9k/default.jpg","width":120,"height":90}},"url":"https://www.youtube.com/watch?v=8Ty2Ftnnu9k","searchQuery":"","pageNumber":""},{"videoId":"5CQckaEF-6c","name":"星辰美丽追妻","title":"星辰美丽追妻","description":"宋轶#吴磊#李兰迪#2023电视剧《你比星辰美丽》全集：https://bit.ly/41QPcaE 点击多看好剧: https://bit.ly/3yMNoSF 导演：牛乐、 ...","channelTitle":"火箭追剧","channelId":"UCw7Z6EULUKE6UP8HL3sN-tg","publishedAt":"2023-04-25T12:00:11","thumbnails":{"medium":{"url":"https://i.ytimg.com/vi/5CQckaEF-6c/mqdefault.jpg","width":320,"height":180},"high":{"url":"https://i.ytimg.com/vi/5CQckaEF-6c/hqdefault.jpg","width":480,"height":360},"default":{"url":"https://i.ytimg.com/vi/5CQckaEF-6c/default.jpg","width":120,"height":90}},"url":"https://www.youtube.com/watch?v=5CQckaEF-6c","searchQuery":"","pageNumber":""},{"videoId":"uBhrI0byeIc","name":"孕妇的生命承担","title":"孕妇的生命承担","description":"曾志豪, 鄧明儀: 醫生對孕婦同生命嘅承擔好大，明知要停止懷孕母親仍然要生！(爸媽講呢啲D100) MaMeShare 主持：曾志豪， ...","channelTitle":"D100 Radio","channelId":"UCbmZSNWyEoM2xtWhbHRPo3w","publishedAt":"2019-05-31T23:30:02","thumbnails":{"medium":{"url":"https://i.ytimg.com/vi/uBhrI0byeIc/mqdefault.jpg","width":320,"height":180},"high":{"url":"https://i.ytimg.com/vi/uBhrI0byeIc/hqdefault.jpg","width":480,"height":360},"default":{"url":"https://i.ytimg.com/vi/uBhrI0byeIc/default.jpg","width":120,"height":90}},"url":"https://www.youtube.com/watch?v=uBhrI0byeIc","searchQuery":"","pageNumber":""},{"videoId":"w4i0folV4OA","name":"妻子的复仇结局","title":"妻子的复仇结局","description":"《妻子的复仇》全集：https://bit.ly/2PnrLpt 点击多看好剧：https://bit.ly/2CX5CqP​ 导演: 余丁主演: 柳岩， 毛林林， 周一围《妻子的 ...","channelTitle":"精彩中剧","channelId":"UC_NAQjZDElqmNDpbJjxjKww","publishedAt":"2021-03-30T12:09:37","thumbnails":{"medium":{"url":"https://i.ytimg.com/vi/w4i0folV4OA/mqdefault.jpg","width":320,"height":180},"high":{"url":"https://i.ytimg.com/vi/w4i0folV4OA/hqdefault.jpg","width":480,"height":360},"default":{"url":"https://i.ytimg.com/vi/w4i0folV4OA/default.jpg","width":120,"height":90}},"url":"https://www.youtube.com/watch?v=w4i0folV4OA","searchQuery":"","pageNumber":""},{"videoId":"4yKCHa4EPfY","name":"星辰美丽追爱","title":"星辰美丽追爱","description":"宋轶#吴磊#李兰迪#2023电视剧《你比星辰美丽》全集：https://bit.ly/41QPcaE 点击多看好剧: https://bit.ly/3yMNoSF 导演：牛乐、 ...","channelTitle":"火箭追剧","channelId":"UCw7Z6EULUKE6UP8HL3sN-tg","publishedAt":"2023-04-25T12:00:12","thumbnails":{"medium":{"url":"https://i.ytimg.com/vi/4yKCHa4EPfY/mqdefault.jpg","width":320,"height":180},"high":{"url":"https://i.ytimg.com/vi/4yKCHa4EPfY/hqdefault.jpg","width":480,"height":360},"default":{"url":"https://i.ytimg.com/vi/4yKCHa4EPfY/default.jpg","width":120,"height":90}},"url":"https://www.youtube.com/watch?v=4yKCHa4EPfY","searchQuery":"","pageNumber":""},{"videoId":"fSgP1vP2lY4","name":"星辰美丽爱恋","title":"星辰美丽爱恋","description":"宋轶#吴磊#李兰迪#2023电视剧《你比星辰美丽》全集：https://bit.ly/41QPcaE 点击多看好剧: https://bit.ly/3yMNoSF 导演：牛乐、 ...","channelTitle":"火箭追剧","channelId":"UCw7Z6EULUKE6UP8HL3sN-tg","publishedAt":"2023-04-25T12:00:12","thumbnails":{"medium":{"url":"https://i.ytimg.com/vi/fSgP1vP2lY4/mqdefault.jpg","width":320,"height":180},"high":{"url":"https://i.ytimg.com/vi/fSgP1vP2lY4/hqdefault.jpg","width":480,"height":360},"default":{"url":"https://i.ytimg.com/vi/fSgP1vP2lY4/default.jpg","width":120,"height":90}},"url":"https://www.youtube.com/watch?v=fSgP1vP2lY4","searchQuery":"","pageNumber":""},{"videoId":"6Kjzynhn370","name":"首富救养母","title":"首富救养母","description":"大家好，我是小嫻，分享從城市到鄉村，大街到小巷的婚姻、家庭、愛情故事。歡迎大家支持訂閱我的頻道，看完記得點擊一下讚~再 ...","channelTitle":"小嫻說故事","channelId":"UCn2VL9eq2taib0aXWWKCqFA","publishedAt":"2023-10-03T01:23:10","thumbnails":{"medium":{"url":"https://i.ytimg.com/vi/6Kjzynhn370/mqdefault.jpg","width":320,"height":180},"high":{"url":"https://i.ytimg.com/vi/6Kjzynhn370/hqdefault.jpg","width":480,"height":360},"default":{"url":"https://i.ytimg.com/vi/6Kjzynhn370/default.jpg","width":120,"height":90}},"url":"https://www.youtube.com/watch?v=6Kjzynhn370","searchQuery":"","pageNumber":""},{"videoId":"DZMbn1XNsgo","name":"第二次人生逆袭","title":"第二次人生逆袭","description":"《第二次人生THE SECOND LIFE》:https://www.youtube.com/playlist?list=PLkMtr4Yvj1xKM-N71vV4pLuyWCyekIhCV ❤️KUKAN ...","channelTitle":"酷看青春剧场 - KUKAN Drama Romance","channelId":"UCFSdTm2FE4BDThV3omA4UIA","publishedAt":"2023-06-21T12:30:11","thumbnails":{"medium":{"url":"https://i.ytimg.com/vi/DZMbn1XNsgo/mqdefault.jpg","width":320,"height":180},"high":{"url":"https://i.ytimg.com/vi/DZMbn1XNsgo/hqdefault.jpg","width":480,"height":360},"default":{"url":"https://i.ytimg.com/vi/DZMbn1XNsgo/default.jpg","width":120,"height":90}},"url":"https://www.youtube.com/watch?v=DZMbn1XNsgo","searchQuery":"","pageNumber":""},{"videoId":"5HBdBXuwACY","name":"诱你入怀救赎","title":"诱你入怀救赎","description":"这里有最新最热门的短剧视频     全网热门短剧每日更新！ 专注「复仇爽剧+甜宠虐恋+逆袭打脸」高能合集，拯救你的剧荒！","channelTitle":"小爱推文","channelId":"UCnq0mZlqQH9qST3mVVcEySA","publishedAt":"2025-06-19T04:52:33","thumbnails":{"medium":{"url":"https://i.ytimg.com/vi/5HBdBXuwACY/mqdefault.jpg","width":320,"height":180},"high":{"url":"https://i.ytimg.com/vi/5HBdBXuwACY/hqdefault.jpg","width":480,"height":360},"default":{"url":"https://i.ytimg.com/vi/5HBdBXuwACY/default.jpg","width":120,"height":90}},"url":"https://www.youtube.com/watch?v=5HBdBXuwACY","searchQuery":"","pageNumber":""},{"videoId":"py_oH3MZ3IQ","name":"从爱情到幸福","title":"从爱情到幸福","description":"【正版授权】 欢迎订阅@c_ramastore：https://youtube.com/@c_ramastore?si=PNr8kEwV4iBu75kw 点击看全集（Click to watch ...","channelTitle":"观影便利店","channelId":"UCRmd6K-MDMjFuI1RViEKBkA","publishedAt":"2025-06-19T12:01:34","thumbnails":{"medium":{"url":"https://i.ytimg.com/vi/py_oH3MZ3IQ/mqdefault.jpg","width":320,"height":180},"high":{"url":"https://i.ytimg.com/vi/py_oH3MZ3IQ/hqdefault.jpg","width":480,"height":360},"default":{"url":"https://i.ytimg.com/vi/py_oH3MZ3IQ/default.jpg","width":120,"height":90}},"url":"https://www.youtube.com/watch?v=py_oH3MZ3IQ","searchQuery":"","pageNumber":""}]