[{"videoId":"iA5RRTdbKnc","name":"그림자 속의 고양이","title":"그림자 속의 고양이","description":"iQiyi 앱을 다운로드하시면, 전편을 한글 자막으로 무료 시청하실 수 있습니다. website：http://bit.ly/iQiyiweb app：http://bit.ly/iqappkrf ...","channelTitle":"iQIYI Korea - Get the iQIYI APP","channelId":"UCe_jHM7FDRmcl22GSjrbYug","publishedAt":"2021-07-14T11:30:11","thumbnails":{"medium":{"url":"https://i.ytimg.com/vi/iA5RRTdbKnc/mqdefault.jpg","width":320,"height":180},"high":{"url":"https://i.ytimg.com/vi/iA5RRTdbKnc/hqdefault.jpg","width":480,"height":360},"default":{"url":"https://i.ytimg.com/vi/iA5RRTdbKnc/default.jpg","width":120,"height":90}},"url":"https://www.youtube.com/watch?v=iA5RRTdbKnc","searchQuery":"","pageNumber":""},{"videoId":"6LZe1xyaMzE","name":"입으로 세상을 뒤집은 아기","title":"입으로 세상을 뒤집은 아기","description":"전생엔 신들을 다스리던 신녀였던 그녀, 이번 생엔… 갓난아기로 환생했다?! ✨ 하지만 입 하나로 세상의 운명을 바꾸는 '말빨 천재 ...","channelTitle":"러브 시어터","channelId":"UCxOj3AO6enP40vjpdS6eZlg","publishedAt":"2025-10-16T08:45:00","thumbnails":{"medium":{"url":"https://i.ytimg.com/vi/6LZe1xyaMzE/mqdefault.jpg","width":320,"height":180},"high":{"url":"https://i.ytimg.com/vi/6LZe1xyaMzE/hqdefault.jpg","width":480,"height":360},"default":{"url":"https://i.ytimg.com/vi/6LZe1xyaMzE/default.jpg","width":120,"height":90}},"url":"https://www.youtube.com/watch?v=6LZe1xyaMzE","searchQuery":"","pageNumber":""},{"videoId":"To4SVMVZ_OQ","name":"금기","title":"금기","description":"중국 드라마 장상사 Playlist를 들으러 오신 여러분 환영합니다.   타임라인˚ 00:00 偏爱人间烟火아름다운 불꽃놀이를 ...","channelTitle":"𝐦𝐢𝒏𝙜𝐳𝐢","channelId":"UC9k-tzyrP87cECLkBFrm3_g","publishedAt":"2025-06-25T19:23:23","thumbnails":{"medium":{"url":"https://i.ytimg.com/vi/To4SVMVZ_OQ/mqdefault.jpg","width":320,"height":180},"high":{"url":"https://i.ytimg.com/vi/To4SVMVZ_OQ/hqdefault.jpg","width":480,"height":360},"default":{"url":"https://i.ytimg.com/vi/To4SVMVZ_OQ/default.jpg","width":120,"height":90}},"url":"https://www.youtube.com/watch?v=To4SVMVZ_OQ","searchQuery":"","pageNumber":""},{"videoId":"FH0pw9LAiik","name":"비의 로맨스","title":"비의 로맨스","description":"비 오는 날은 로맨틱 판타지 드라마 BGM 듣기! [Playlist] 오늘은 여러분과 함께 로맨틱 판타지 드라마의 감성을 가득 담은 BGM을 ...","channelTitle":"🎵드라마인생BGM🎵","channelId":"UC3ulafBrvQ1yBmEPjmOBAjA","publishedAt":"2024-09-26T03:00:09","thumbnails":{"medium":{"url":"https://i.ytimg.com/vi/FH0pw9LAiik/mqdefault.jpg","width":320,"height":180},"high":{"url":"https://i.ytimg.com/vi/FH0pw9LAiik/hqdefault.jpg","width":480,"height":360},"default":{"url":"https://i.ytimg.com/vi/FH0pw9LAiik/default.jpg","width":120,"height":90}},"url":"https://www.youtube.com/watch?v=FH0pw9LAiik","searchQuery":"","pageNumber":""},{"videoId":"DbkgMOyu8Po","name":"폭풍의 전조","title":"폭풍의 전조","description":"","channelTitle":"끝판황(end hwang)","channelId":"UCh_IvauwmBg9na1v_Hoylyg","publishedAt":"2019-08-28T22:17:12","thumbnails":{"medium":{"url":"https://i.ytimg.com/vi/DbkgMOyu8Po/mqdefault.jpg","width":320,"height":180},"high":{"url":"https://i.ytimg.com/vi/DbkgMOyu8Po/hqdefault.jpg","width":480,"height":360},"default":{"url":"https://i.ytimg.com/vi/DbkgMOyu8Po/default.jpg","width":120,"height":90}},"url":"https://www.youtube.com/watch?v=DbkgMOyu8Po","searchQuery":"","pageNumber":""},{"videoId":"NrluDfwovvI","name":"순간이동자 4：여행자들의 귀환","title":"순간이동자 4：여행자들의 귀환","description":"본문의 소설은 문피아, 네이버 블로그 등에서 검색하시면 보실 수 있습니다. *** * Song : HEAVYgiant - Diamond Dust Follow Artist ...","channelTitle":"정소이크","channelId":"UC-1C2inI-WgVWr1ZWF1sI6g","publishedAt":"2023-09-03T13:53:55","thumbnails":{"medium":{"url":"https://i.ytimg.com/vi/NrluDfwovvI/mqdefault.jpg","width":320,"height":180},"high":{"url":"https://i.ytimg.com/vi/NrluDfwovvI/hqdefault.jpg","width":480,"height":360},"default":{"url":"https://i.ytimg.com/vi/NrluDfwovvI/default.jpg","width":120,"height":90}},"url":"https://www.youtube.com/watch?v=NrluDfwovvI","searchQuery":"","pageNumber":""},{"videoId":"731-qs5nyhs","name":"애달픈 마법사와 신비한 세계","title":"애달픈 마법사와 신비한 세계","description":"판타지 #시네마틱 #팝송 #플레이리스트.","channelTitle":"김칠백","channelId":"UCyfJjleJhHhqNdFycdl9u4g","publishedAt":"2021-04-09T15:10:50","thumbnails":{"medium":{"url":"https://i.ytimg.com/vi/731-qs5nyhs/mqdefault.jpg","width":320,"height":180},"high":{"url":"https://i.ytimg.com/vi/731-qs5nyhs/hqdefault.jpg","width":480,"height":360},"default":{"url":"https://i.ytimg.com/vi/731-qs5nyhs/default.jpg","width":120,"height":90}},"url":"https://www.youtube.com/watch?v=731-qs5nyhs","searchQuery":"","pageNumber":""},{"videoId":"BGPcdTw8_Eo","name":"좀비의 사랑","title":"좀비의 사랑","description":"학교는 지옥이 되었고, 불운한 여학생은 친구들에게 버림받았다. 하지만 절망의 끝에서— 그녀는 좀비 왕의 사랑과 보호를 받게 된다…","channelTitle":"중국 드라마 화제작 TOP","channelId":"UCqmZEYKpMyKBNSSmSdOjh-Q","publishedAt":"2025-11-04T07:44:06","thumbnails":{"medium":{"url":"https://i.ytimg.com/vi/BGPcdTw8_Eo/mqdefault.jpg","width":320,"height":180},"high":{"url":"https://i.ytimg.com/vi/BGPcdTw8_Eo/hqdefault.jpg","width":480,"height":360},"default":{"url":"https://i.ytimg.com/vi/BGPcdTw8_Eo/default.jpg","width":120,"height":90}},"url":"https://www.youtube.com/watch?v=BGPcdTw8_Eo","searchQuery":"","pageNumber":""},{"videoId":"m3PQxB_Vu0Y","name":"마법과 전투의 세계에서","title":"마법과 전투의 세계에서","description":"","channelTitle":"끝판황(end hwang)","channelId":"UCh_IvauwmBg9na1v_Hoylyg","publishedAt":"2019-08-25T04:31:08","thumbnails":{"medium":{"url":"https://i.ytimg.com/vi/m3PQxB_Vu0Y/mqdefault.jpg","width":320,"height":180},"high":{"url":"https://i.ytimg.com/vi/m3PQxB_Vu0Y/hqdefault.jpg","width":480,"height":360},"default":{"url":"https://i.ytimg.com/vi/m3PQxB_Vu0Y/default.jpg","width":120,"height":90}},"url":"https://www.youtube.com/watch?v=m3PQxB_Vu0Y","searchQuery":"","pageNumber":""},{"videoId":"qX-8U87dG4s","name":"부활한 아버지","title":"부활한 아버지","description":"사람이 온 세상을 얻고도 제 목숨을 잃으면 무슨 소용이 있겠느냐?사람이 자기 목숨을 무엇과 바꿀 수 있겠느냐?” (마태 16,26) 이 영화 ...","channelTitle":"문화챔피언TV","channelId":"UCp95kpSHORZK6GTfk7Jt53Q","publishedAt":"2023-01-19T15:47:16","thumbnails":{"medium":{"url":"https://i.ytimg.com/vi/qX-8U87dG4s/mqdefault.jpg","width":320,"height":180},"high":{"url":"https://i.ytimg.com/vi/qX-8U87dG4s/hqdefault.jpg","width":480,"height":360},"default":{"url":"https://i.ytimg.com/vi/qX-8U87dG4s/default.jpg","width":120,"height":90}},"url":"https://www.youtube.com/watch?v=qX-8U87dG4s","searchQuery":"","pageNumber":""},{"videoId":"PvVZ4iiAS9c","name":"엘프의 복수","title":"엘프의 복수","description":"","channelTitle":"끝판황(end hwang)","channelId":"UCh_IvauwmBg9na1v_Hoylyg","publishedAt":"2019-08-27T04:23:48","thumbnails":{"medium":{"url":"https://i.ytimg.com/vi/PvVZ4iiAS9c/mqdefault.jpg","width":320,"height":180},"high":{"url":"https://i.ytimg.com/vi/PvVZ4iiAS9c/hqdefault.jpg","width":480,"height":360},"default":{"url":"https://i.ytimg.com/vi/PvVZ4iiAS9c/default.jpg","width":120,"height":90}},"url":"https://www.youtube.com/watch?v=PvVZ4iiAS9c","searchQuery":"","pageNumber":""},{"videoId":"BhO9afZoKyw","name":"꿈꾸는 세계","title":"꿈꾸는 세계","description":"19일 오후 경기 고양기 일산동구 EBS 스페이스홀에서 '네가 빠진 세계' 제작발표회가 열렸다. 이날 배우 김재원, 나나, 현석, 금동현, ...","channelTitle":"STARNEWS KOREA","channelId":"UCtmqiS_54E4CgpEt9pNX9Rw","publishedAt":"2022-10-19T07:25:50","thumbnails":{"medium":{"url":"https://i.ytimg.com/vi/BhO9afZoKyw/mqdefault.jpg","width":320,"height":180},"high":{"url":"https://i.ytimg.com/vi/BhO9afZoKyw/hqdefault.jpg","width":480,"height":360},"default":{"url":"https://i.ytimg.com/vi/BhO9afZoKyw/default.jpg","width":120,"height":90}},"url":"https://www.youtube.com/watch?v=BhO9afZoKyw","searchQuery":"","pageNumber":""},{"videoId":"4f1kfcMX1w8","name":"천사와 악마의 퍼즐","title":"천사와 악마의 퍼즐","description":"지친 마음을 달래는 로맨틱 판타지 미스테리 드라마 BGM 듣기! [Playlist] 당신의 일상에 작은 휴식을 선사합니다. 신비로운 선율과 ...","channelTitle":"🎵드라마인생BGM🎵","channelId":"UC3ulafBrvQ1yBmEPjmOBAjA","publishedAt":"2024-10-23T03:00:08","thumbnails":{"medium":{"url":"https://i.ytimg.com/vi/4f1kfcMX1w8/mqdefault.jpg","width":320,"height":180},"high":{"url":"https://i.ytimg.com/vi/4f1kfcMX1w8/hqdefault.jpg","width":480,"height":360},"default":{"url":"https://i.ytimg.com/vi/4f1kfcMX1w8/default.jpg","width":120,"height":90}},"url":"https://www.youtube.com/watch?v=4f1kfcMX1w8","searchQuery":"","pageNumber":""},{"videoId":"GnfcTTNTevo","name":"환상의 숲 속으로","title":"환상의 숲 속으로","description":"","channelTitle":"끝판황(end hwang)","channelId":"UCh_IvauwmBg9na1v_Hoylyg","publishedAt":"2019-08-31T03:59:16","thumbnails":{"medium":{"url":"https://i.ytimg.com/vi/GnfcTTNTevo/mqdefault.jpg","width":320,"height":180},"high":{"url":"https://i.ytimg.com/vi/GnfcTTNTevo/hqdefault.jpg","width":480,"height":360},"default":{"url":"https://i.ytimg.com/vi/GnfcTTNTevo/default.jpg","width":120,"height":90}},"url":"https://www.youtube.com/watch?v=GnfcTTNTevo","searchQuery":"","pageNumber":""},{"videoId":"Uu_oRX6viNQ","name":"마법의 숲에서의 결전","title":"마법의 숲에서의 결전","description":"","channelTitle":"끝판황(end hwang)","channelId":"UCh_IvauwmBg9na1v_Hoylyg","publishedAt":"2019-09-01T17:33:15","thumbnails":{"medium":{"url":"https://i.ytimg.com/vi/Uu_oRX6viNQ/mqdefault.jpg","width":320,"height":180},"high":{"url":"https://i.ytimg.com/vi/Uu_oRX6viNQ/hqdefault.jpg","width":480,"height":360},"default":{"url":"https://i.ytimg.com/vi/Uu_oRX6viNQ/default.jpg","width":120,"height":90}},"url":"https://www.youtube.com/watch?v=Uu_oRX6viNQ","searchQuery":"","pageNumber":""},{"videoId":"8YWgISS6iXg","name":"마법과 모험의 세 가지 색깔","title":"마법과 모험의 세 가지 색깔","description":"EXO #SUHO #JUNMYEON #엑소 #수호 #김준면 #준면 라이브 170119.","channelTitle":"exo nct vlive archive SUB","channelId":"UCuurnfP9VKgp9oF8zvwU4rg","publishedAt":"2022-11-05T17:04:39","thumbnails":{"medium":{"url":"https://i.ytimg.com/vi/8YWgISS6iXg/mqdefault.jpg","width":320,"height":180},"high":{"url":"https://i.ytimg.com/vi/8YWgISS6iXg/hqdefault.jpg","width":480,"height":360},"default":{"url":"https://i.ytimg.com/vi/8YWgISS6iXg/default.jpg","width":120,"height":90}},"url":"https://www.youtube.com/watch?v=8YWgISS6iXg","searchQuery":"","pageNumber":""},{"videoId":"bV7mdopLWBg","name":"마법의 숲 속으로","title":"마법의 숲 속으로","description":"","channelTitle":"끝판황(end hwang)","channelId":"UCh_IvauwmBg9na1v_Hoylyg","publishedAt":"2019-08-25T17:43:00","thumbnails":{"medium":{"url":"https://i.ytimg.com/vi/bV7mdopLWBg/mqdefault.jpg","width":320,"height":180},"high":{"url":"https://i.ytimg.com/vi/bV7mdopLWBg/hqdefault.jpg","width":480,"height":360},"default":{"url":"https://i.ytimg.com/vi/bV7mdopLWBg/default.jpg","width":120,"height":90}},"url":"https://www.youtube.com/watch?v=bV7mdopLWBg","searchQuery":"","pageNumber":""},{"videoId":"0XPCeJJitF8","name":"야생의 광풍","title":"야생의 광풍","description":"","channelTitle":"끝판황(end hwang)","channelId":"UCh_IvauwmBg9na1v_Hoylyg","publishedAt":"2019-08-28T03:43:01","thumbnails":{"medium":{"url":"https://i.ytimg.com/vi/0XPCeJJitF8/mqdefault.jpg","width":320,"height":180},"high":{"url":"https://i.ytimg.com/vi/0XPCeJJitF8/hqdefault.jpg","width":480,"height":360},"default":{"url":"https://i.ytimg.com/vi/0XPCeJJitF8/default.jpg","width":120,"height":90}},"url":"https://www.youtube.com/watch?v=0XPCeJJitF8","searchQuery":"","pageNumber":""},{"videoId":"eWpoPaotcEE","name":"용왕님의 경고","title":"용왕님의 경고","description":"미스테리/서스펜스/역사/판타지/드라마] 해운대앞바다에 나타난 용왕님의 출현!바다용왕님이 나타난이유는?대한민국에 대한 경고!","channelTitle":"꿀빛사연","channelId":"UCZxSqp4kB8f5kgwhw_fk35g","publishedAt":"2025-08-28T02:00:40","thumbnails":{"medium":{"url":"https://i.ytimg.com/vi/eWpoPaotcEE/mqdefault.jpg","width":320,"height":180},"high":{"url":"https://i.ytimg.com/vi/eWpoPaotcEE/hqdefault.jpg","width":480,"height":360},"default":{"url":"https://i.ytimg.com/vi/eWpoPaotcEE/default.jpg","width":120,"height":90}},"url":"https://www.youtube.com/watch?v=eWpoPaotcEE","searchQuery":"","pageNumber":""},{"videoId":"OkBLnoZDqp8","name":"우주와 메리의 버킷리스트","title":"우주와 메리의 버킷리스트","description":"능력이 사라지기 전 마지막 버킷리스트를 완성하는 우주와 메리의 로맨틱한 하루가 펼쳐집니다. 하늘을 날고 바다 위를 걷는 환상적인 ...","channelTitle":"드라마작가","channelId":"UCBxrfYziDZOkfkZXX9QEoHw","publishedAt":"2025-10-31T16:46:11","thumbnails":{"medium":{"url":"https://i.ytimg.com/vi/OkBLnoZDqp8/mqdefault.jpg","width":320,"height":180},"high":{"url":"https://i.ytimg.com/vi/OkBLnoZDqp8/hqdefault.jpg","width":480,"height":360},"default":{"url":"https://i.ytimg.com/vi/OkBLnoZDqp8/default.jpg","width":120,"height":90}},"url":"https://www.youtube.com/watch?v=OkBLnoZDqp8","searchQuery":"","pageNumber":""},{"videoId":"Ejp6xQD2iNM","name":"마력의 권위","title":"마력의 권위","description":"","channelTitle":"끝판황(end hwang)","channelId":"UCh_IvauwmBg9na1v_Hoylyg","publishedAt":"2019-09-04T10:45:41","thumbnails":{"medium":{"url":"https://i.ytimg.com/vi/Ejp6xQD2iNM/mqdefault.jpg","width":320,"height":180},"high":{"url":"https://i.ytimg.com/vi/Ejp6xQD2iNM/hqdefault.jpg","width":480,"height":360},"default":{"url":"https://i.ytimg.com/vi/Ejp6xQD2iNM/default.jpg","width":120,"height":90}},"url":"https://www.youtube.com/watch?v=Ejp6xQD2iNM","searchQuery":"","pageNumber":""},{"videoId":"Ew52ZTagtO4","name":"극장 속의 백년전투","title":"극장 속의 백년전투","description":"소개 자신의 미래를 알게 된 주인공이 운명을 바꾸기 위해 노력하는 판타지 드라마.바이쓰웨는 어느 날, 핸드폰으로 드라마 예고편을 ...","channelTitle":"심쿵방송","channelId":"UC05e4Zdf0czveWpNANzze6Q","publishedAt":"2025-09-24T04:00:19","thumbnails":{"medium":{"url":"https://i.ytimg.com/vi/Ew52ZTagtO4/mqdefault.jpg","width":320,"height":180},"high":{"url":"https://i.ytimg.com/vi/Ew52ZTagtO4/hqdefault.jpg","width":480,"height":360},"default":{"url":"https://i.ytimg.com/vi/Ew52ZTagtO4/default.jpg","width":120,"height":90}},"url":"https://www.youtube.com/watch?v=Ew52ZTagtO4","searchQuery":"","pageNumber":""},{"videoId":"uwJb-RXDw-I","name":"암흑의 세력","title":"암흑의 세력","description":"","channelTitle":"끝판황(end hwang)","channelId":"UCh_IvauwmBg9na1v_Hoylyg","publishedAt":"2019-08-24T10:09:11","thumbnails":{"medium":{"url":"https://i.ytimg.com/vi/uwJb-RXDw-I/mqdefault.jpg","width":320,"height":180},"high":{"url":"https://i.ytimg.com/vi/uwJb-RXDw-I/hqdefault.jpg","width":480,"height":360},"default":{"url":"https://i.ytimg.com/vi/uwJb-RXDw-I/default.jpg","width":120,"height":90}},"url":"https://www.youtube.com/watch?v=uwJb-RXDw-I","searchQuery":"","pageNumber":""},{"videoId":"lJ82jiB2aFw","name":"사랑의 비밀","title":"사랑의 비밀","description":"달콤한 비밀 | Sweet Secrets [소개]언니의 원수를 갚기 위해 온 바이러먼의 톱스타 루화옌은 이계 '무간'에서 온 리모퉁을 만나게 된다.","channelTitle":"WeTV Korea - Get the WeTV APP","channelId":"UCh_UniRTLdPwKHpNyb_ABiQ","publishedAt":"2025-10-29T05:45:01","thumbnails":{"medium":{"url":"https://i.ytimg.com/vi/lJ82jiB2aFw/mqdefault.jpg","width":320,"height":180},"high":{"url":"https://i.ytimg.com/vi/lJ82jiB2aFw/hqdefault.jpg","width":480,"height":360},"default":{"url":"https://i.ytimg.com/vi/lJ82jiB2aFw/default.jpg","width":120,"height":90}},"url":"https://www.youtube.com/watch?v=lJ82jiB2aFw","searchQuery":"","pageNumber":""},{"videoId":"u1QKd80czXA","name":"야생의 사냥","title":"야생의 사냥","description":"","channelTitle":"끝판황(end hwang)","channelId":"UCh_IvauwmBg9na1v_Hoylyg","publishedAt":"2019-08-22T15:00:07","thumbnails":{"medium":{"url":"https://i.ytimg.com/vi/u1QKd80czXA/mqdefault.jpg","width":320,"height":180},"high":{"url":"https://i.ytimg.com/vi/u1QKd80czXA/hqdefault.jpg","width":480,"height":360},"default":{"url":"https://i.ytimg.com/vi/u1QKd80czXA/default.jpg","width":120,"height":90}},"url":"https://www.youtube.com/watch?v=u1QKd80czXA","searchQuery":"","pageNumber":""},{"videoId":"yBIDHQjKFUM","name":"밤의 마녀와 늑대","title":"밤의 마녀와 늑대","description":"","channelTitle":"끝판황(end hwang)","channelId":"UCh_IvauwmBg9na1v_Hoylyg","publishedAt":"2019-09-02T06:03:02","thumbnails":{"medium":{"url":"https://i.ytimg.com/vi/yBIDHQjKFUM/mqdefault.jpg","width":320,"height":180},"high":{"url":"https://i.ytimg.com/vi/yBIDHQjKFUM/hqdefault.jpg","width":480,"height":360},"default":{"url":"https://i.ytimg.com/vi/yBIDHQjKFUM/default.jpg","width":120,"height":90}},"url":"https://www.youtube.com/watch?v=yBIDHQjKFUM","searchQuery":"","pageNumber":""},{"videoId":"sIzZPOPT3dI","name":"야성적인 전투","title":"야성적인 전투","description":"","channelTitle":"끝판황(end hwang)","channelId":"UCh_IvauwmBg9na1v_Hoylyg","publishedAt":"2019-08-23T18:08:49","thumbnails":{"medium":{"url":"https://i.ytimg.com/vi/sIzZPOPT3dI/mqdefault.jpg","width":320,"height":180},"high":{"url":"https://i.ytimg.com/vi/sIzZPOPT3dI/hqdefault.jpg","width":480,"height":360},"default":{"url":"https://i.ytimg.com/vi/sIzZPOPT3dI/default.jpg","width":120,"height":90}},"url":"https://www.youtube.com/watch?v=sIzZPOPT3dI","searchQuery":"","pageNumber":""},{"videoId":"5Xd0CYmNpDU","name":"가면속의 비밀","title":"가면속의 비밀","description":"가면속에 숨겨진 로맨틱 판타지 미스테리 드라마 BGM 듣기! [Playlist] 이 음악은 주인공들의 숨겨진 비밀과 복잡한 감정을 섬세하게 ...","channelTitle":"🎵드라마인생BGM🎵","channelId":"UC3ulafBrvQ1yBmEPjmOBAjA","publishedAt":"2024-10-04T03:00:10","thumbnails":{"medium":{"url":"https://i.ytimg.com/vi/5Xd0CYmNpDU/mqdefault.jpg","width":320,"height":180},"high":{"url":"https://i.ytimg.com/vi/5Xd0CYmNpDU/hqdefault.jpg","width":480,"height":360},"default":{"url":"https://i.ytimg.com/vi/5Xd0CYmNpDU/default.jpg","width":120,"height":90}},"url":"https://www.youtube.com/watch?v=5Xd0CYmNpDU","searchQuery":"","pageNumber":""},{"videoId":"qNIwjFR76C4","name":"마법과 모험의 길","title":"마법과 모험의 길","description":"","channelTitle":"끝판황(end hwang)","channelId":"UCh_IvauwmBg9na1v_Hoylyg","publishedAt":"2019-08-27T04:42:44","thumbnails":{"medium":{"url":"https://i.ytimg.com/vi/qNIwjFR76C4/mqdefault.jpg","width":320,"height":180},"high":{"url":"https://i.ytimg.com/vi/qNIwjFR76C4/hqdefault.jpg","width":480,"height":360},"default":{"url":"https://i.ytimg.com/vi/qNIwjFR76C4/default.jpg","width":120,"height":90}},"url":"https://www.youtube.com/watch?v=qNIwjFR76C4","searchQuery":"","pageNumber":""},{"videoId":"74GJKc1t7ZY","name":"무리","title":"무리","description":"","channelTitle":"끝판황(end hwang)","channelId":"UCh_IvauwmBg9na1v_Hoylyg","publishedAt":"2019-09-05T01:18:16","thumbnails":{"medium":{"url":"https://i.ytimg.com/vi/74GJKc1t7ZY/mqdefault.jpg","width":320,"height":180},"high":{"url":"https://i.ytimg.com/vi/74GJKc1t7ZY/hqdefault.jpg","width":480,"height":360},"default":{"url":"https://i.ytimg.com/vi/74GJKc1t7ZY/default.jpg","width":120,"height":90}},"url":"https://www.youtube.com/watch?v=74GJKc1t7ZY","searchQuery":"","pageNumber":""},{"videoId":"r679n2z0GTA","name":"달콤한 매력","title":"달콤한 매력","description":"넷플릭스 #스윗투스 #사운드트랙.","channelTitle":"김칠백","channelId":"UCyfJjleJhHhqNdFycdl9u4g","publishedAt":"2021-06-14T12:35:50","thumbnails":{"medium":{"url":"https://i.ytimg.com/vi/r679n2z0GTA/mqdefault.jpg","width":320,"height":180},"high":{"url":"https://i.ytimg.com/vi/r679n2z0GTA/hqdefault.jpg","width":480,"height":360},"default":{"url":"https://i.ytimg.com/vi/r679n2z0GTA/default.jpg","width":120,"height":90}},"url":"https://www.youtube.com/watch?v=r679n2z0GTA","searchQuery":"","pageNumber":""},{"videoId":"1nTiEsx_aMM","name":"시간의 문","title":"시간의 문","description":"(00:00:00) 01. 터널 - 메인테마 (00:02:43) 02. 트레인 - Train is coming (00:05:36) 03. 365 운명을 거스르는 1년 - 365 (00:09:41) 04.","channelTitle":"20th-21st century","channelId":"UCi3mTsujj7KJrxc2YsnCaPw","publishedAt":"2022-03-06T14:56:58","thumbnails":{"medium":{"url":"https://i.ytimg.com/vi/1nTiEsx_aMM/mqdefault.jpg","width":320,"height":180},"high":{"url":"https://i.ytimg.com/vi/1nTiEsx_aMM/hqdefault.jpg","width":480,"height":360},"default":{"url":"https://i.ytimg.com/vi/1nTiEsx_aMM/default.jpg","width":120,"height":90}},"url":"https://www.youtube.com/watch?v=1nTiEsx_aMM","searchQuery":"","pageNumber":""},{"videoId":"3EJjkzGwyq8","name":"위장결혼 취소!","title":"위장결혼 취소!","description":"[우주 메리미 3화 예고] 유메리, 위장결혼 다 까발려 주마! / 50억 당첨 취소야! / #우주메리미 #우주메리미드라마 #K드라마 #로맨스 ...","channelTitle":"내가 만든 세상 (내만세)","channelId":"UC6uDfknQEQqmsiEKYyyQulQ","publishedAt":"2025-10-12T04:10:00","thumbnails":{"medium":{"url":"https://i.ytimg.com/vi/3EJjkzGwyq8/mqdefault.jpg","width":320,"height":180},"high":{"url":"https://i.ytimg.com/vi/3EJjkzGwyq8/hqdefault.jpg","width":480,"height":360},"default":{"url":"https://i.ytimg.com/vi/3EJjkzGwyq8/default.jpg","width":120,"height":90}},"url":"https://www.youtube.com/watch?v=3EJjkzGwyq8","searchQuery":"","pageNumber":""},{"videoId":"1P-5i5s6NMo","name":"금토드라마 귀궁","title":"금토드라마 귀궁","description":"귀궁 #TheHauntedPalace #제작발표회 #iMBC연예뉴스 ☆iMBC 연예뉴스 공식 홈페이지 ☞ iMBC연예 : http://enews.imbc.com ...","channelTitle":"iMBC연예","channelId":"UCynSOK9S5HuUlrbpkiYgm5Q","publishedAt":"2025-04-17T12:36:43","thumbnails":{"medium":{"url":"https://i.ytimg.com/vi/1P-5i5s6NMo/mqdefault.jpg","width":320,"height":180},"high":{"url":"https://i.ytimg.com/vi/1P-5i5s6NMo/hqdefault.jpg","width":480,"height":360},"default":{"url":"https://i.ytimg.com/vi/1P-5i5s6NMo/default.jpg","width":120,"height":90}},"url":"https://www.youtube.com/watch?v=1P-5i5s6NMo","searchQuery":"","pageNumber":""},{"videoId":"lB5WEwbW3aA","name":"야생의 대결","title":"야생의 대결","description":"","channelTitle":"끝판황(end hwang)","channelId":"UCh_IvauwmBg9na1v_Hoylyg","publishedAt":"2019-09-03T04:34:59","thumbnails":{"medium":{"url":"https://i.ytimg.com/vi/lB5WEwbW3aA/mqdefault.jpg","width":320,"height":180},"high":{"url":"https://i.ytimg.com/vi/lB5WEwbW3aA/hqdefault.jpg","width":480,"height":360},"default":{"url":"https://i.ytimg.com/vi/lB5WEwbW3aA/default.jpg","width":120,"height":90}},"url":"https://www.youtube.com/watch?v=lB5WEwbW3aA","searchQuery":"","pageNumber":""},{"videoId":"zgr31G0gI8M","name":"마법과 모험의 세계에서","title":"마법과 모험의 세계에서","description":"","channelTitle":"끝판황(end hwang)","channelId":"UCh_IvauwmBg9na1v_Hoylyg","publishedAt":"2019-08-31T18:45:36","thumbnails":{"medium":{"url":"https://i.ytimg.com/vi/zgr31G0gI8M/mqdefault.jpg","width":320,"height":180},"high":{"url":"https://i.ytimg.com/vi/zgr31G0gI8M/hqdefault.jpg","width":480,"height":360},"default":{"url":"https://i.ytimg.com/vi/zgr31G0gI8M/default.jpg","width":120,"height":90}},"url":"https://www.youtube.com/watch?v=zgr31G0gI8M","searchQuery":"","pageNumber":""},{"videoId":"TWEvGmgbOXI","name":"판타지의 노래","title":"판타지의 노래","description":"오페라 #공연 #모차르트 #마술피리 #전통오페라 #오페라판타지 #판타지 #무대혁신 #서울시오페라 #22년 #세종문화회관 #대극장 ...","channelTitle":"KtN TV","channelId":"UCc2g9lxkPQcK6VBCxgHGTcA","publishedAt":"2023-03-30T00:16:43","thumbnails":{"medium":{"url":"https://i.ytimg.com/vi/TWEvGmgbOXI/mqdefault.jpg","width":320,"height":180},"high":{"url":"https://i.ytimg.com/vi/TWEvGmgbOXI/hqdefault.jpg","width":480,"height":360},"default":{"url":"https://i.ytimg.com/vi/TWEvGmgbOXI/default.jpg","width":120,"height":90}},"url":"https://www.youtube.com/watch?v=TWEvGmgbOXI","searchQuery":"","pageNumber":""},{"videoId":"zVcnuq2inec","name":"악마의 권력","title":"악마의 권력","description":"","channelTitle":"끝판황(end hwang)","channelId":"UCh_IvauwmBg9na1v_Hoylyg","publishedAt":"2019-09-02T08:40:21","thumbnails":{"medium":{"url":"https://i.ytimg.com/vi/zVcnuq2inec/mqdefault.jpg","width":320,"height":180},"high":{"url":"https://i.ytimg.com/vi/zVcnuq2inec/hqdefault.jpg","width":480,"height":360},"default":{"url":"https://i.ytimg.com/vi/zVcnuq2inec/default.jpg","width":120,"height":90}},"url":"https://www.youtube.com/watch?v=zVcnuq2inec","searchQuery":"","pageNumber":""},{"videoId":"awLhld5q5Rw","name":"좀비들의 도시","title":"좀비들의 도시","description":"+ 《한국최초좀비드라마》\"나는 살아있다 (I am alive, 1st zombie)1-2부연속\" 시간남고 심심할때 보세요_『2011.12.11』 한국최초 ...","channelTitle":"은돌쌈돌의 토요심야[夜]TV","channelId":"UCXLNOOThGdAukR-dJKmm17Q","publishedAt":"2025-08-27T13:54:28","thumbnails":{"medium":{"url":"https://i.ytimg.com/vi/awLhld5q5Rw/mqdefault.jpg","width":320,"height":180},"high":{"url":"https://i.ytimg.com/vi/awLhld5q5Rw/hqdefault.jpg","width":480,"height":360},"default":{"url":"https://i.ytimg.com/vi/awLhld5q5Rw/default.jpg","width":120,"height":90}},"url":"https://www.youtube.com/watch?v=awLhld5q5Rw","searchQuery":"","pageNumber":""},{"videoId":"h8Mpx_YuzvI","name":"사랑의 전설","title":"사랑의 전설","description":"김은숙 작가 드라마 OST #김은숙 #김은숙작가 #로맨스드라마 #로코 #판타지드라마 #드라마 #로코ost #로맨스ost #판타지ost ...","channelTitle":"전갱이","channelId":"UCgFFnK6R1Hhet-w1_mGa7-Q","publishedAt":"2025-10-10T08:00:52","thumbnails":{"medium":{"url":"https://i.ytimg.com/vi/h8Mpx_YuzvI/mqdefault.jpg","width":320,"height":180},"high":{"url":"https://i.ytimg.com/vi/h8Mpx_YuzvI/hqdefault.jpg","width":480,"height":360},"default":{"url":"https://i.ytimg.com/vi/h8Mpx_YuzvI/default.jpg","width":120,"height":90}},"url":"https://www.youtube.com/watch?v=h8Mpx_YuzvI","searchQuery":"","pageNumber":""},{"videoId":"lFv1HsTYMX4","name":"사랑의 환상편","title":"사랑의 환상편","description":"아름다운 사랑의 로맨틱 판타지 사극 드라마 BGM 듣기! [Playlist] 고풍스러운 분위기 속에서 펼쳐지는 애절한 사랑 이야기를 감성적 ...","channelTitle":"🎵드라마인생BGM🎵","channelId":"UC3ulafBrvQ1yBmEPjmOBAjA","publishedAt":"2024-10-24T03:00:41","thumbnails":{"medium":{"url":"https://i.ytimg.com/vi/lFv1HsTYMX4/mqdefault.jpg","width":320,"height":180},"high":{"url":"https://i.ytimg.com/vi/lFv1HsTYMX4/hqdefault.jpg","width":480,"height":360},"default":{"url":"https://i.ytimg.com/vi/lFv1HsTYMX4/default.jpg","width":120,"height":90}},"url":"https://www.youtube.com/watch?v=lFv1HsTYMX4","searchQuery":"","pageNumber":""},{"videoId":"dmRDPih_TmE","name":"저주받은 드워프의 구원","title":"저주받은 드워프의 구원","description":"","channelTitle":"끝판황(end hwang)","channelId":"UCh_IvauwmBg9na1v_Hoylyg","publishedAt":"2019-08-28T21:43:38","thumbnails":{"medium":{"url":"https://i.ytimg.com/vi/dmRDPih_TmE/mqdefault.jpg","width":320,"height":180},"high":{"url":"https://i.ytimg.com/vi/dmRDPih_TmE/hqdefault.jpg","width":480,"height":360},"default":{"url":"https://i.ytimg.com/vi/dmRDPih_TmE/default.jpg","width":120,"height":90}},"url":"https://www.youtube.com/watch?v=dmRDPih_TmE","searchQuery":"","pageNumber":""},{"videoId":"bigGWMM_GM4","name":"야생의 마녀와 늑대","title":"야생의 마녀와 늑대","description":"","channelTitle":"끝판황(end hwang)","channelId":"UCh_IvauwmBg9na1v_Hoylyg","publishedAt":"2019-09-04T04:19:35","thumbnails":{"medium":{"url":"https://i.ytimg.com/vi/bigGWMM_GM4/mqdefault.jpg","width":320,"height":180},"high":{"url":"https://i.ytimg.com/vi/bigGWMM_GM4/hqdefault.jpg","width":480,"height":360},"default":{"url":"https://i.ytimg.com/vi/bigGWMM_GM4/default.jpg","width":120,"height":90}},"url":"https://www.youtube.com/watch?v=bigGWMM_GM4","searchQuery":"","pageNumber":""},{"videoId":"5T-ig7k865c","name":"우주에서 온 남자","title":"우주에서 온 남자","description":"우주에서 온 남자가 \"당신이 제 아내입니다\"라고 선언하며 메리 앞에 나타나고, 운명적 만남이 시작되는 첫 회. 평범한 일상을 살던 ...","channelTitle":"드라마작가","channelId":"UCBxrfYziDZOkfkZXX9QEoHw","publishedAt":"2025-10-25T03:02:58","thumbnails":{"medium":{"url":"https://i.ytimg.com/vi/5T-ig7k865c/mqdefault.jpg","width":320,"height":180},"high":{"url":"https://i.ytimg.com/vi/5T-ig7k865c/hqdefault.jpg","width":480,"height":360},"default":{"url":"https://i.ytimg.com/vi/5T-ig7k865c/default.jpg","width":120,"height":90}},"url":"https://www.youtube.com/watch?v=5T-ig7k865c","searchQuery":"","pageNumber":""},{"videoId":"K-vP4znwlXk","name":"마법의 숲 속으로","title":"마법의 숲 속으로","description":"","channelTitle":"끝판황(end hwang)","channelId":"UCh_IvauwmBg9na1v_Hoylyg","publishedAt":"2019-09-03T10:52:47","thumbnails":{"medium":{"url":"https://i.ytimg.com/vi/K-vP4znwlXk/mqdefault.jpg","width":320,"height":180},"high":{"url":"https://i.ytimg.com/vi/K-vP4znwlXk/hqdefault.jpg","width":480,"height":360},"default":{"url":"https://i.ytimg.com/vi/K-vP4znwlXk/default.jpg","width":120,"height":90}},"url":"https://www.youtube.com/watch?v=K-vP4znwlXk","searchQuery":"","pageNumber":""},{"videoId":"MApSvRmrwoc","name":"야생의 기사","title":"야생의 기사","description":"","channelTitle":"끝판황(end hwang)","channelId":"UCh_IvauwmBg9na1v_Hoylyg","publishedAt":"2019-08-24T03:08:40","thumbnails":{"medium":{"url":"https://i.ytimg.com/vi/MApSvRmrwoc/mqdefault.jpg","width":320,"height":180},"high":{"url":"https://i.ytimg.com/vi/MApSvRmrwoc/hqdefault.jpg","width":480,"height":360},"default":{"url":"https://i.ytimg.com/vi/MApSvRmrwoc/default.jpg","width":120,"height":90}},"url":"https://www.youtube.com/watch?v=MApSvRmrwoc","searchQuery":"","pageNumber":""},{"videoId":"uWu0yN0V-Nc","name":"강가의 비밀","title":"강가의 비밀","description":"강을 보며 로맨틱 판타지 미스테리 드라마 BGM 듣기! [Playlist] 신비로운 분위기와 감성적인 멜로디가 어우러져 특별한 순간을 선사 ...","channelTitle":"🎵드라마인생BGM🎵","channelId":"UC3ulafBrvQ1yBmEPjmOBAjA","publishedAt":"2024-11-07T03:00:42","thumbnails":{"medium":{"url":"https://i.ytimg.com/vi/uWu0yN0V-Nc/mqdefault.jpg","width":320,"height":180},"high":{"url":"https://i.ytimg.com/vi/uWu0yN0V-Nc/hqdefault.jpg","width":480,"height":360},"default":{"url":"https://i.ytimg.com/vi/uWu0yN0V-Nc/default.jpg","width":120,"height":90}},"url":"https://www.youtube.com/watch?v=uWu0yN0V-Nc","searchQuery":"","pageNumber":""},{"videoId":"qgw1dGyPrwQ","name":"별의 노래","title":"별의 노래","description":"아름다운 선율의 로맨틱 판타지 사극 드라마 BGM 듣기! [Playlist] 이 곡은 고풍스러운 분위기와 함께, 판타지와 로맨스의 요소를 ...","channelTitle":"🎵드라마인생BGM🎵","channelId":"UC3ulafBrvQ1yBmEPjmOBAjA","publishedAt":"2024-11-05T03:00:39","thumbnails":{"medium":{"url":"https://i.ytimg.com/vi/qgw1dGyPrwQ/mqdefault.jpg","width":320,"height":180},"high":{"url":"https://i.ytimg.com/vi/qgw1dGyPrwQ/hqdefault.jpg","width":480,"height":360},"default":{"url":"https://i.ytimg.com/vi/qgw1dGyPrwQ/default.jpg","width":120,"height":90}},"url":"https://www.youtube.com/watch?v=qgw1dGyPrwQ","searchQuery":"","pageNumber":""},{"videoId":"k47qPJI_e5E","name":"야생의 수호자","title":"야생의 수호자","description":"","channelTitle":"끝판황(end hwang)","channelId":"UCh_IvauwmBg9na1v_Hoylyg","publishedAt":"2019-09-01T03:23:28","thumbnails":{"medium":{"url":"https://i.ytimg.com/vi/k47qPJI_e5E/mqdefault.jpg","width":320,"height":180},"high":{"url":"https://i.ytimg.com/vi/k47qPJI_e5E/hqdefault.jpg","width":480,"height":360},"default":{"url":"https://i.ytimg.com/vi/k47qPJI_e5E/default.jpg","width":120,"height":90}},"url":"https://www.youtube.com/watch?v=k47qPJI_e5E","searchQuery":"","pageNumber":""},{"videoId":"Fj02bu7C_Ls","name":"요정들의 사랑","title":"요정들의 사랑","description":"【봉래간| Fairyland Lovers】이 드라마는 천병과 영물의 이야기를 다루고 있는데 천병은 외계 행성에서 온 외계인이고 영물은 뭔가 ...","channelTitle":"WeTV Korea - Get the WeTV APP","channelId":"UCh_UniRTLdPwKHpNyb_ABiQ","publishedAt":"2020-03-27T06:30:12","thumbnails":{"medium":{"url":"https://i.ytimg.com/vi/Fj02bu7C_Ls/mqdefault.jpg","width":320,"height":180},"high":{"url":"https://i.ytimg.com/vi/Fj02bu7C_Ls/hqdefault.jpg","width":480,"height":360},"default":{"url":"https://i.ytimg.com/vi/Fj02bu7C_Ls/default.jpg","width":120,"height":90}},"url":"https://www.youtube.com/watch?v=Fj02bu7C_Ls","searchQuery":"","pageNumber":""},{"videoId":"kQfSbouFwns","name":"요정의 연인들","title":"요정의 연인들","description":"【봉래간| Fairyland Lovers】이 드라마는 천병과 영물의 이야기를 다루고 있는데 천병은 외계 행성에서 온 외계인이고 영물은 뭔가 ...","channelTitle":"WeTV Korea - Get the WeTV APP","channelId":"UCh_UniRTLdPwKHpNyb_ABiQ","publishedAt":"2020-03-28T06:30:02","thumbnails":{"medium":{"url":"https://i.ytimg.com/vi/kQfSbouFwns/mqdefault.jpg","width":320,"height":180},"high":{"url":"https://i.ytimg.com/vi/kQfSbouFwns/hqdefault.jpg","width":480,"height":360},"default":{"url":"https://i.ytimg.com/vi/kQfSbouFwns/default.jpg","width":120,"height":90}},"url":"https://www.youtube.com/watch?v=kQfSbouFwns","searchQuery":"","pageNumber":""},{"videoId":"9ZDYtiQRQ2c","name":"환상의 세계: 결말포함","title":"환상의 세계: 결말포함","description":"1980년대 제작 된 레전드 판타지 미드 시리즈 [환상특급 The Twilight Zone] 중에서 재미있는 에피를 골라 추천해드립니다. [추천에피] ...","channelTitle":"조곤조곤LUCY_REVIEW","channelId":"UCnSVHjZwwUWL2WgY3f-1u2A","publishedAt":"2024-05-03T11:00:15","thumbnails":{"medium":{"url":"https://i.ytimg.com/vi/9ZDYtiQRQ2c/mqdefault.jpg","width":320,"height":180},"high":{"url":"https://i.ytimg.com/vi/9ZDYtiQRQ2c/hqdefault.jpg","width":480,"height":360},"default":{"url":"https://i.ytimg.com/vi/9ZDYtiQRQ2c/default.jpg","width":120,"height":90}},"url":"https://www.youtube.com/watch?v=9ZDYtiQRQ2c","searchQuery":"","pageNumber":""},{"videoId":"jFA10s3FZ-4","name":"환상공간의 비밀","title":"환상공간의 비밀","description":"1980년대 제작 된 레전드 판타지 미드 시리즈 [환상특급 The Twilight Zone] 중에서 재미있는 에피를 골라 추천해드립니다. [추천에피] ...","channelTitle":"조곤조곤LUCY_REVIEW","channelId":"UCnSVHjZwwUWL2WgY3f-1u2A","publishedAt":"2024-06-28T11:00:49","thumbnails":{"medium":{"url":"https://i.ytimg.com/vi/jFA10s3FZ-4/mqdefault.jpg","width":320,"height":180},"high":{"url":"https://i.ytimg.com/vi/jFA10s3FZ-4/hqdefault.jpg","width":480,"height":360},"default":{"url":"https://i.ytimg.com/vi/jFA10s3FZ-4/default.jpg","width":120,"height":90}},"url":"https://www.youtube.com/watch?v=jFA10s3FZ-4","searchQuery":"","pageNumber":""},{"videoId":"Nxr0pWbWkPc","name":"환상적인 대장편","title":"환상적인 대장편","description":"영화리뷰 #결말포함.","channelTitle":"멀더의 무비파일","channelId":"UCxnXl8szP2yYkI1hupfJ7kA","publishedAt":"2025-09-21T10:30:26","thumbnails":{"medium":{"url":"https://i.ytimg.com/vi/Nxr0pWbWkPc/mqdefault.jpg","width":320,"height":180},"high":{"url":"https://i.ytimg.com/vi/Nxr0pWbWkPc/hqdefault.jpg","width":480,"height":360},"default":{"url":"https://i.ytimg.com/vi/Nxr0pWbWkPc/default.jpg","width":120,"height":90}},"url":"https://www.youtube.com/watch?v=Nxr0pWbWkPc","searchQuery":"","pageNumber":""},{"videoId":"b6uuiSzmq_g","name":"사등과의 유대","title":"사등과의 유대","description":"[아시아앤 스튜디오] 구독하기 https://www.youtube.com/c/아시아앤스튜디오ASIANSTUDIO 띵작 중국 드라마를 50분으로 몰아 ...","channelTitle":"아시아앤 스튜디오 AsiaN STUDIO ","channelId":"UCSc9kf6Ca9K402UyXwhKVew","publishedAt":"2022-08-28T10:00:32","thumbnails":{"medium":{"url":"https://i.ytimg.com/vi/b6uuiSzmq_g/mqdefault.jpg","width":320,"height":180},"high":{"url":"https://i.ytimg.com/vi/b6uuiSzmq_g/hqdefault.jpg","width":480,"height":360},"default":{"url":"https://i.ytimg.com/vi/b6uuiSzmq_g/default.jpg","width":120,"height":90}},"url":"https://www.youtube.com/watch?v=b6uuiSzmq_g","searchQuery":"","pageNumber":""},{"videoId":"MCYpbZZvEZI","name":"이세계 대전","title":"이세계 대전","description":"판타지 #소설 #영화 #드라마 #과학 #전쟁 \"서울 상공에서 드래곤과 전투기가 싸운다면...\" 판타지/현대 판타지/게임 판타지/퓨전 ...","channelTitle":"망상드라이브","channelId":"UClQHihybQUkz8yvsr8RBCqA","publishedAt":"2025-09-11T12:00:43","thumbnails":{"medium":{"url":"https://i.ytimg.com/vi/MCYpbZZvEZI/mqdefault.jpg","width":320,"height":180},"high":{"url":"https://i.ytimg.com/vi/MCYpbZZvEZI/hqdefault.jpg","width":480,"height":360},"default":{"url":"https://i.ytimg.com/vi/MCYpbZZvEZI/default.jpg","width":120,"height":90}},"url":"https://www.youtube.com/watch?v=MCYpbZZvEZI","searchQuery":"","pageNumber":""},{"videoId":"ofRuHDkxgbU","name":"마법사의 여정","title":"마법사의 여정","description":"영상의 저작권은 배급사 측에 있습니다. #드라마몰아보기 #드라마추천 #영화리뷰 #몰아보기 #영화추천 비즈니스 문의 ...","channelTitle":"무비체인","channelId":"UC0m6ygdHkY8T8y3U3eyQoOQ","publishedAt":"2025-03-29T13:46:40","thumbnails":{"medium":{"url":"https://i.ytimg.com/vi/ofRuHDkxgbU/mqdefault.jpg","width":320,"height":180},"high":{"url":"https://i.ytimg.com/vi/ofRuHDkxgbU/hqdefault.jpg","width":480,"height":360},"default":{"url":"https://i.ytimg.com/vi/ofRuHDkxgbU/default.jpg","width":120,"height":90}},"url":"https://www.youtube.com/watch?v=ofRuHDkxgbU","searchQuery":"","pageNumber":""},{"videoId":"TNXEp32VSNY","name":"다 이루어진다","title":"다 이루어진다","description":"[미국반응]“미국시청자가 뽑은 역대 최고의 역사 K드라마!”“이 역사 K드라마는 코미디, 판타지, 액션은 물론 로맨스까지 모든 것이 존재 ...","channelTitle":"한류클라쓰TV","channelId":"UCnXHoGO8xV6eTgOgmZLqQMw","publishedAt":"2025-10-08T06:45:03","thumbnails":{"medium":{"url":"https://i.ytimg.com/vi/TNXEp32VSNY/mqdefault.jpg","width":320,"height":180},"high":{"url":"https://i.ytimg.com/vi/TNXEp32VSNY/hqdefault.jpg","width":480,"height":360},"default":{"url":"https://i.ytimg.com/vi/TNXEp32VSNY/default.jpg","width":120,"height":90}},"url":"https://www.youtube.com/watch?v=TNXEp32VSNY","searchQuery":"","pageNumber":""},{"videoId":"MIA-8qWOmgI","name":"시간을 건너는 반전판타지","title":"시간을 건너는 반전판타지","description":"[365: 운명을 거스르는 1년] 몰아보기 상편 https://youtu.be/sndsxw0fFHo 드라마 본편은 웨이브에서 서비스 중입니다 ...","channelTitle":"조곤조곤LUCY_REVIEW","channelId":"UCnSVHjZwwUWL2WgY3f-1u2A","publishedAt":"2021-11-21T06:45:00","thumbnails":{"medium":{"url":"https://i.ytimg.com/vi/MIA-8qWOmgI/mqdefault.jpg","width":320,"height":180},"high":{"url":"https://i.ytimg.com/vi/MIA-8qWOmgI/hqdefault.jpg","width":480,"height":360},"default":{"url":"https://i.ytimg.com/vi/MIA-8qWOmgI/default.jpg","width":120,"height":90}},"url":"https://www.youtube.com/watch?v=MIA-8qWOmgI","searchQuery":"","pageNumber":""},{"videoId":"cmD0PDgq6BA","name":"편안한 모험","title":"편안한 모험","description":"iQIYI 앱에서 전체 드라마를 시청하세요: https://s.iq.com/zbght iQIYI 웹사이트에서 더 많은 드라마를 시청하세요: ...","channelTitle":"iQIYI Korea - Get the iQIYI APP","channelId":"UCe_jHM7FDRmcl22GSjrbYug","publishedAt":"2025-05-01T10:00:06","thumbnails":{"medium":{"url":"https://i.ytimg.com/vi/cmD0PDgq6BA/mqdefault.jpg","width":320,"height":180},"high":{"url":"https://i.ytimg.com/vi/cmD0PDgq6BA/hqdefault.jpg","width":480,"height":360},"default":{"url":"https://i.ytimg.com/vi/cmD0PDgq6BA/default.jpg","width":120,"height":90}},"url":"https://www.youtube.com/watch?v=cmD0PDgq6BA","searchQuery":"","pageNumber":""},{"videoId":"J_3pQTXVbMA","name":"환상적인 모험","title":"환상적인 모험","description":"드라마 #몰아보기 #영화리뷰 #드라마리뷰.","channelTitle":"무비타이저(Movie Appetizer)","channelId":"UC-UXS_c6-Xyo3aXYk1Wv7JQ","publishedAt":"2025-04-18T08:00:21","thumbnails":{"medium":{"url":"https://i.ytimg.com/vi/J_3pQTXVbMA/mqdefault.jpg","width":320,"height":180},"high":{"url":"https://i.ytimg.com/vi/J_3pQTXVbMA/hqdefault.jpg","width":480,"height":360},"default":{"url":"https://i.ytimg.com/vi/J_3pQTXVbMA/default.jpg","width":120,"height":90}},"url":"https://www.youtube.com/watch?v=J_3pQTXVbMA","searchQuery":"","pageNumber":""},{"videoId":"RGMNTxk8Y04","name":"남편의 판타지","title":"남편의 판타지","description":"koreandrama #스케치코미디 #웹드라마 *음악출처 Music by 브그미언 Track 계단2 https://youtu.be/rZu5_cnLaMI Music by 브그미언 ...","channelTitle":"오도씨(ODOSSI)","channelId":"UCKdfNLnTwKeTUn3l0m_hevA","publishedAt":"2025-11-08T02:00:34","thumbnails":{"medium":{"url":"https://i.ytimg.com/vi/RGMNTxk8Y04/mqdefault.jpg","width":320,"height":180},"high":{"url":"https://i.ytimg.com/vi/RGMNTxk8Y04/hqdefault.jpg","width":480,"height":360},"default":{"url":"https://i.ytimg.com/vi/RGMNTxk8Y04/default.jpg","width":120,"height":90}},"url":"https://www.youtube.com/watch?v=RGMNTxk8Y04","searchQuery":"","pageNumber":""},{"videoId":"tF-bkoe7WtI","name":"마법이 깃든 세계에서","title":"마법이 깃든 세계에서","description":"00:00 〈드래곤:용의 신부〉 17:17 〈테일 오브 테일즈〉 32:58 〈에라곤〉 #영화리뷰 #결말포함 #판타지영화.","channelTitle":"진리의 영화","channelId":"UC3P0QN3fUNBd7v3VLzHeh0A","publishedAt":"2025-10-07T00:52:45","thumbnails":{"medium":{"url":"https://i.ytimg.com/vi/tF-bkoe7WtI/mqdefault.jpg","width":320,"height":180},"high":{"url":"https://i.ytimg.com/vi/tF-bkoe7WtI/hqdefault.jpg","width":480,"height":360},"default":{"url":"https://i.ytimg.com/vi/tF-bkoe7WtI/default.jpg","width":120,"height":90}},"url":"https://www.youtube.com/watch?v=tF-bkoe7WtI","searchQuery":"","pageNumber":""},{"videoId":"juxEEMJbEmg","name":"마법의 상점","title":"마법의 상점","description":"소개해드린 시리즈 '멋진 징조들 시즌2 '는 아마존 프라임에서 시청할 수 있습니다 멋진 징조들 시즌1 복습하기 ...","channelTitle":"무비팩토리","channelId":"UCgEq4FxPIh8V-ENq4c4Rs8A","publishedAt":"2025-08-19T08:00:06","thumbnails":{"medium":{"url":"https://i.ytimg.com/vi/juxEEMJbEmg/mqdefault.jpg","width":320,"height":180},"high":{"url":"https://i.ytimg.com/vi/juxEEMJbEmg/hqdefault.jpg","width":480,"height":360},"default":{"url":"https://i.ytimg.com/vi/juxEEMJbEmg/default.jpg","width":120,"height":90}},"url":"https://www.youtube.com/watch?v=juxEEMJbEmg","searchQuery":"","pageNumber":""},{"videoId":"gcmMVGl9T6o","name":"사랑의 기적","title":"사랑의 기적","description":"가을이와 썰스데이를 떠나보낼 준비가 안 된 분들을 위한 통합본   11월 28일 토요일 밤 11시 20분 채널A TV에서도 만나요   지금 ...","channelTitle":"AYO 에이요","channelId":"UC6jNLJp1g2Noyc09lZCkZHg","publishedAt":"2020-11-26T10:00:09","thumbnails":{"medium":{"url":"https://i.ytimg.com/vi/gcmMVGl9T6o/mqdefault.jpg","width":320,"height":180},"high":{"url":"https://i.ytimg.com/vi/gcmMVGl9T6o/hqdefault.jpg","width":480,"height":360},"default":{"url":"https://i.ytimg.com/vi/gcmMVGl9T6o/default.jpg","width":120,"height":90}},"url":"https://www.youtube.com/watch?v=gcmMVGl9T6o","searchQuery":"","pageNumber":""},{"videoId":"luem2g-Bs1E","name":"화성에서 온 왕자와 인간 여주인공","title":"화성에서 온 왕자와 인간 여주인공","description":"iQiyi 앱을 다운로드하시면, 전편을 한글 자막으로 무료 시청하실 수 있습니다. website：http://bit.ly/iQiyiweb app：http://bit.ly/iqappkrf ...","channelTitle":"iQIYI Korea - Get the iQIYI APP","channelId":"UCe_jHM7FDRmcl22GSjrbYug","publishedAt":"2021-07-14T11:30:11","thumbnails":{"medium":{"url":"https://i.ytimg.com/vi/luem2g-Bs1E/mqdefault.jpg","width":320,"height":180},"high":{"url":"https://i.ytimg.com/vi/luem2g-Bs1E/hqdefault.jpg","width":480,"height":360},"default":{"url":"https://i.ytimg.com/vi/luem2g-Bs1E/default.jpg","width":120,"height":90}},"url":"https://www.youtube.com/watch?v=luem2g-Bs1E","searchQuery":"","pageNumber":""},{"videoId":"yW4Mp13acMo","name":"우주판 반지의 제왕","title":"우주판 반지의 제왕","description":"본 영상은 저작권 허가를 받았습니다. 안녕하세요^^ 채널 어바웃타임 입니다. 오늘 소개해드릴 작품은 익스팬스 시즌1-6입니다.","channelTitle":"어바웃타임 (About time)","channelId":"UCxn_EHVOJnrEJBZY2p3E6Sg","publishedAt":"2023-12-27T06:06:31","thumbnails":{"medium":{"url":"https://i.ytimg.com/vi/yW4Mp13acMo/mqdefault.jpg","width":320,"height":180},"high":{"url":"https://i.ytimg.com/vi/yW4Mp13acMo/hqdefault.jpg","width":480,"height":360},"default":{"url":"https://i.ytimg.com/vi/yW4Mp13acMo/default.jpg","width":120,"height":90}},"url":"https://www.youtube.com/watch?v=yW4Mp13acMo","searchQuery":"","pageNumber":""},{"videoId":"qzC2Ux0qNqM","name":"신비한 검전","title":"신비한 검전","description":"iQiyi 앱을 다운로드하시면, 전편을 한글 자막으로 무료 시청하실 수 있습니다. website：http://bit.ly/iQiyiweb app：http://bit.ly/iqappkrf ...","channelTitle":"iQIYI Korea - Get the iQIYI APP","channelId":"UCe_jHM7FDRmcl22GSjrbYug","publishedAt":"2021-02-06T11:30:12","thumbnails":{"medium":{"url":"https://i.ytimg.com/vi/qzC2Ux0qNqM/mqdefault.jpg","width":320,"height":180},"high":{"url":"https://i.ytimg.com/vi/qzC2Ux0qNqM/hqdefault.jpg","width":480,"height":360},"default":{"url":"https://i.ytimg.com/vi/qzC2Ux0qNqM/default.jpg","width":120,"height":90}},"url":"https://www.youtube.com/watch?v=qzC2Ux0qNqM","searchQuery":"","pageNumber":""},{"videoId":"R5pN2MPIcWk","name":"마법의 옷장 속 나니아에서의 모험","title":"마법의 옷장 속 나니아에서의 모험","description":"영화 제목 \" 나니아 연대기화 제목 \" 나니아 연대기\" #영화리뷰결말포함 #영화추천결말 #영화결말리뷰 #명작 #추천 #영화리뷰 #영화 ...","channelTitle":"띵영화","channelId":"UCCiLsaC6uPxvpewPjIXxZXA","publishedAt":"2024-11-02T23:00:21","thumbnails":{"medium":{"url":"https://i.ytimg.com/vi/R5pN2MPIcWk/mqdefault.jpg","width":320,"height":180},"high":{"url":"https://i.ytimg.com/vi/R5pN2MPIcWk/hqdefault.jpg","width":480,"height":360},"default":{"url":"https://i.ytimg.com/vi/R5pN2MPIcWk/default.jpg","width":120,"height":90}},"url":"https://www.youtube.com/watch?v=R5pN2MPIcWk","searchQuery":"","pageNumber":""},{"videoId":"VP3TjffmmQU","name":"어둠의 섬","title":"어둠의 섬","description":"fromginu@outlook.com SNS: https://www.instagram.com/kro.hyn 아일랜드, 2023 TVING: ...","channelTitle":"신기누설: 영화를 그리다","channelId":"UCgMawr4F7HQML8kqROLeobQ","publishedAt":"2023-01-26T10:30:12","thumbnails":{"medium":{"url":"https://i.ytimg.com/vi/VP3TjffmmQU/mqdefault.jpg","width":320,"height":180},"high":{"url":"https://i.ytimg.com/vi/VP3TjffmmQU/hqdefault.jpg","width":480,"height":360},"default":{"url":"https://i.ytimg.com/vi/VP3TjffmmQU/default.jpg","width":120,"height":90}},"url":"https://www.youtube.com/watch?v=VP3TjffmmQU","searchQuery":"","pageNumber":""},{"videoId":"xIlnnQJ2ePE","name":"신부적","title":"신부적","description":"김시선 #낮에뜨는달 #ena채널 ENA드라마 ≪낮에 뜨는 달≫ 3화~4화의 내용입니다. 매주 수, 목 밤 9시 ENA 방영 1~2화는 ...","channelTitle":"김시선","channelId":"UC79hJz6y1EEiIkwfHOuWC4w","publishedAt":"2023-11-10T08:00:37","thumbnails":{"medium":{"url":"https://i.ytimg.com/vi/xIlnnQJ2ePE/mqdefault.jpg","width":320,"height":180},"high":{"url":"https://i.ytimg.com/vi/xIlnnQJ2ePE/hqdefault.jpg","width":480,"height":360},"default":{"url":"https://i.ytimg.com/vi/xIlnnQJ2ePE/default.jpg","width":120,"height":90}},"url":"https://www.youtube.com/watch?v=xIlnnQJ2ePE","searchQuery":"","pageNumber":""},{"videoId":"ltJtk_uZovk","name":"불꽃의 전사들","title":"불꽃의 전사들","description":"한입에 즐기는 중국드라마 몰아보기 '한입차이나' 판타지 무협 대작 #열염 전편 몰아보기! 조국을 잃고 절망 속에 추락한 인족의 왕자 ...","channelTitle":"채널차이나","channelId":"UC1OeRozux20H3PmWzbqtVaA","publishedAt":"2025-09-09T02:56:28","thumbnails":{"medium":{"url":"https://i.ytimg.com/vi/ltJtk_uZovk/mqdefault.jpg","width":320,"height":180},"high":{"url":"https://i.ytimg.com/vi/ltJtk_uZovk/hqdefault.jpg","width":480,"height":360},"default":{"url":"https://i.ytimg.com/vi/ltJtk_uZovk/default.jpg","width":120,"height":90}},"url":"https://www.youtube.com/watch?v=ltJtk_uZovk","searchQuery":"","pageNumber":""},{"videoId":"2wg3n8VXZT4","name":"운명적 재회","title":"운명적 재회","description":"【영화명】요괴대전: 서생과 구미호(青丘缘起) 【출연진】강녕(康宁), 가정우(贾征宇) 【소개】시험을 보러 길을 떠난 선비 포송릉은 ...","channelTitle":"iQIYI 한글자막 영화 - Get the iQIYI APP","channelId":"UCk7pMgsgMvvyIb1f0khc89A","publishedAt":"2025-07-16T11:00:06","thumbnails":{"medium":{"url":"https://i.ytimg.com/vi/2wg3n8VXZT4/mqdefault.jpg","width":320,"height":180},"high":{"url":"https://i.ytimg.com/vi/2wg3n8VXZT4/hqdefault.jpg","width":480,"height":360},"default":{"url":"https://i.ytimg.com/vi/2wg3n8VXZT4/default.jpg","width":120,"height":90}},"url":"https://www.youtube.com/watch?v=2wg3n8VXZT4","searchQuery":"","pageNumber":""},{"videoId":"Yf6RUy153wU","name":"늑대의 복수","title":"늑대의 복수","description":"【영화명】늑대 전설: 천계의 복수（异域狼孩） 【출연진】왕홍상(王洪祥), 장집준(张集骏) 【소개】운명이 사나운 남주 천살은 ...","channelTitle":"iQIYI 한글자막 영화 - Get the iQIYI APP","channelId":"UCk7pMgsgMvvyIb1f0khc89A","publishedAt":"2025-08-27T11:00:06","thumbnails":{"medium":{"url":"https://i.ytimg.com/vi/Yf6RUy153wU/mqdefault.jpg","width":320,"height":180},"high":{"url":"https://i.ytimg.com/vi/Yf6RUy153wU/hqdefault.jpg","width":480,"height":360},"default":{"url":"https://i.ytimg.com/vi/Yf6RUy153wU/default.jpg","width":120,"height":90}},"url":"https://www.youtube.com/watch?v=Yf6RUy153wU","searchQuery":"","pageNumber":""},{"videoId":"KUatI5rO9rc","name":"어둠의 섬","title":"어둠의 섬","description":"아일랜드, 2023 TVING: https://www.tving.com/contents/P001665114 #아일랜드 #드라마리뷰 #몰아보기 Intro: ...","channelTitle":"신기누설: 영화를 그리다","channelId":"UCgMawr4F7HQML8kqROLeobQ","publishedAt":"2023-02-25T06:30:04","thumbnails":{"medium":{"url":"https://i.ytimg.com/vi/KUatI5rO9rc/mqdefault.jpg","width":320,"height":180},"high":{"url":"https://i.ytimg.com/vi/KUatI5rO9rc/hqdefault.jpg","width":480,"height":360},"default":{"url":"https://i.ytimg.com/vi/KUatI5rO9rc/default.jpg","width":120,"height":90}},"url":"https://www.youtube.com/watch?v=KUatI5rO9rc","searchQuery":"","pageNumber":""},{"videoId":"7CLivmOlgyM","name":"싸움과 의사급의 돈","title":"싸움과 의사급의 돈","description":"수지 #이민정 #공유 18살, 질풍노도의 시기를 겪는 청소년이 어느 순간 30살 남자가 되어 벌어지는 이야기를 그린 로맨스 판타지 ...","channelTitle":"김시선","channelId":"UC79hJz6y1EEiIkwfHOuWC4w","publishedAt":"2025-07-30T08:00:07","thumbnails":{"medium":{"url":"https://i.ytimg.com/vi/7CLivmOlgyM/mqdefault.jpg","width":320,"height":180},"high":{"url":"https://i.ytimg.com/vi/7CLivmOlgyM/hqdefault.jpg","width":480,"height":360},"default":{"url":"https://i.ytimg.com/vi/7CLivmOlgyM/default.jpg","width":120,"height":90}},"url":"https://www.youtube.com/watch?v=7CLivmOlgyM","searchQuery":"","pageNumber":""},{"videoId":"jTEHDIC_b64","name":"여우 요괴와 서생의 애정","title":"여우 요괴와 서생의 애정","description":"【영화명】요재신편:영녕(聊斋新编之婴宁) 【출연진】주우붕(周宇鹏), 마훼(马卉) 【소개】서생 왕자복은 아름다운 영녕에게 일견에 ...","channelTitle":"iQIYI 한글자막 영화 - Get the iQIYI APP","channelId":"UCk7pMgsgMvvyIb1f0khc89A","publishedAt":"2025-01-26T12:00:06","thumbnails":{"medium":{"url":"https://i.ytimg.com/vi/jTEHDIC_b64/mqdefault.jpg","width":320,"height":180},"high":{"url":"https://i.ytimg.com/vi/jTEHDIC_b64/hqdefault.jpg","width":480,"height":360},"default":{"url":"https://i.ytimg.com/vi/jTEHDIC_b64/default.jpg","width":120,"height":90}},"url":"https://www.youtube.com/watch?v=jTEHDIC_b64","searchQuery":"","pageNumber":""},{"videoId":"0NVieo0klt4","name":"망자의 그림자","title":"망자의 그림자","description":"오늘의 영상은 드라마 '섀도우 앤 본' 입니다 :) #드라마리뷰 #넷플릭스.","channelTitle":"엔스Ens","channelId":"UC_Aly3X5CdojHdRDGmKi1ow","publishedAt":"2023-03-04T09:30:00","thumbnails":{"medium":{"url":"https://i.ytimg.com/vi/0NVieo0klt4/mqdefault.jpg","width":320,"height":180},"high":{"url":"https://i.ytimg.com/vi/0NVieo0klt4/hqdefault.jpg","width":480,"height":360},"default":{"url":"https://i.ytimg.com/vi/0NVieo0klt4/default.jpg","width":120,"height":90}},"url":"https://www.youtube.com/watch?v=0NVieo0klt4","searchQuery":"","pageNumber":""},{"videoId":"pB6hP7x5D3U","name":"어둠의 환상 속으로","title":"어둠의 환상 속으로","description":"비즈니스 문의 : tycmcosjf22@gmail.com 본 편 제대로 즐겨보기! - https://www.disneyplus.com/ko-kr - 영상의 저작권은 배급사측에 ...","channelTitle":"무비체인","channelId":"UC0m6ygdHkY8T8y3U3eyQoOQ","publishedAt":"2024-11-24T13:18:31","thumbnails":{"medium":{"url":"https://i.ytimg.com/vi/pB6hP7x5D3U/mqdefault.jpg","width":320,"height":180},"high":{"url":"https://i.ytimg.com/vi/pB6hP7x5D3U/hqdefault.jpg","width":480,"height":360},"default":{"url":"https://i.ytimg.com/vi/pB6hP7x5D3U/default.jpg","width":120,"height":90}},"url":"https://www.youtube.com/watch?v=pB6hP7x5D3U","searchQuery":"","pageNumber":""},{"videoId":"jjkLEmoPdL4","name":"처음부터 끝까지","title":"처음부터 끝까지","description":"재밌다고 난리난 최신SF 스릴러 [머더봇 다이어리 1~6화]몰아보기 #애플티비플러스 #알렉산더스카스가드 #SF추천 #카랑스릴러 ...","channelTitle":"카랑Karang","channelId":"UCcfz-8gGDYJfaRHYD7kkQpw","publishedAt":"2025-07-07T10:34:21","thumbnails":{"medium":{"url":"https://i.ytimg.com/vi/jjkLEmoPdL4/mqdefault.jpg","width":320,"height":180},"high":{"url":"https://i.ytimg.com/vi/jjkLEmoPdL4/hqdefault.jpg","width":480,"height":360},"default":{"url":"https://i.ytimg.com/vi/jjkLEmoPdL4/default.jpg","width":120,"height":90}},"url":"https://www.youtube.com/watch?v=jjkLEmoPdL4","searchQuery":"","pageNumber":""},{"videoId":"fQ31KwbnWVI","name":"요정의 사랑","title":"요정의 사랑","description":"【봉래간| Fairyland Lovers】이 드라마는 천병과 영물의 이야기를 다루고 있는데 천병은 외계 행성에서 온 외계인이고 영물은 뭔가 ...","channelTitle":"WeTV Korea - Get the WeTV APP","channelId":"UCh_UniRTLdPwKHpNyb_ABiQ","publishedAt":"2020-03-28T06:00:10","thumbnails":{"medium":{"url":"https://i.ytimg.com/vi/fQ31KwbnWVI/mqdefault.jpg","width":320,"height":180},"high":{"url":"https://i.ytimg.com/vi/fQ31KwbnWVI/hqdefault.jpg","width":480,"height":360},"default":{"url":"https://i.ytimg.com/vi/fQ31KwbnWVI/default.jpg","width":120,"height":90}},"url":"https://www.youtube.com/watch?v=fQ31KwbnWVI","searchQuery":"","pageNumber":""},{"videoId":"ZLbi_5Kwfxg","name":"요정의 연인들","title":"요정의 연인들","description":"【봉래간| Fairyland Lovers】이 드라마는 천병과 영물의 이야기를 다루고 있는데 천병은 외계 행성에서 온 외계인이고 영물은 뭔가 ...","channelTitle":"WeTV Korea - Get the WeTV APP","channelId":"UCh_UniRTLdPwKHpNyb_ABiQ","publishedAt":"2020-03-27T12:30:04","thumbnails":{"medium":{"url":"https://i.ytimg.com/vi/ZLbi_5Kwfxg/mqdefault.jpg","width":320,"height":180},"high":{"url":"https://i.ytimg.com/vi/ZLbi_5Kwfxg/hqdefault.jpg","width":480,"height":360},"default":{"url":"https://i.ytimg.com/vi/ZLbi_5Kwfxg/default.jpg","width":120,"height":90}},"url":"https://www.youtube.com/watch?v=ZLbi_5Kwfxg","searchQuery":"","pageNumber":""},{"videoId":"dh3iConf7VE","name":"첫날밤을 가져버린 고수","title":"첫날밤을 가져버린 고수","description":"평범한 여대생의 영혼이 깃든 로맨스 소설 속 병풍 단역이 소설 최강 집착 남주와 하룻밤을 보내며 펼쳐지는 '노브레이크' 경로 이탈 ...","channelTitle":"김시선","channelId":"UC79hJz6y1EEiIkwfHOuWC4w","publishedAt":"2025-06-28T10:01:04","thumbnails":{"medium":{"url":"https://i.ytimg.com/vi/dh3iConf7VE/mqdefault.jpg","width":320,"height":180},"high":{"url":"https://i.ytimg.com/vi/dh3iConf7VE/hqdefault.jpg","width":480,"height":360},"default":{"url":"https://i.ytimg.com/vi/dh3iConf7VE/default.jpg","width":120,"height":90}},"url":"https://www.youtube.com/watch?v=dh3iConf7VE","searchQuery":"","pageNumber":""},{"videoId":"BVc0NHO75AQ","name":"돌싱남들의 판타지","title":"돌싱남들의 판타지","description":"프렌즈앤네이버스 #애플티비플러스 #어퍼컷Tube 프렌즈 앤 네이버스는 애플티비플러스에서 시청 가능합니다 *화이트리스트 및 ...","channelTitle":"어퍼컷Tube","channelId":"UCuK80YHBZyyKrr2B1oHrgrw","publishedAt":"2025-05-02T10:00:31","thumbnails":{"medium":{"url":"https://i.ytimg.com/vi/BVc0NHO75AQ/mqdefault.jpg","width":320,"height":180},"high":{"url":"https://i.ytimg.com/vi/BVc0NHO75AQ/hqdefault.jpg","width":480,"height":360},"default":{"url":"https://i.ytimg.com/vi/BVc0NHO75AQ/default.jpg","width":120,"height":90}},"url":"https://www.youtube.com/watch?v=BVc0NHO75AQ","searchQuery":"","pageNumber":""},{"videoId":"tiE5pEP1wLI","name":"길잡이","title":"길잡이","description":"[아시아앤 스튜디오] 구독하기 https://www.youtube.com/c/아시아앤스튜디오ASIANSTUDIO '신은' 전 회차 감상하기 ...","channelTitle":"아시아앤 스튜디오 AsiaN STUDIO ","channelId":"UCSc9kf6Ca9K402UyXwhKVew","publishedAt":"2024-04-30T10:00:48","thumbnails":{"medium":{"url":"https://i.ytimg.com/vi/tiE5pEP1wLI/mqdefault.jpg","width":320,"height":180},"high":{"url":"https://i.ytimg.com/vi/tiE5pEP1wLI/hqdefault.jpg","width":480,"height":360},"default":{"url":"https://i.ytimg.com/vi/tiE5pEP1wLI/default.jpg","width":120,"height":90}},"url":"https://www.youtube.com/watch?v=tiE5pEP1wLI","searchQuery":"","pageNumber":""},{"videoId":"3F_AXeXjObc","name":"미쳤다","title":"미쳤다","description":"영화리뷰 #결말포함 #시간순삭 2025년 올해 본 드라마 중... 1위를 주고 싶은 드라마를 추천합니다. 수십 편의 드라마를 봤지만.","channelTitle":"꿀잠리뷰","channelId":"UCRJD6_GSrZC2OuvRlx1EucA","publishedAt":"2025-10-06T03:06:21","thumbnails":{"medium":{"url":"https://i.ytimg.com/vi/3F_AXeXjObc/mqdefault.jpg","width":320,"height":180},"high":{"url":"https://i.ytimg.com/vi/3F_AXeXjObc/hqdefault.jpg","width":480,"height":360},"default":{"url":"https://i.ytimg.com/vi/3F_AXeXjObc/default.jpg","width":120,"height":90}},"url":"https://www.youtube.com/watch?v=3F_AXeXjObc","searchQuery":"","pageNumber":""},{"videoId":"DygD54kVt6g","name":"진짜 악마의 퇴치","title":"진짜 악마의 퇴치","description":"지무비 #드라마 #마이 데몬 드라마 ≪마이 데몬≫, 1화~2화의 내용입니다. 채널 SBS에서 매주 금,토 밤 10시 00분 방영됩니다.","channelTitle":"지무비 : G Movie","channelId":"UCaHGOzOyeYzLQeKsVkfLEGA","publishedAt":"2023-11-25T14:30:04","thumbnails":{"medium":{"url":"https://i.ytimg.com/vi/DygD54kVt6g/mqdefault.jpg","width":320,"height":180},"high":{"url":"https://i.ytimg.com/vi/DygD54kVt6g/hqdefault.jpg","width":480,"height":360},"default":{"url":"https://i.ytimg.com/vi/DygD54kVt6g/default.jpg","width":120,"height":90}},"url":"https://www.youtube.com/watch?v=DygD54kVt6g","searchQuery":"","pageNumber":""},{"videoId":"av09faTyIDM","name":"묘의 비밀","title":"묘의 비밀","description":"iQiyi 앱을 다운로드하시면, 전편을 한글 자막으로 무료 시청하실 수 있습니다. website：http://bit.ly/iQiyiweb app：http://bit.ly/iqappkrf ...","channelTitle":"iQIYI Korea - Get the iQIYI APP","channelId":"UCe_jHM7FDRmcl22GSjrbYug","publishedAt":"2021-07-14T11:00:11","thumbnails":{"medium":{"url":"https://i.ytimg.com/vi/av09faTyIDM/mqdefault.jpg","width":320,"height":180},"high":{"url":"https://i.ytimg.com/vi/av09faTyIDM/hqdefault.jpg","width":480,"height":360},"default":{"url":"https://i.ytimg.com/vi/av09faTyIDM/default.jpg","width":120,"height":90}},"url":"https://www.youtube.com/watch?v=av09faTyIDM","searchQuery":"","pageNumber":""},{"videoId":"01-zZLaZdVg","name":"신비로운 연인들","title":"신비로운 연인들","description":"【봉래간| Fairyland Lovers】이 드라마는 천병과 영물의 이야기를 다루고 있는데 천병은 외계 행성에서 온 외계인이고 영물은 뭔가 ...","channelTitle":"WeTV Korea - Get the WeTV APP","channelId":"UCh_UniRTLdPwKHpNyb_ABiQ","publishedAt":"2020-03-28T11:00:00","thumbnails":{"medium":{"url":"https://i.ytimg.com/vi/01-zZLaZdVg/mqdefault.jpg","width":320,"height":180},"high":{"url":"https://i.ytimg.com/vi/01-zZLaZdVg/hqdefault.jpg","width":480,"height":360},"default":{"url":"https://i.ytimg.com/vi/01-zZLaZdVg/default.jpg","width":120,"height":90}},"url":"https://www.youtube.com/watch?v=01-zZLaZdVg","searchQuery":"","pageNumber":""},{"videoId":"j-GzqYX9rEc","name":"노예의 반란","title":"노예의 반란","description":"안녕하세요^^ 채널 어바웃타임 입니다. 오늘 소개해드릴 작품은 카니발 로 시즌1+2합본 입니다. 비즈니스 문의: ...","channelTitle":"어바웃타임 (About time)","channelId":"UCxn_EHVOJnrEJBZY2p3E6Sg","publishedAt":"2024-04-12T03:00:31","thumbnails":{"medium":{"url":"https://i.ytimg.com/vi/j-GzqYX9rEc/mqdefault.jpg","width":320,"height":180},"high":{"url":"https://i.ytimg.com/vi/j-GzqYX9rEc/hqdefault.jpg","width":480,"height":360},"default":{"url":"https://i.ytimg.com/vi/j-GzqYX9rEc/default.jpg","width":120,"height":90}},"url":"https://www.youtube.com/watch?v=j-GzqYX9rEc","searchQuery":"","pageNumber":""},{"videoId":"yrvH2U2wiHc","name":"은밀한 관계","title":"은밀한 관계","description":"관계를 맺은 사람들 사이에 연결된 붉은 선, 일명 S라인이 보이기 시작하면서 감춰졌던 진실이 드러나는 판타지 스릴러 드라마 ≪S ...","channelTitle":"김시선","channelId":"UC79hJz6y1EEiIkwfHOuWC4w","publishedAt":"2025-07-11T08:01:13","thumbnails":{"medium":{"url":"https://i.ytimg.com/vi/yrvH2U2wiHc/mqdefault.jpg","width":320,"height":180},"high":{"url":"https://i.ytimg.com/vi/yrvH2U2wiHc/hqdefault.jpg","width":480,"height":360},"default":{"url":"https://i.ytimg.com/vi/yrvH2U2wiHc/default.jpg","width":120,"height":90}},"url":"https://www.youtube.com/watch?v=yrvH2U2wiHc","searchQuery":"","pageNumber":""},{"videoId":"FJ3rTCfORds","name":"악의 역사","title":"악의 역사","description":"영화 제목: 레드 소냐 (2025) 이 영상은 제가 직접 작성한 스크립트를 바탕으로 제작한 리뷰 영상입니다. 즐겁게 봐주세요. 감사합니다!","channelTitle":"다씨네_ Da Cine","channelId":"UCfNpXQxq5VCGrt4Sv8zaKxA","publishedAt":"2025-09-04T11:00:06","thumbnails":{"medium":{"url":"https://i.ytimg.com/vi/FJ3rTCfORds/mqdefault.jpg","width":320,"height":180},"high":{"url":"https://i.ytimg.com/vi/FJ3rTCfORds/hqdefault.jpg","width":480,"height":360},"default":{"url":"https://i.ytimg.com/vi/FJ3rTCfORds/default.jpg","width":120,"height":90}},"url":"https://www.youtube.com/watch?v=FJ3rTCfORds","searchQuery":"","pageNumber":""},{"videoId":"mL2vp4Q32bo","name":"불꽃의 이야기","title":"불꽃의 이야기","description":"아이유 #이준기 #netflix #드라마몰아보기 안녕하세요 여러분! 시간순삭드라마 입니다! 앞으로 더 재미있는 드라마들을 업로드할 예정 ...","channelTitle":"시간순삭드라마","channelId":"UCyqaJmP9daEjhVu9lg7SzmA","publishedAt":"2025-09-26T08:01:05","thumbnails":{"medium":{"url":"https://i.ytimg.com/vi/mL2vp4Q32bo/mqdefault.jpg","width":320,"height":180},"high":{"url":"https://i.ytimg.com/vi/mL2vp4Q32bo/hqdefault.jpg","width":480,"height":360},"default":{"url":"https://i.ytimg.com/vi/mL2vp4Q32bo/default.jpg","width":120,"height":90}},"url":"https://www.youtube.com/watch?v=mL2vp4Q32bo","searchQuery":"","pageNumber":""},{"videoId":"mOdi_jZ17AI","name":"마법생물과의 전쟁","title":"마법생물과의 전쟁","description":"오늘은 넷플릭스 오리지널 '잭 모턴과 언더월드'를 소개해봅니다! 1부 : 00:00 2부 : 48:14 #넷플릭스 #드라마리뷰.","channelTitle":"엔스Ens","channelId":"UC_Aly3X5CdojHdRDGmKi1ow","publishedAt":"2022-02-19T00:30:13","thumbnails":{"medium":{"url":"https://i.ytimg.com/vi/mOdi_jZ17AI/mqdefault.jpg","width":320,"height":180},"high":{"url":"https://i.ytimg.com/vi/mOdi_jZ17AI/hqdefault.jpg","width":480,"height":360},"default":{"url":"https://i.ytimg.com/vi/mOdi_jZ17AI/default.jpg","width":120,"height":90}},"url":"https://www.youtube.com/watch?v=mOdi_jZ17AI","searchQuery":"","pageNumber":""},{"videoId":"uhxOb7sNSEE","name":"대장장이의 성장","title":"대장장이의 성장","description":"[아시아앤 스튜디오] 구독하기 https://www.youtube.com/c/아시아앤스튜디오ASIANSTUDIO '투라대륙' 전 회차 감상하기 ...","channelTitle":"아시아앤 스튜디오 AsiaN STUDIO ","channelId":"UCSc9kf6Ca9K402UyXwhKVew","publishedAt":"2023-10-26T10:01:00","thumbnails":{"medium":{"url":"https://i.ytimg.com/vi/uhxOb7sNSEE/mqdefault.jpg","width":320,"height":180},"high":{"url":"https://i.ytimg.com/vi/uhxOb7sNSEE/hqdefault.jpg","width":480,"height":360},"default":{"url":"https://i.ytimg.com/vi/uhxOb7sNSEE/default.jpg","width":120,"height":90}},"url":"https://www.youtube.com/watch?v=uhxOb7sNSEE","searchQuery":"","pageNumber":""},{"videoId":"sndsxw0fFHo","name":"시간을 넘어 온 반전","title":"시간을 넘어 온 반전","description":"[365: 운명을 거스르는 1년] 몰아보기 하편 https://youtu.be/MIA-8qWOmgI 드라마 본편은 웨이브에서 서비스 중입니다 ...","channelTitle":"조곤조곤LUCY_REVIEW","channelId":"UCnSVHjZwwUWL2WgY3f-1u2A","publishedAt":"2021-11-20T07:44:00","thumbnails":{"medium":{"url":"https://i.ytimg.com/vi/sndsxw0fFHo/mqdefault.jpg","width":320,"height":180},"high":{"url":"https://i.ytimg.com/vi/sndsxw0fFHo/hqdefault.jpg","width":480,"height":360},"default":{"url":"https://i.ytimg.com/vi/sndsxw0fFHo/default.jpg","width":120,"height":90}},"url":"https://www.youtube.com/watch?v=sndsxw0fFHo","searchQuery":"","pageNumber":""},{"videoId":"Tyt0mghMQPE","name":"인간과 요괴의 전투","title":"인간과 요괴의 전투","description":"인간과 요괴의 러브 스토리, 과연 이룰 수 있을까? 【영화명】부상유호(#扶桑有狐) 【출연진】마사초(马思超), 쑨야리(孙雅丽) ...","channelTitle":"iQIYI 한글자막 영화 - Get the iQIYI APP","channelId":"UCk7pMgsgMvvyIb1f0khc89A","publishedAt":"2024-12-04T12:00:06","thumbnails":{"medium":{"url":"https://i.ytimg.com/vi/Tyt0mghMQPE/mqdefault.jpg","width":320,"height":180},"high":{"url":"https://i.ytimg.com/vi/Tyt0mghMQPE/hqdefault.jpg","width":480,"height":360},"default":{"url":"https://i.ytimg.com/vi/Tyt0mghMQPE/default.jpg","width":120,"height":90}},"url":"https://www.youtube.com/watch?v=Tyt0mghMQPE","searchQuery":"","pageNumber":""},{"videoId":"7Pev29pGoys","name":"어장 정리와 미인의 출현","title":"어장 정리와 미인의 출현","description":"드라마 #몰아보기 #리뷰 #신예은 ✓드라마 이어보기 https://tv.jtbc.co.kr/replay/pr10011228/pm10060562 ✓해당 콘텐트는 모든 권리 ...","channelTitle":"리뷰 봐야지","channelId":"UC0Urb8B5andfbxzHOtQy6rA","publishedAt":"2023-09-12T09:00:04","thumbnails":{"medium":{"url":"https://i.ytimg.com/vi/7Pev29pGoys/mqdefault.jpg","width":320,"height":180},"high":{"url":"https://i.ytimg.com/vi/7Pev29pGoys/hqdefault.jpg","width":480,"height":360},"default":{"url":"https://i.ytimg.com/vi/7Pev29pGoys/default.jpg","width":120,"height":90}},"url":"https://www.youtube.com/watch?v=7Pev29pGoys","searchQuery":"","pageNumber":""},{"videoId":"Ii9ZERFZtVs","name":"인간과 요괴의 전투","title":"인간과 요괴의 전투","description":"인간과 요괴를 초월한 사랑과 희생의 이야기 ！！！ 【출연진】질리안 청,임우위 (钟欣桐，林佑威)| 장몽,이가명(张檬，李嘉铭) ...","channelTitle":"iQIYI 한글자막 영화 - Get the iQIYI APP","channelId":"UCk7pMgsgMvvyIb1f0khc89A","publishedAt":"2024-11-30T12:00:06","thumbnails":{"medium":{"url":"https://i.ytimg.com/vi/Ii9ZERFZtVs/mqdefault.jpg","width":320,"height":180},"high":{"url":"https://i.ytimg.com/vi/Ii9ZERFZtVs/hqdefault.jpg","width":480,"height":360},"default":{"url":"https://i.ytimg.com/vi/Ii9ZERFZtVs/default.jpg","width":120,"height":90}},"url":"https://www.youtube.com/watch?v=Ii9ZERFZtVs","searchQuery":"","pageNumber":""},{"videoId":"rBaxV1sz6-M","name":"마녀사냥꾼들","title":"마녀사냥꾼들","description":"[미중일반응]미국언론“KPOP데몬헌터스에 이어 93개국 올킬하며 전 세계를 강타한 K판타지 드라마!”“또 한국이 세계를 강타할 드라마 ...","channelTitle":"정치클라쓰TV","channelId":"UCdzsoRaD0JzASmWaEYEZX1Q","publishedAt":"2025-08-26T22:01:03","thumbnails":{"medium":{"url":"https://i.ytimg.com/vi/rBaxV1sz6-M/mqdefault.jpg","width":320,"height":180},"high":{"url":"https://i.ytimg.com/vi/rBaxV1sz6-M/hqdefault.jpg","width":480,"height":360},"default":{"url":"https://i.ytimg.com/vi/rBaxV1sz6-M/default.jpg","width":120,"height":90}},"url":"https://www.youtube.com/watch?v=rBaxV1sz6-M","searchQuery":"","pageNumber":""},{"videoId":"5OrzwcuaMi0","name":"모래시계","title":"모래시계","description":"로맨스중드 #무협중드 #중드추천 #영야성하 #cdrama #넷플릭스중드추천 #티빙중드추천.","channelTitle":"탑공","channelId":"UCmCHCm1t7LMjbaXlheTcXRw","publishedAt":"2025-01-12T00:00:06","thumbnails":{"medium":{"url":"https://i.ytimg.com/vi/5OrzwcuaMi0/mqdefault.jpg","width":320,"height":180},"high":{"url":"https://i.ytimg.com/vi/5OrzwcuaMi0/hqdefault.jpg","width":480,"height":360},"default":{"url":"https://i.ytimg.com/vi/5OrzwcuaMi0/default.jpg","width":120,"height":90}},"url":"https://www.youtube.com/watch?v=5OrzwcuaMi0","searchQuery":"","pageNumber":""},{"videoId":"8KRSxPlPKmc","name":"불사신의 구원","title":"불사신의 구원","description":"유령 보는 노무사의 좌충우돌 노동 문제 해결기를 담은 코믹 판타지 활극 드라마 ≪노무사 노무진≫ 3화~4화의 내용입니다.","channelTitle":"김시선","channelId":"UC79hJz6y1EEiIkwfHOuWC4w","publishedAt":"2025-06-08T01:00:13","thumbnails":{"medium":{"url":"https://i.ytimg.com/vi/8KRSxPlPKmc/mqdefault.jpg","width":320,"height":180},"high":{"url":"https://i.ytimg.com/vi/8KRSxPlPKmc/hqdefault.jpg","width":480,"height":360},"default":{"url":"https://i.ytimg.com/vi/8KRSxPlPKmc/default.jpg","width":120,"height":90}},"url":"https://www.youtube.com/watch?v=8KRSxPlPKmc","searchQuery":"","pageNumber":""},{"videoId":"NTE0lrCXPC8","name":"어둠의 왕국","title":"어둠의 왕국","description":"이번 영화는 《반 헬싱》입니다 개인적으로 다크 판타지 장르 중에 가장 재밌게 본 영화죠     *웨이브에서 시청하실 수 있습니다 ...","channelTitle":"진리의 영화","channelId":"UC3P0QN3fUNBd7v3VLzHeh0A","publishedAt":"2025-07-11T10:18:26","thumbnails":{"medium":{"url":"https://i.ytimg.com/vi/NTE0lrCXPC8/mqdefault.jpg","width":320,"height":180},"high":{"url":"https://i.ytimg.com/vi/NTE0lrCXPC8/hqdefault.jpg","width":480,"height":360},"default":{"url":"https://i.ytimg.com/vi/NTE0lrCXPC8/default.jpg","width":120,"height":90}},"url":"https://www.youtube.com/watch?v=NTE0lrCXPC8","searchQuery":"","pageNumber":""},{"videoId":"tIy5qtQc0xQ","name":"불사신의 비밀","title":"불사신의 비밀","description":"평범한 여대생의 영혼이 깃든 로맨스 소설 속 병풍 단역이 소설 최강 집착 남주와 하룻밤을 보내며 펼쳐지는 '노브레이크' 경로 이탈 ...","channelTitle":"김시선","channelId":"UC79hJz6y1EEiIkwfHOuWC4w","publishedAt":"2025-06-14T01:00:57","thumbnails":{"medium":{"url":"https://i.ytimg.com/vi/tIy5qtQc0xQ/mqdefault.jpg","width":320,"height":180},"high":{"url":"https://i.ytimg.com/vi/tIy5qtQc0xQ/hqdefault.jpg","width":480,"height":360},"default":{"url":"https://i.ytimg.com/vi/tIy5qtQc0xQ/default.jpg","width":120,"height":90}},"url":"https://www.youtube.com/watch?v=tIy5qtQc0xQ","searchQuery":"","pageNumber":""},{"videoId":"eCtM42CQ8Vw","name":"모두 이루어질지니","title":"모두 이루어질지니","description":"[해외반응]“넷플릭스 '다 이루어질지니'또 전 세계 판타지 1위 통합반응!”“이 K판타지는 전 세계 최고의 판타지드라마다!” #다이루어질 ...","channelTitle":"정치클라쓰TV","channelId":"UCdzsoRaD0JzASmWaEYEZX1Q","publishedAt":"2025-10-07T22:00:42","thumbnails":{"medium":{"url":"https://i.ytimg.com/vi/eCtM42CQ8Vw/mqdefault.jpg","width":320,"height":180},"high":{"url":"https://i.ytimg.com/vi/eCtM42CQ8Vw/hqdefault.jpg","width":480,"height":360},"default":{"url":"https://i.ytimg.com/vi/eCtM42CQ8Vw/default.jpg","width":120,"height":90}},"url":"https://www.youtube.com/watch?v=eCtM42CQ8Vw","searchQuery":"","pageNumber":""},{"videoId":"UVEZijR1shQ","name":"사이코지만 괜찮아","title":"사이코지만 괜찮아","description":"[아시아앤 스튜디오] 구독하기 https://www.youtube.com/c/아시아앤스튜디오ASIANSTUDIO [중드 입문작] 정주행 Let's Go   ...","channelTitle":"아시아앤 스튜디오 AsiaN STUDIO ","channelId":"UCSc9kf6Ca9K402UyXwhKVew","publishedAt":"2025-06-28T09:00:42","thumbnails":{"medium":{"url":"https://i.ytimg.com/vi/UVEZijR1shQ/mqdefault.jpg","width":320,"height":180},"high":{"url":"https://i.ytimg.com/vi/UVEZijR1shQ/hqdefault.jpg","width":480,"height":360},"default":{"url":"https://i.ytimg.com/vi/UVEZijR1shQ/default.jpg","width":120,"height":90}},"url":"https://www.youtube.com/watch?v=UVEZijR1shQ","searchQuery":"","pageNumber":""},{"videoId":"JT5r-2hKHEA","name":"혼돈의 세계","title":"혼돈의 세계","description":"(현)예니밍 @yeniming1 ☆(구)예니밍 @yeniming2 ☆인스타그램 yeniming.","channelTitle":"예니밍","channelId":"UCmDKlBL0GKzVMDNjaOTcung","publishedAt":"2022-09-08T09:32:08","thumbnails":{"medium":{"url":"https://i.ytimg.com/vi/JT5r-2hKHEA/mqdefault.jpg","width":320,"height":180},"high":{"url":"https://i.ytimg.com/vi/JT5r-2hKHEA/hqdefault.jpg","width":480,"height":360},"default":{"url":"https://i.ytimg.com/vi/JT5r-2hKHEA/default.jpg","width":120,"height":90}},"url":"https://www.youtube.com/watch?v=JT5r-2hKHEA","searchQuery":"","pageNumber":""},{"videoId":"47ZOSqu5SMY","name":"마법사와 악마의 전쟁","title":"마법사와 악마의 전쟁","description":"넷플릭스 위쳐 보기 전 위쳐 소설과 게임까지 세계관을 한방에 정리! [캡틴라미 인스타그램] https://www.instagram.com/captainramy/ ...","channelTitle":"캡틴라미[captain ramy]","channelId":"UCVE-zq_yK_InhsVaJPQEttw","publishedAt":"2019-12-20T08:28:07","thumbnails":{"medium":{"url":"https://i.ytimg.com/vi/47ZOSqu5SMY/mqdefault.jpg","width":320,"height":180},"high":{"url":"https://i.ytimg.com/vi/47ZOSqu5SMY/hqdefault.jpg","width":480,"height":360},"default":{"url":"https://i.ytimg.com/vi/47ZOSqu5SMY/default.jpg","width":120,"height":90}},"url":"https://www.youtube.com/watch?v=47ZOSqu5SMY","searchQuery":"","pageNumber":""},{"videoId":"4YYjyX1fNP0","name":"시간 제한","title":"시간 제한","description":"00:00 〈선과 악의 학교〉 19:29 〈어떤 사랑〉 #영화리뷰 #결말포함 #넷플릭스.","channelTitle":"진리의 영화","channelId":"UC3P0QN3fUNBd7v3VLzHeh0A","publishedAt":"2025-04-03T10:54:17","thumbnails":{"medium":{"url":"https://i.ytimg.com/vi/4YYjyX1fNP0/mqdefault.jpg","width":320,"height":180},"high":{"url":"https://i.ytimg.com/vi/4YYjyX1fNP0/hqdefault.jpg","width":480,"height":360},"default":{"url":"https://i.ytimg.com/vi/4YYjyX1fNP0/default.jpg","width":120,"height":90}},"url":"https://www.youtube.com/watch?v=4YYjyX1fNP0","searchQuery":"","pageNumber":""},{"videoId":"xFLs6ttC1DE","name":"하늘 위로의 다섯 년","title":"하늘 위로의 다섯 년","description":"비즈니스 문의 : tycmcosjf22@gmail.com 본 편 제대로 즐겨보기! - https://www.netflix.com/title/80197989 제목 - 매니페스트 영상의 ...","channelTitle":"무비체인","channelId":"UC0m6ygdHkY8T8y3U3eyQoOQ","publishedAt":"2023-07-23T09:57:34","thumbnails":{"medium":{"url":"https://i.ytimg.com/vi/xFLs6ttC1DE/mqdefault.jpg","width":320,"height":180},"high":{"url":"https://i.ytimg.com/vi/xFLs6ttC1DE/hqdefault.jpg","width":480,"height":360},"default":{"url":"https://i.ytimg.com/vi/xFLs6ttC1DE/default.jpg","width":120,"height":90}},"url":"https://www.youtube.com/watch?v=xFLs6ttC1DE","searchQuery":"","pageNumber":""},{"videoId":"3-ApOVGRLxk","name":"시간의 파편","title":"시간의 파편","description":"파운데이션, #애플TV, #어퍼컷Tube, 파운데이션은 애플TV+에서 시청가능합니다 2023년 파운데이션 시즌2가 공개될 예정입니다.","channelTitle":"어퍼컷Tube","channelId":"UCuK80YHBZyyKrr2B1oHrgrw","publishedAt":"2023-01-27T09:00:03","thumbnails":{"medium":{"url":"https://i.ytimg.com/vi/3-ApOVGRLxk/mqdefault.jpg","width":320,"height":180},"high":{"url":"https://i.ytimg.com/vi/3-ApOVGRLxk/hqdefault.jpg","width":480,"height":360},"default":{"url":"https://i.ytimg.com/vi/3-ApOVGRLxk/default.jpg","width":120,"height":90}},"url":"https://www.youtube.com/watch?v=3-ApOVGRLxk","searchQuery":"","pageNumber":""},{"videoId":"a8SdiGolVBI","name":"원시 부족민의 전설","title":"원시 부족민의 전설","description":"지무비 #드라마 #아스달연대 드라마 ≪아스달 연대기≫ 시즌1 전체 1화~18화의 내용입니다. 채널 tvN에서 이 다음 내용인 시즌2, ...","channelTitle":"지무비 : G Movie","channelId":"UCaHGOzOyeYzLQeKsVkfLEGA","publishedAt":"2023-08-17T08:00:00","thumbnails":{"medium":{"url":"https://i.ytimg.com/vi/a8SdiGolVBI/mqdefault.jpg","width":320,"height":180},"high":{"url":"https://i.ytimg.com/vi/a8SdiGolVBI/hqdefault.jpg","width":480,"height":360},"default":{"url":"https://i.ytimg.com/vi/a8SdiGolVBI/default.jpg","width":120,"height":90}},"url":"https://www.youtube.com/watch?v=a8SdiGolVBI","searchQuery":"","pageNumber":""},{"videoId":"0eE8-xDS1vs","name":"기억을 잃은 신","title":"기억을 잃은 신","description":"드라마: 아메리칸 갓 시즌1 ‍   어바웃타임 멤버십 가입 https://www.youtube.com/channel/UCxn_EHVOJnrEJBZY2p3E6Sg/join ...","channelTitle":"어바웃타임 (About time)","channelId":"UCxn_EHVOJnrEJBZY2p3E6Sg","publishedAt":"2025-03-12T07:00:02","thumbnails":{"medium":{"url":"https://i.ytimg.com/vi/0eE8-xDS1vs/mqdefault.jpg","width":320,"height":180},"high":{"url":"https://i.ytimg.com/vi/0eE8-xDS1vs/hqdefault.jpg","width":480,"height":360},"default":{"url":"https://i.ytimg.com/vi/0eE8-xDS1vs/default.jpg","width":120,"height":90}},"url":"https://www.youtube.com/watch?v=0eE8-xDS1vs","searchQuery":"","pageNumber":""}]