[{"videoId":"RVfow3e4510","name":"厨娘穿越成妃","title":"厨娘穿越成妃","description":"欢迎来到甜梦剧场！   超多题材，超甜剧情霸总、古装、复仇、爽文、追妻火葬场、逆袭…… 更多精彩短剧在这里等你！","channelTitle":"甜梦剧场","channelId":"UCYANeI_-jbGRXoZQrFBVY9w","publishedAt":"2024-12-13T03:45:17","thumbnails":{"medium":{"url":"https://i.ytimg.com/vi/RVfow3e4510/mqdefault.jpg","width":320,"height":180},"high":{"url":"https://i.ytimg.com/vi/RVfow3e4510/hqdefault.jpg","width":480,"height":360},"default":{"url":"https://i.ytimg.com/vi/RVfow3e4510/default.jpg","width":120,"height":90}},"url":"https://www.youtube.com/watch?v=RVfow3e4510","searchQuery":"","pageNumber":""},{"videoId":"DLe1_chDnDI","name":"肥王妃天天想和离","title":"肥王妃天天想和离","description":"欢迎来到甜心剧场     订阅+铃铛  完整版小甜剧等你来畅享！     Welcome to Sweetheart Theater ！Subscription+Bell -The ...","channelTitle":"甜心剧场","channelId":"UCxtyj33xcXX45PGdThUObww","publishedAt":"2024-12-28T01:00:10","thumbnails":{"medium":{"url":"https://i.ytimg.com/vi/DLe1_chDnDI/mqdefault.jpg","width":320,"height":180},"high":{"url":"https://i.ytimg.com/vi/DLe1_chDnDI/hqdefault.jpg","width":480,"height":360},"default":{"url":"https://i.ytimg.com/vi/DLe1_chDnDI/default.jpg","width":120,"height":90}},"url":"https://www.youtube.com/watch?v=DLe1_chDnDI","searchQuery":"","pageNumber":""},{"videoId":"QDy7cMOJ8Q4","name":"女总裁古村致富","title":"女总裁古村致富","description":"欢迎来到甜梦剧场！   超多题材，超甜剧情霸总、古装、复仇、爽文、追妻火葬场、逆袭…… 更多精彩短剧在这里等你！","channelTitle":"甜梦剧场","channelId":"UCYANeI_-jbGRXoZQrFBVY9w","publishedAt":"2025-06-14T18:58:44","thumbnails":{"medium":{"url":"https://i.ytimg.com/vi/QDy7cMOJ8Q4/mqdefault.jpg","width":320,"height":180},"high":{"url":"https://i.ytimg.com/vi/QDy7cMOJ8Q4/hqdefault.jpg","width":480,"height":360},"default":{"url":"https://i.ytimg.com/vi/QDy7cMOJ8Q4/default.jpg","width":120,"height":90}},"url":"https://www.youtube.com/watch?v=QDy7cMOJ8Q4","searchQuery":"","pageNumber":""},{"videoId":"k_IzaGda5fQ","name":"肥妃助登基","title":"肥妃助登基","description":"穿越#重生#甜寵#女頻#減肥#古裝#戀愛#肥妻#辣女#肥妻穿越娘親只想賺錢#肥妻重生娘親拽#film #chinesedrama #復仇#萌娃#萌 ...","channelTitle":"芒种短剧","channelId":"UCDJk1UUVkNbzybaPzfuCyIg","publishedAt":"2024-10-14T10:43:38","thumbnails":{"medium":{"url":"https://i.ytimg.com/vi/k_IzaGda5fQ/mqdefault.jpg","width":320,"height":180},"high":{"url":"https://i.ytimg.com/vi/k_IzaGda5fQ/hqdefault.jpg","width":480,"height":360},"default":{"url":"https://i.ytimg.com/vi/k_IzaGda5fQ/default.jpg","width":120,"height":90}},"url":"https://www.youtube.com/watch?v=k_IzaGda5fQ","searchQuery":"","pageNumber":""},{"videoId":"0YRvOGRinQk","name":"转嫁渣男叔","title":"转嫁渣男叔","description":"柯淳#王凱沐#何聰睿#王道铁#王奕然#沉思#姚冠宇#于龙#曾辉#左一#钟熙#余茵#孟娜#韩雨彤侯呈玥#赵慕颜#翟一莹#短劇#灰姑娘 ...","channelTitle":"暮暮短剧","channelId":"UCswEJ4bkqK6q98YKPku_P-w","publishedAt":"2025-06-19T12:00:03","thumbnails":{"medium":{"url":"https://i.ytimg.com/vi/0YRvOGRinQk/mqdefault.jpg","width":320,"height":180},"high":{"url":"https://i.ytimg.com/vi/0YRvOGRinQk/hqdefault.jpg","width":480,"height":360},"default":{"url":"https://i.ytimg.com/vi/0YRvOGRinQk/default.jpg","width":120,"height":90}},"url":"https://www.youtube.com/watch?v=0YRvOGRinQk","searchQuery":"","pageNumber":""},{"videoId":"LErJx_YjC8k","name":"军官后妈宠","title":"军官后妈宠","description":"欢迎来到甜梦剧场！   超多题材，超甜剧情霸总、古装、复仇、爽文、追妻火葬场、逆袭…… 更多精彩短剧在这里等你！","channelTitle":"甜梦剧场","channelId":"UCYANeI_-jbGRXoZQrFBVY9w","publishedAt":"2025-06-14T19:20:08","thumbnails":{"medium":{"url":"https://i.ytimg.com/vi/LErJx_YjC8k/mqdefault.jpg","width":320,"height":180},"high":{"url":"https://i.ytimg.com/vi/LErJx_YjC8k/hqdefault.jpg","width":480,"height":360},"default":{"url":"https://i.ytimg.com/vi/LErJx_YjC8k/default.jpg","width":120,"height":90}},"url":"https://www.youtube.com/watch?v=LErJx_YjC8k","searchQuery":"","pageNumber":""},{"videoId":"KWTxWQi37xc","name":"丑女逆袭变女神","title":"丑女逆袭变女神","description":"所有内容皆为正版授权内容感謝您的訂閱支持： Subscribe for more Chinese television dramas 订阅频道: ...","channelTitle":"热剧追捧","channelId":"UCdrCSohz41BUK-RHfL_yrKw","publishedAt":"2025-06-15T10:00:28","thumbnails":{"medium":{"url":"https://i.ytimg.com/vi/KWTxWQi37xc/mqdefault.jpg","width":320,"height":180},"high":{"url":"https://i.ytimg.com/vi/KWTxWQi37xc/hqdefault.jpg","width":480,"height":360},"default":{"url":"https://i.ytimg.com/vi/KWTxWQi37xc/default.jpg","width":120,"height":90}},"url":"https://www.youtube.com/watch?v=KWTxWQi37xc","searchQuery":"","pageNumber":""},{"videoId":"yhzuwvz5v78","name":"装傻逆袭签女神","title":"装傻逆袭签女神","description":"最新爽劇看不停，歡迎訂閱https://www.youtube.com/@UCSjCuY1_oF_EeNSqJBzCTEQ ✨本頻道均已獲得授權！ 每天准時更新 ...","channelTitle":"爽剧迷-CoolDrama","channelId":"UCSjCuY1_oF_EeNSqJBzCTEQ","publishedAt":"2025-05-06T10:01:38","thumbnails":{"medium":{"url":"https://i.ytimg.com/vi/yhzuwvz5v78/mqdefault.jpg","width":320,"height":180},"high":{"url":"https://i.ytimg.com/vi/yhzuwvz5v78/hqdefault.jpg","width":480,"height":360},"default":{"url":"https://i.ytimg.com/vi/yhzuwvz5v78/default.jpg","width":120,"height":90}},"url":"https://www.youtube.com/watch?v=yhzuwvz5v78","searchQuery":"","pageNumber":""},{"videoId":"xW9_RKu1AeQ","name":"首富孙子报恩情","title":"首富孙子报恩情","description":"【正版授權】 Subscribe for more Videos 订阅频道： ...","channelTitle":"独宠剧场","channelId":"UCao9fcO9ARxcutHU_g9d5cw","publishedAt":"2025-06-20T12:25:47","thumbnails":{"medium":{"url":"https://i.ytimg.com/vi/xW9_RKu1AeQ/mqdefault.jpg","width":320,"height":180},"high":{"url":"https://i.ytimg.com/vi/xW9_RKu1AeQ/hqdefault.jpg","width":480,"height":360},"default":{"url":"https://i.ytimg.com/vi/xW9_RKu1AeQ/default.jpg","width":120,"height":90}},"url":"https://www.youtube.com/watch?v=xW9_RKu1AeQ","searchQuery":"","pageNumber":""},{"videoId":"idec4YRloz4","name":"闪婚迷局：穷总裁的豪门戏  ","title":"闪婚迷局：穷总裁的豪门戏  ","description":"1080P無水印1—77集原片已經發布，點擊觀看完整版。 劇情簡介：江離隱瞞總裁身份去相親，想找個聽話的男人，林峻是成林集團 ...","channelTitle":"戀戀劇場-搶鮮版","channelId":"UCu7M9XRDN-dVd21LHCYm2yQ","publishedAt":"2024-07-20T13:00:40","thumbnails":{"medium":{"url":"https://i.ytimg.com/vi/idec4YRloz4/mqdefault.jpg","width":320,"height":180},"high":{"url":"https://i.ytimg.com/vi/idec4YRloz4/hqdefault.jpg","width":480,"height":360},"default":{"url":"https://i.ytimg.com/vi/idec4YRloz4/default.jpg","width":120,"height":90}},"url":"https://www.youtube.com/watch?v=idec4YRloz4","searchQuery":"","pageNumber":""},{"videoId":"WX3ikA0KcAg","name":"修车工竟是战神归来  ","title":"修车工竟是战神归来  ","description":"歡迎訂閱爆燃短劇KingDrama，爆燃短劇都在這裡！ 最新熱劇看不停，盡在頻道Subscribe Now: ...","channelTitle":"爆燃短劇KingDrama","channelId":"UCpWCTBFILVQZ0NXCr9FekNw","publishedAt":"2025-06-13T03:50:28","thumbnails":{"medium":{"url":"https://i.ytimg.com/vi/WX3ikA0KcAg/mqdefault.jpg","width":320,"height":180},"high":{"url":"https://i.ytimg.com/vi/WX3ikA0KcAg/hqdefault.jpg","width":480,"height":360},"default":{"url":"https://i.ytimg.com/vi/WX3ikA0KcAg/default.jpg","width":120,"height":90}},"url":"https://www.youtube.com/watch?v=WX3ikA0KcAg","searchQuery":"","pageNumber":""},{"videoId":"JDllYvgQ75I","name":"拜金女后悔弃修车工  ","title":"拜金女后悔弃修车工  ","description":"【歡迎訂閲】小爽追短劇！最爽短劇都在這裡！！ 小爽追短劇https://www.youtube.com/channel/UCWYQM6xgaV_e_GldGUCcK4Q ...","channelTitle":"小爽追短劇","channelId":"UCWYQM6xgaV_e_GldGUCcK4Q","publishedAt":"2025-06-16T06:21:38","thumbnails":{"medium":{"url":"https://i.ytimg.com/vi/JDllYvgQ75I/mqdefault.jpg","width":320,"height":180},"high":{"url":"https://i.ytimg.com/vi/JDllYvgQ75I/hqdefault.jpg","width":480,"height":360},"default":{"url":"https://i.ytimg.com/vi/JDllYvgQ75I/default.jpg","width":120,"height":90}},"url":"https://www.youtube.com/watch?v=JDllYvgQ75I","searchQuery":"","pageNumber":""},{"videoId":"ZrfHaMayfwA","name":"契约恋爱法则  ","title":"契约恋爱法则  ","description":"我们的短剧是经过认真制作的原创作品，绝对没有任何不良引导或危险行为。 富家小姐遭到未婚夫的背叛，还好霸總及時 ...","channelTitle":"古麦嘉禾精选短剧","channelId":"UCDFkdy5fYO0m7cyg9YCKFHA","publishedAt":"2023-03-19T06:00:13","thumbnails":{"medium":{"url":"https://i.ytimg.com/vi/ZrfHaMayfwA/mqdefault.jpg","width":320,"height":180},"high":{"url":"https://i.ytimg.com/vi/ZrfHaMayfwA/hqdefault.jpg","width":480,"height":360},"default":{"url":"https://i.ytimg.com/vi/ZrfHaMayfwA/default.jpg","width":120,"height":90}},"url":"https://www.youtube.com/watch?v=ZrfHaMayfwA","searchQuery":"","pageNumber":""},{"videoId":"VzuWBRM3a_Y","name":"八零闪婚总裁宠","title":"八零闪婚总裁宠","description":"欢迎来到芙芙追剧！精彩短剧全集看不停✨ Welcome to Fufu Chasing Drama！Watch the full collection of wonderful short ...","channelTitle":"JOWO芙芙追剧","channelId":"UCaCru8sowL6nlxkaoKAAcqw","publishedAt":"2024-10-16T07:00:20","thumbnails":{"medium":{"url":"https://i.ytimg.com/vi/VzuWBRM3a_Y/mqdefault.jpg","width":320,"height":180},"high":{"url":"https://i.ytimg.com/vi/VzuWBRM3a_Y/hqdefault.jpg","width":480,"height":360},"default":{"url":"https://i.ytimg.com/vi/VzuWBRM3a_Y/default.jpg","width":120,"height":90}},"url":"https://www.youtube.com/watch?v=VzuWBRM3a_Y","searchQuery":"","pageNumber":""},{"videoId":"Kgiq5wVNwag","name":"寒门状元逆袭恨","title":"寒门状元逆袭恨","description":"男频#爽文#短剧#逆袭#shortfilm 歡迎大家關註我的頻道！","channelTitle":"Top Drama list","channelId":"UCr3gYyVEA1PQdUg27pCXzeg","publishedAt":"2024-02-14T09:30:08","thumbnails":{"medium":{"url":"https://i.ytimg.com/vi/Kgiq5wVNwag/mqdefault.jpg","width":320,"height":180},"high":{"url":"https://i.ytimg.com/vi/Kgiq5wVNwag/hqdefault.jpg","width":480,"height":360},"default":{"url":"https://i.ytimg.com/vi/Kgiq5wVNwag/default.jpg","width":120,"height":90}},"url":"https://www.youtube.com/watch?v=Kgiq5wVNwag","searchQuery":"","pageNumber":""},{"videoId":"CaBGsU0ZduY","name":"穿越，从青楼开始","title":"穿越，从青楼开始","description":"","channelTitle":"八神剧场","channelId":"UC3yIaZIO62_DRzxc5czTNjQ","publishedAt":"2023-08-28T09:56:02","thumbnails":{"medium":{"url":"https://i.ytimg.com/vi/CaBGsU0ZduY/mqdefault.jpg","width":320,"height":180},"high":{"url":"https://i.ytimg.com/vi/CaBGsU0ZduY/hqdefault.jpg","width":480,"height":360},"default":{"url":"https://i.ytimg.com/vi/CaBGsU0ZduY/default.jpg","width":120,"height":90}},"url":"https://www.youtube.com/watch?v=CaBGsU0ZduY","searchQuery":"","pageNumber":""},{"videoId":"AJP3ry2C9p8","name":"考古博士穿弃妃获爱","title":"考古博士穿弃妃获爱","description":"【正版授權】 Subscribe for more Videos 订阅频道： ...","channelTitle":"独宠剧场","channelId":"UCao9fcO9ARxcutHU_g9d5cw","publishedAt":"2025-06-19T12:19:07","thumbnails":{"medium":{"url":"https://i.ytimg.com/vi/AJP3ry2C9p8/mqdefault.jpg","width":320,"height":180},"high":{"url":"https://i.ytimg.com/vi/AJP3ry2C9p8/hqdefault.jpg","width":480,"height":360},"default":{"url":"https://i.ytimg.com/vi/AJP3ry2C9p8/default.jpg","width":120,"height":90}},"url":"https://www.youtube.com/watch?v=AJP3ry2C9p8","searchQuery":"","pageNumber":""},{"videoId":"xm475TNMj8k","name":"小伙玩转青楼","title":"小伙玩转青楼","description":"男频#爽文#短剧#逆袭#shortfilm 歡迎大家關註我的頻道！","channelTitle":"Top Drama list","channelId":"UCr3gYyVEA1PQdUg27pCXzeg","publishedAt":"2023-10-21T09:30:15","thumbnails":{"medium":{"url":"https://i.ytimg.com/vi/xm475TNMj8k/mqdefault.jpg","width":320,"height":180},"high":{"url":"https://i.ytimg.com/vi/xm475TNMj8k/hqdefault.jpg","width":480,"height":360},"default":{"url":"https://i.ytimg.com/vi/xm475TNMj8k/default.jpg","width":120,"height":90}},"url":"https://www.youtube.com/watch?v=xm475TNMj8k","searchQuery":"","pageNumber":""},{"videoId":"Nfy6T1BQMOU","name":"破产少爷的同事","title":"破产少爷的同事","description":"剧名：【JMWHQNYMZTS】 欢迎来到短劇上頭社！ 精彩短剧全集看不停！Watch the full collection of wonderful short dramas✨ ...","channelTitle":"短剧上頭社","channelId":"UCymvmjQqMb_dEQ8_WG1_w9A","publishedAt":"2025-06-18T11:00:43","thumbnails":{"medium":{"url":"https://i.ytimg.com/vi/Nfy6T1BQMOU/mqdefault.jpg","width":320,"height":180},"high":{"url":"https://i.ytimg.com/vi/Nfy6T1BQMOU/hqdefault.jpg","width":480,"height":360},"default":{"url":"https://i.ytimg.com/vi/Nfy6T1BQMOU/default.jpg","width":120,"height":90}},"url":"https://www.youtube.com/watch?v=Nfy6T1BQMOU","searchQuery":"","pageNumber":""},{"videoId":"DVWRUsasuBU","name":"美女总裁倒追","title":"美女总裁倒追","description":"【歡迎訂閲】穿越爽劇場https://youtube.com/channel/UCTSktV0WEDk-s34YUP9nINg?si=mNlJfZ5SyW27uZcQ 每日準時更新 ...","channelTitle":"穿越爽劇場ShortTV","channelId":"UCTSktV0WEDk-s34YUP9nINg","publishedAt":"2025-06-20T11:00:24","thumbnails":{"medium":{"url":"https://i.ytimg.com/vi/DVWRUsasuBU/mqdefault.jpg","width":320,"height":180},"high":{"url":"https://i.ytimg.com/vi/DVWRUsasuBU/hqdefault.jpg","width":480,"height":360},"default":{"url":"https://i.ytimg.com/vi/DVWRUsasuBU/default.jpg","width":120,"height":90}},"url":"https://www.youtube.com/watch?v=DVWRUsasuBU","searchQuery":"","pageNumber":""},{"videoId":"2Sc3F_hshZc","name":"被霸凌后的身份","title":"被霸凌后的身份","description":"歡迎來到  閃蝶劇場！這裏有超多精彩好劇陪你度過美好時光，絕對讓你追劇追到停不下來！ 抓緊訂閱喲，不然下一個大爆劇可就從 ...","channelTitle":"闪蝶剧场DramaHub","channelId":"UCKVKTLDXVjlTjjIoJKOhJcw","publishedAt":"2025-06-17T08:30:01","thumbnails":{"medium":{"url":"https://i.ytimg.com/vi/2Sc3F_hshZc/mqdefault.jpg","width":320,"height":180},"high":{"url":"https://i.ytimg.com/vi/2Sc3F_hshZc/hqdefault.jpg","width":480,"height":360},"default":{"url":"https://i.ytimg.com/vi/2Sc3F_hshZc/default.jpg","width":120,"height":90}},"url":"https://www.youtube.com/watch?v=2Sc3F_hshZc","searchQuery":"","pageNumber":""},{"videoId":"B-Ep-F6nW6k","name":"租个总裁男友","title":"租个总裁男友","description":"柯淳#王凱沐#何聰睿#王道铁#王奕然#沉思#姚冠宇#于龙#曾辉#左一#钟熙#余茵#孟娜#韩雨彤侯呈玥#赵慕颜#翟一莹#短劇#灰姑娘 ...","channelTitle":"朝朝短剧","channelId":"UCZG2RYht0TeVOpaIrQqC3XQ","publishedAt":"2025-06-14T10:00:15","thumbnails":{"medium":{"url":"https://i.ytimg.com/vi/B-Ep-F6nW6k/mqdefault.jpg","width":320,"height":180},"high":{"url":"https://i.ytimg.com/vi/B-Ep-F6nW6k/hqdefault.jpg","width":480,"height":360},"default":{"url":"https://i.ytimg.com/vi/B-Ep-F6nW6k/default.jpg","width":120,"height":90}},"url":"https://www.youtube.com/watch?v=B-Ep-F6nW6k","searchQuery":"","pageNumber":""},{"videoId":"BNxOA_sNQ5E","name":"神眼复仇霸凌","title":"神眼复仇霸凌","description":"Subscribe for more videos: https://www.youtube.com/channel/UCmZHuajT1zjl2vYfbL5EmUg? sub_confirmation=1 BJWLM ...","channelTitle":"上瘾毒剧场","channelId":"UCmZHuajT1zjl2vYfbL5EmUg","publishedAt":"2025-06-20T09:30:11","thumbnails":{"medium":{"url":"https://i.ytimg.com/vi/BNxOA_sNQ5E/mqdefault.jpg","width":320,"height":180},"high":{"url":"https://i.ytimg.com/vi/BNxOA_sNQ5E/hqdefault.jpg","width":480,"height":360},"default":{"url":"https://i.ytimg.com/vi/BNxOA_sNQ5E/default.jpg","width":120,"height":90}},"url":"https://www.youtube.com/watch?v=BNxOA_sNQ5E","searchQuery":"","pageNumber":""},{"videoId":"DGXAF6WkOS8","name":"外卖叔是首富爹","title":"外卖叔是首富爹","description":"ZQ ❤️歡迎订阅@風嘯短劇WindShort ❤️更多爆款中國爽劇在此观看全集！ Watch full episodes of top-hit Chinese dramas right ...","channelTitle":"風嘯短劇WindShort","channelId":"UCK3_x3vBQEima3O9Tq-chGg","publishedAt":"2025-06-19T09:06:17","thumbnails":{"medium":{"url":"https://i.ytimg.com/vi/DGXAF6WkOS8/mqdefault.jpg","width":320,"height":180},"high":{"url":"https://i.ytimg.com/vi/DGXAF6WkOS8/hqdefault.jpg","width":480,"height":360},"default":{"url":"https://i.ytimg.com/vi/DGXAF6WkOS8/default.jpg","width":120,"height":90}},"url":"https://www.youtube.com/watch?v=DGXAF6WkOS8","searchQuery":"","pageNumber":""},{"videoId":"eZOTsk5_08g","name":"四总裁争宠","title":"四总裁争宠","description":"傲天出品必屬精品歡迎訂閱@傲天短劇NO1SHORT觀賞更多精彩影集The products produced by Aotian must be high-quality ...","channelTitle":"傲天短劇NO1SHORT","channelId":"UCOAilPvoZg_zNFMl3DWXX3w","publishedAt":"2025-04-23T13:01:46","thumbnails":{"medium":{"url":"https://i.ytimg.com/vi/eZOTsk5_08g/mqdefault.jpg","width":320,"height":180},"high":{"url":"https://i.ytimg.com/vi/eZOTsk5_08g/hqdefault.jpg","width":480,"height":360},"default":{"url":"https://i.ytimg.com/vi/eZOTsk5_08g/default.jpg","width":120,"height":90}},"url":"https://www.youtube.com/watch?v=eZOTsk5_08g","searchQuery":"","pageNumber":""},{"videoId":"zeaw0JlyaJE","name":"撞破出轨后的复仇","title":"撞破出轨后的复仇","description":"歡迎大家來到星光短劇場   我們會持續更新海量爆款短劇，大家可以點個 ...","channelTitle":"星光短劇場","channelId":"UCuSn8xHZ5hc2_qtou7lOqZw","publishedAt":"2025-06-16T13:31:12","thumbnails":{"medium":{"url":"https://i.ytimg.com/vi/zeaw0JlyaJE/mqdefault.jpg","width":320,"height":180},"high":{"url":"https://i.ytimg.com/vi/zeaw0JlyaJE/hqdefault.jpg","width":480,"height":360},"default":{"url":"https://i.ytimg.com/vi/zeaw0JlyaJE/default.jpg","width":120,"height":90}},"url":"https://www.youtube.com/watch?v=zeaw0JlyaJE","searchQuery":"","pageNumber":""},{"videoId":"0gvxRpbj5tI","name":"穷养儿子当老板","title":"穷养儿子当老板","description":"該頻道上傳發佈內容均為漫森(深圳)文化传媒有限公司原創獨家版權，其餘發布者均為盜版！非常感謝大家對正版的支持！ 歡迎 ...","channelTitle":"漫森剧场","channelId":"UCoeImDyxrj5TNzLj5UZ13sg","publishedAt":"2024-12-31T08:00:02","thumbnails":{"medium":{"url":"https://i.ytimg.com/vi/0gvxRpbj5tI/mqdefault.jpg","width":320,"height":180},"high":{"url":"https://i.ytimg.com/vi/0gvxRpbj5tI/hqdefault.jpg","width":480,"height":360},"default":{"url":"https://i.ytimg.com/vi/0gvxRpbj5tI/default.jpg","width":120,"height":90}},"url":"https://www.youtube.com/watch?v=0gvxRpbj5tI","searchQuery":"","pageNumber":""},{"videoId":"fKWbt_x7hSI","name":"五萌宝找爹","title":"五萌宝找爹","description":"本剧一切皆为戏剧效果！请勿模仿！ Everything in this play is for dramatic effect! Please do not imitate! 【BBLXDDJDL】 #精彩短 ...","channelTitle":"狂焰爽剧","channelId":"UCw3il8YOddox9RIGh7_tPhQ","publishedAt":"2025-06-16T10:01:05","thumbnails":{"medium":{"url":"https://i.ytimg.com/vi/fKWbt_x7hSI/mqdefault.jpg","width":320,"height":180},"high":{"url":"https://i.ytimg.com/vi/fKWbt_x7hSI/hqdefault.jpg","width":480,"height":360},"default":{"url":"https://i.ytimg.com/vi/fKWbt_x7hSI/default.jpg","width":120,"height":90}},"url":"https://www.youtube.com/watch?v=fKWbt_x7hSI","searchQuery":"","pageNumber":""},{"videoId":"FpPjvLgFEzY","name":"保姆的逆袭","title":"保姆的逆袭","description":"逆襲#都市#反轉#情感#神醫#親情#情感#男頻#爽劇#柯淳#王凱沐#何聰睿#王道铁#王奕然#沉思#姚冠宇#于龙#曾辉#左一#钟熙#余 ...","channelTitle":"橙星剧场ShortTV","channelId":"UCeOxx1MtWJntQaC0Du-xm9A","publishedAt":"2025-06-12T11:00:22","thumbnails":{"medium":{"url":"https://i.ytimg.com/vi/FpPjvLgFEzY/mqdefault.jpg","width":320,"height":180},"high":{"url":"https://i.ytimg.com/vi/FpPjvLgFEzY/hqdefault.jpg","width":480,"height":360},"default":{"url":"https://i.ytimg.com/vi/FpPjvLgFEzY/default.jpg","width":120,"height":90}},"url":"https://www.youtube.com/watch?v=FpPjvLgFEzY","searchQuery":"","pageNumber":""},{"videoId":"_z7yviDCZ3I","name":"神王的复仇","title":"神王的复仇","description":"BYZQSL DJ _ BCheng Subscribe for more Chinese television dramas 订阅频道: https://www.youtube.com/@BlazingCinemas 獨家 ...","channelTitle":"烈焰影視","channelId":"UCOzM_kTmMgul9xznM8Ba_iQ","publishedAt":"2025-06-16T10:58:21","thumbnails":{"medium":{"url":"https://i.ytimg.com/vi/_z7yviDCZ3I/mqdefault.jpg","width":320,"height":180},"high":{"url":"https://i.ytimg.com/vi/_z7yviDCZ3I/hqdefault.jpg","width":480,"height":360},"default":{"url":"https://i.ytimg.com/vi/_z7yviDCZ3I/default.jpg","width":120,"height":90}},"url":"https://www.youtube.com/watch?v=_z7yviDCZ3I","searchQuery":"","pageNumber":""},{"videoId":"aVDGJOLCUvM","name":"闪婚豪门继承人","title":"闪婚豪门继承人","description":"【正版授權】 If you like this channel, please click to subscribe to me, thank you! 更多精彩劇集【More Exciting ...","channelTitle":"甜宠剧透社","channelId":"UCbNHCDSkf-3BW_zY_e3gMJg","publishedAt":"2025-06-16T11:00:05","thumbnails":{"medium":{"url":"https://i.ytimg.com/vi/aVDGJOLCUvM/mqdefault.jpg","width":320,"height":180},"high":{"url":"https://i.ytimg.com/vi/aVDGJOLCUvM/hqdefault.jpg","width":480,"height":360},"default":{"url":"https://i.ytimg.com/vi/aVDGJOLCUvM/default.jpg","width":120,"height":90}},"url":"https://www.youtube.com/watch?v=aVDGJOLCUvM","searchQuery":"","pageNumber":""},{"videoId":"yFfw234lX0c","name":"豪门父子装病","title":"豪门父子装病","description":"Subscribe Here : youtube.com/@HuashengDrama Download APP to watch more amazing shorts： ...","channelTitle":"花笙TV","channelId":"UCP187tqGV7_ZgK-V2m8Ki4Q","publishedAt":"2025-05-01T00:00:06","thumbnails":{"medium":{"url":"https://i.ytimg.com/vi/yFfw234lX0c/mqdefault.jpg","width":320,"height":180},"high":{"url":"https://i.ytimg.com/vi/yFfw234lX0c/hqdefault.jpg","width":480,"height":360},"default":{"url":"https://i.ytimg.com/vi/yFfw234lX0c/default.jpg","width":120,"height":90}},"url":"https://www.youtube.com/watch?v=yFfw234lX0c","searchQuery":"","pageNumber":""},{"videoId":"URovtXs-z8A","name":"废物的真实实力","title":"废物的真实实力","description":"【正版授权】 Subscribe for more Videos 订阅 ...","channelTitle":"高能短剧社","channelId":"UCyasZ0qPYSY7iyL7IWEwhKA","publishedAt":"2025-06-19T10:50:01","thumbnails":{"medium":{"url":"https://i.ytimg.com/vi/URovtXs-z8A/mqdefault.jpg","width":320,"height":180},"high":{"url":"https://i.ytimg.com/vi/URovtXs-z8A/hqdefault.jpg","width":480,"height":360},"default":{"url":"https://i.ytimg.com/vi/URovtXs-z8A/default.jpg","width":120,"height":90}},"url":"https://www.youtube.com/watch?v=URovtXs-z8A","searchQuery":"","pageNumber":""},{"videoId":"x5dXAFQ8eno","name":"土妹的豪门缘","title":"土妹的豪门缘","description":"Subscribe for more Chinese television dramas 订阅频道: https://www.youtube.com/channel/UCWPh6AxY9nvPi8766jP-oiw 本剧 ...","channelTitle":"熱播喵 - Meow","channelId":"UCWPh6AxY9nvPi8766jP-oiw","publishedAt":"2025-06-16T23:00:59","thumbnails":{"medium":{"url":"https://i.ytimg.com/vi/x5dXAFQ8eno/mqdefault.jpg","width":320,"height":180},"high":{"url":"https://i.ytimg.com/vi/x5dXAFQ8eno/hqdefault.jpg","width":480,"height":360},"default":{"url":"https://i.ytimg.com/vi/x5dXAFQ8eno/default.jpg","width":120,"height":90}},"url":"https://www.youtube.com/watch?v=x5dXAFQ8eno","searchQuery":"","pageNumber":""},{"videoId":"lmBWnVEstWE","name":"白月光的爱恋","title":"白月光的爱恋","description":"點擊訂閱，精彩好劇等你來解鎖~ #女頻爽劇#霸道總裁#灰姑娘#追妻火葬場#chinesedrama #短劇#愛情#申浩男#柯淳#何健麒#舒童# ...","channelTitle":"星星追剧","channelId":"UCZhO3CdEnkTipB6sjy2jwCw","publishedAt":"2025-06-16T06:59:44","thumbnails":{"medium":{"url":"https://i.ytimg.com/vi/lmBWnVEstWE/mqdefault.jpg","width":320,"height":180},"high":{"url":"https://i.ytimg.com/vi/lmBWnVEstWE/hqdefault.jpg","width":480,"height":360},"default":{"url":"https://i.ytimg.com/vi/lmBWnVEstWE/default.jpg","width":120,"height":90}},"url":"https://www.youtube.com/watch?v=lmBWnVEstWE","searchQuery":"","pageNumber":""},{"videoId":"j3BMqHCFDco","name":"乞丐总裁复仇","title":"乞丐总裁复仇","description":"最新精彩短劇每日更新，訂閱我們Subscribe Now☞https://shorturl.at/CzS01 ▷▷更多免費短劇More Free Dramas: ...","channelTitle":"恋恋情深 LoveyDovey","channelId":"UCLkfJiRbjNT30DkrwwGSnlw","publishedAt":"2025-06-14T07:00:42","thumbnails":{"medium":{"url":"https://i.ytimg.com/vi/j3BMqHCFDco/mqdefault.jpg","width":320,"height":180},"high":{"url":"https://i.ytimg.com/vi/j3BMqHCFDco/hqdefault.jpg","width":480,"height":360},"default":{"url":"https://i.ytimg.com/vi/j3BMqHCFDco/default.jpg","width":120,"height":90}},"url":"https://www.youtube.com/watch?v=j3BMqHCFDco","searchQuery":"","pageNumber":""},{"videoId":"2EAZRkyQ5VM","name":"聋哑夫妻的好运","title":"聋哑夫妻的好运","description":"【歡迎訂閲】破繭短劇https://youtube.com/channel/UCHaWGNPXXfkkfn-VHSgspFg?si=7sgqc5vd9ssSdQG- 每日準時更新精彩 ...","channelTitle":"破繭短劇ShortTV","channelId":"UCHaWGNPXXfkkfn-VHSgspFg","publishedAt":"2025-06-12T10:00:04","thumbnails":{"medium":{"url":"https://i.ytimg.com/vi/2EAZRkyQ5VM/mqdefault.jpg","width":320,"height":180},"high":{"url":"https://i.ytimg.com/vi/2EAZRkyQ5VM/hqdefault.jpg","width":480,"height":360},"default":{"url":"https://i.ytimg.com/vi/2EAZRkyQ5VM/default.jpg","width":120,"height":90}},"url":"https://www.youtube.com/watch?v=2EAZRkyQ5VM","searchQuery":"","pageNumber":""},{"videoId":"mmApWugFBQ0","name":"爱火重燃噩梦","title":"爱火重燃噩梦","description":"更多热剧欢迎订阅| Subscribe now to watch more ...","channelTitle":"甜豆短剧社","channelId":"UCrj6IitcCsji7bSUQ5la-VA","publishedAt":"2025-06-15T12:30:51","thumbnails":{"medium":{"url":"https://i.ytimg.com/vi/mmApWugFBQ0/mqdefault.jpg","width":320,"height":180},"high":{"url":"https://i.ytimg.com/vi/mmApWugFBQ0/hqdefault.jpg","width":480,"height":360},"default":{"url":"https://i.ytimg.com/vi/mmApWugFBQ0/default.jpg","width":120,"height":90}},"url":"https://www.youtube.com/watch?v=mmApWugFBQ0","searchQuery":"","pageNumber":""},{"videoId":"26_-vWunjy8","name":"猪肉西施逆袭","title":"猪肉西施逆袭","description":"欢迎观看乐不可吱！ 持续更新优质热播短剧！ 剧名：【身份曝光后全校不淡定了】 本剧集所含情节皆为影视效果，部分素材已无 ...","channelTitle":"乐不可吱Short Drama","channelId":"UCVyJxeiQDrF9AZUbI267nOQ","publishedAt":"2025-06-14T10:00:09","thumbnails":{"medium":{"url":"https://i.ytimg.com/vi/26_-vWunjy8/mqdefault.jpg","width":320,"height":180},"high":{"url":"https://i.ytimg.com/vi/26_-vWunjy8/hqdefault.jpg","width":480,"height":360},"default":{"url":"https://i.ytimg.com/vi/26_-vWunjy8/default.jpg","width":120,"height":90}},"url":"https://www.youtube.com/watch?v=26_-vWunjy8","searchQuery":"","pageNumber":""},{"videoId":"Ra7maI-tHd0","name":"电竞少年夺冠","title":"电竞少年夺冠","description":"歡迎訂閲雷凌短劇社No1Drama每日準時更新超多好看無刪減短劇，雷凌短劇只做No1 #ChineseFilm#Chinesemovie#中國電視劇# ...","channelTitle":"雷凌短劇社No1Drama","channelId":"UCWjems-9LdDPKzOANOQ2RQw","publishedAt":"2025-06-17T10:00:53","thumbnails":{"medium":{"url":"https://i.ytimg.com/vi/Ra7maI-tHd0/mqdefault.jpg","width":320,"height":180},"high":{"url":"https://i.ytimg.com/vi/Ra7maI-tHd0/hqdefault.jpg","width":480,"height":360},"default":{"url":"https://i.ytimg.com/vi/Ra7maI-tHd0/default.jpg","width":120,"height":90}},"url":"https://www.youtube.com/watch?v=Ra7maI-tHd0","searchQuery":"","pageNumber":""},{"videoId":"F-on6QG1x8Q","name":"重生选霸总","title":"重生选霸总","description":"所有内容皆为正版授权内容感謝您的訂閱支持： Subscribe for more Chinese television dramas 订阅频道: ...","channelTitle":"热剧追捧","channelId":"UCdrCSohz41BUK-RHfL_yrKw","publishedAt":"2025-06-19T10:18:17","thumbnails":{"medium":{"url":"https://i.ytimg.com/vi/F-on6QG1x8Q/mqdefault.jpg","width":320,"height":180},"high":{"url":"https://i.ytimg.com/vi/F-on6QG1x8Q/hqdefault.jpg","width":480,"height":360},"default":{"url":"https://i.ytimg.com/vi/F-on6QG1x8Q/default.jpg","width":120,"height":90}},"url":"https://www.youtube.com/watch?v=F-on6QG1x8Q","searchQuery":"","pageNumber":""},{"videoId":"0qpkcPxayr4","name":"捡垃圾的系统","title":"捡垃圾的系统","description":"【歡迎訂閲】穿越爽劇場https://youtube.com/channel/UCTSktV0WEDk-s34YUP9nINg?si=mNlJfZ5SyW27uZcQ 每日準時更新 ...","channelTitle":"穿越爽劇場ShortTV","channelId":"UCTSktV0WEDk-s34YUP9nINg","publishedAt":"2025-06-05T04:00:04","thumbnails":{"medium":{"url":"https://i.ytimg.com/vi/0qpkcPxayr4/mqdefault.jpg","width":320,"height":180},"high":{"url":"https://i.ytimg.com/vi/0qpkcPxayr4/hqdefault.jpg","width":480,"height":360},"default":{"url":"https://i.ytimg.com/vi/0qpkcPxayr4/default.jpg","width":120,"height":90}},"url":"https://www.youtube.com/watch?v=0qpkcPxayr4","searchQuery":"","pageNumber":""},{"videoId":"EiKR_hVDEoY","name":"修车女遇大佬","title":"修车女遇大佬","description":"正版授权，欢迎订阅！ Subscribe for more Chinese television dramas 订阅频道: ...","channelTitle":"猫眼追剧","channelId":"UCFupRAVBq1K32bqy2ykMvWA","publishedAt":"2025-06-18T12:00:23","thumbnails":{"medium":{"url":"https://i.ytimg.com/vi/EiKR_hVDEoY/mqdefault.jpg","width":320,"height":180},"high":{"url":"https://i.ytimg.com/vi/EiKR_hVDEoY/hqdefault.jpg","width":480,"height":360},"default":{"url":"https://i.ytimg.com/vi/EiKR_hVDEoY/default.jpg","width":120,"height":90}},"url":"https://www.youtube.com/watch?v=EiKR_hVDEoY","searchQuery":"","pageNumber":""},{"videoId":"gRlSmpkN4f8","name":"绝症母女复仇","title":"绝症母女复仇","description":"【歡迎訂閲】霸霸追爽劇ShortTV https://youtube.com/@yebodrama?si=3iIkc-UdtXJsCjqb 即可觀看精彩內容！ 這裡致力於推薦 ...","channelTitle":"霸霸追爽劇ShortTV","channelId":"UCEXUit0tJoQR1-LMcWZvRqw","publishedAt":"2025-06-16T10:01:12","thumbnails":{"medium":{"url":"https://i.ytimg.com/vi/gRlSmpkN4f8/mqdefault.jpg","width":320,"height":180},"high":{"url":"https://i.ytimg.com/vi/gRlSmpkN4f8/hqdefault.jpg","width":480,"height":360},"default":{"url":"https://i.ytimg.com/vi/gRlSmpkN4f8/default.jpg","width":120,"height":90}},"url":"https://www.youtube.com/watch?v=gRlSmpkN4f8","searchQuery":"","pageNumber":""},{"videoId":"-jRSsm3wANk","name":"迷药后的宠爱","title":"迷药后的宠爱","description":"ZXJ- WNRCZM Subscribe for more Chinese television dramas订阅频道： ...","channelTitle":"追劇盟主","channelId":"UC2TwZ6f6PxBTRWcdjztcTiw","publishedAt":"2025-06-14T10:00:00","thumbnails":{"medium":{"url":"https://i.ytimg.com/vi/-jRSsm3wANk/mqdefault.jpg","width":320,"height":180},"high":{"url":"https://i.ytimg.com/vi/-jRSsm3wANk/hqdefault.jpg","width":480,"height":360},"default":{"url":"https://i.ytimg.com/vi/-jRSsm3wANk/default.jpg","width":120,"height":90}},"url":"https://www.youtube.com/watch?v=-jRSsm3wANk","searchQuery":"","pageNumber":""},{"videoId":"YwpRmVUdPaI","name":"八零辣媳致富","title":"八零辣媳致富","description":"欢迎来到乐不可吱！ 持续更新优质热门短剧！ 剧名：【我在八零的灿烂岁月】 本集所含情节皆为影视效果，部分素材已无害化 ...","channelTitle":"乐不可吱Short Drama","channelId":"UCVyJxeiQDrF9AZUbI267nOQ","publishedAt":"2025-06-18T10:00:54","thumbnails":{"medium":{"url":"https://i.ytimg.com/vi/YwpRmVUdPaI/mqdefault.jpg","width":320,"height":180},"high":{"url":"https://i.ytimg.com/vi/YwpRmVUdPaI/hqdefault.jpg","width":480,"height":360},"default":{"url":"https://i.ytimg.com/vi/YwpRmVUdPaI/default.jpg","width":120,"height":90}},"url":"https://www.youtube.com/watch?v=YwpRmVUdPaI","searchQuery":"","pageNumber":""},{"videoId":"4P84Cq25fPU","name":"断手神厨逆袭","title":"断手神厨逆袭","description":"點擊链接觀看更多熱門精彩爽劇~ https://bit.ly/46IYIzO 贅婿風雲劇場~最新~最全~最熱門~爽文翻拍短劇~~ 【爽文】【都市】【 ...","channelTitle":"贅婿風雲短劇","channelId":"UCH_P17liWwt5ndW2fy-G0ZA","publishedAt":"2025-02-05T03:26:18","thumbnails":{"medium":{"url":"https://i.ytimg.com/vi/4P84Cq25fPU/mqdefault.jpg","width":320,"height":180},"high":{"url":"https://i.ytimg.com/vi/4P84Cq25fPU/hqdefault.jpg","width":480,"height":360},"default":{"url":"https://i.ytimg.com/vi/4P84Cq25fPU/default.jpg","width":120,"height":90}},"url":"https://www.youtube.com/watch?v=4P84Cq25fPU","searchQuery":"","pageNumber":""},{"videoId":"QBfvTco-onc","name":"闪婚首富继承人","title":"闪婚首富继承人","description":"點擊訂閱，精彩好劇等你來解鎖~ #女頻爽劇#霸道總裁#灰姑娘#追妻火葬場#chinesedrama #短劇#愛情#申浩男#柯淳#何健麒#舒童# ...","channelTitle":"星星追剧","channelId":"UCZhO3CdEnkTipB6sjy2jwCw","publishedAt":"2025-06-19T08:00:28","thumbnails":{"medium":{"url":"https://i.ytimg.com/vi/QBfvTco-onc/mqdefault.jpg","width":320,"height":180},"high":{"url":"https://i.ytimg.com/vi/QBfvTco-onc/hqdefault.jpg","width":480,"height":360},"default":{"url":"https://i.ytimg.com/vi/QBfvTco-onc/default.jpg","width":120,"height":90}},"url":"https://www.youtube.com/watch?v=QBfvTco-onc","searchQuery":"","pageNumber":""},{"videoId":"w38drEXlfi8","name":"改嫁瘸腿大佬","title":"改嫁瘸腿大佬","description":"柯淳#王凱沐#何聰睿#王道铁#王奕然#沉思#姚冠宇#于龙#曾辉#左一#钟熙#余茵#孟娜#韩雨彤侯呈玥#赵慕颜#翟一莹#短劇#灰姑娘 ...","channelTitle":"暮暮短剧","channelId":"UCswEJ4bkqK6q98YKPku_P-w","publishedAt":"2025-06-08T09:01:16","thumbnails":{"medium":{"url":"https://i.ytimg.com/vi/w38drEXlfi8/mqdefault.jpg","width":320,"height":180},"high":{"url":"https://i.ytimg.com/vi/w38drEXlfi8/hqdefault.jpg","width":480,"height":360},"default":{"url":"https://i.ytimg.com/vi/w38drEXlfi8/default.jpg","width":120,"height":90}},"url":"https://www.youtube.com/watch?v=w38drEXlfi8","searchQuery":"","pageNumber":""},{"videoId":"Jm84bZv74Pk","name":"人夫的追妻路","title":"人夫的追妻路","description":"家庭#婚姻#家庭情感剧#都市情感剧#农村情感剧#蒋雯丽#蒋欣#刘德凯##chinesedrama #俞小凡#金巧巧《#欲望》全集 ...","channelTitle":"熱劇獨播","channelId":"UCxGl2gInULM7IqWLVcWv6Ng","publishedAt":"2025-06-20T13:00:06","thumbnails":{"medium":{"url":"https://i.ytimg.com/vi/Jm84bZv74Pk/mqdefault.jpg","width":320,"height":180},"high":{"url":"https://i.ytimg.com/vi/Jm84bZv74Pk/hqdefault.jpg","width":480,"height":360},"default":{"url":"https://i.ytimg.com/vi/Jm84bZv74Pk/default.jpg","width":120,"height":90}},"url":"https://www.youtube.com/watch?v=Jm84bZv74Pk","searchQuery":"","pageNumber":""},{"videoId":"mkF26l6z7GA","name":"捡垃圾闯天地","title":"捡垃圾闯天地","description":"所有内容皆为正版授权内容感謝您的訂閱支持： Subscribe for more Chinese television dramas 订阅频道: ...","channelTitle":"热剧追捧","channelId":"UCdrCSohz41BUK-RHfL_yrKw","publishedAt":"2025-06-16T00:00:57","thumbnails":{"medium":{"url":"https://i.ytimg.com/vi/mkF26l6z7GA/mqdefault.jpg","width":320,"height":180},"high":{"url":"https://i.ytimg.com/vi/mkF26l6z7GA/hqdefault.jpg","width":480,"height":360},"default":{"url":"https://i.ytimg.com/vi/mkF26l6z7GA/default.jpg","width":120,"height":90}},"url":"https://www.youtube.com/watch?v=mkF26l6z7GA","searchQuery":"","pageNumber":""},{"videoId":"GvuXQVHVyMQ","name":"穿越乡村逆袭","title":"穿越乡村逆袭","description":"吴昊♥️李智颖被杀后穿越到古代乡村，成了被遗弃的妻子！与丈夫和离后，她凭借现代知识事业成功，收获爱情！ [중국숏폼드라마 ...","channelTitle":"SueSue Drama","channelId":"UCBp6qCEkhTW3SJaA5Aerqaw","publishedAt":"2025-06-11T02:45:05","thumbnails":{"medium":{"url":"https://i.ytimg.com/vi/GvuXQVHVyMQ/mqdefault.jpg","width":320,"height":180},"high":{"url":"https://i.ytimg.com/vi/GvuXQVHVyMQ/hqdefault.jpg","width":480,"height":360},"default":{"url":"https://i.ytimg.com/vi/GvuXQVHVyMQ/default.jpg","width":120,"height":90}},"url":"https://www.youtube.com/watch?v=GvuXQVHVyMQ","searchQuery":"","pageNumber":""},{"videoId":"_C0JVJ78WvU","name":"重生后的心声","title":"重生后的心声","description":"甜剧热播#中国电视剧#霸道总裁和灰姑娘哈喽，大家好~ 这里是甜剧热播   每天更新最新热播精彩短剧   Future TV Copyright ...","channelTitle":"甜剧热播","channelId":"UCfEQZ6Id5Z35PlW6NxlM0-g","publishedAt":"2025-06-16T12:00:58","thumbnails":{"medium":{"url":"https://i.ytimg.com/vi/_C0JVJ78WvU/mqdefault.jpg","width":320,"height":180},"high":{"url":"https://i.ytimg.com/vi/_C0JVJ78WvU/hqdefault.jpg","width":480,"height":360},"default":{"url":"https://i.ytimg.com/vi/_C0JVJ78WvU/default.jpg","width":120,"height":90}},"url":"https://www.youtube.com/watch?v=_C0JVJ78WvU","searchQuery":"","pageNumber":""},{"videoId":"NdSOIm3XWJ0","name":"初恋的一夜","title":"初恋的一夜","description":"放慢0.75倍速可提升观看效果哦~ Slow down 0.75 times to improve viewing effect~ 【HTCTHT】 #云朗短剧#灰姑娘#霸總#追妻 ...","channelTitle":"云朗短剧","channelId":"UCQF_OX6ISwaMbxLJEklyk-g","publishedAt":"2025-06-15T12:00:39","thumbnails":{"medium":{"url":"https://i.ytimg.com/vi/NdSOIm3XWJ0/mqdefault.jpg","width":320,"height":180},"high":{"url":"https://i.ytimg.com/vi/NdSOIm3XWJ0/hqdefault.jpg","width":480,"height":360},"default":{"url":"https://i.ytimg.com/vi/NdSOIm3XWJ0/default.jpg","width":120,"height":90}},"url":"https://www.youtube.com/watch?v=NdSOIm3XWJ0","searchQuery":"","pageNumber":""},{"videoId":"-qtxYqJhhG4","name":"七年后的爱意","title":"七年后的爱意","description":"正版授权，欢迎订阅！ Subscribe for more Chinese television dramas 订阅频道: ...","channelTitle":"猫眼追剧","channelId":"UCFupRAVBq1K32bqy2ykMvWA","publishedAt":"2025-06-15T12:00:00","thumbnails":{"medium":{"url":"https://i.ytimg.com/vi/-qtxYqJhhG4/mqdefault.jpg","width":320,"height":180},"high":{"url":"https://i.ytimg.com/vi/-qtxYqJhhG4/hqdefault.jpg","width":480,"height":360},"default":{"url":"https://i.ytimg.com/vi/-qtxYqJhhG4/default.jpg","width":120,"height":90}},"url":"https://www.youtube.com/watch?v=-qtxYqJhhG4","searchQuery":"","pageNumber":""},{"videoId":"xRE72GM5orc","name":"闪婚教授","title":"闪婚教授","description":"这里有最新最热门的短剧视频     全网热门短剧每日更新！ 专注「复仇爽剧+甜宠虐恋+逆袭打脸」高能合集，拯救你的剧荒！","channelTitle":"小爱推文","channelId":"UCnq0mZlqQH9qST3mVVcEySA","publishedAt":"2025-06-17T00:45:14","thumbnails":{"medium":{"url":"https://i.ytimg.com/vi/xRE72GM5orc/mqdefault.jpg","width":320,"height":180},"high":{"url":"https://i.ytimg.com/vi/xRE72GM5orc/hqdefault.jpg","width":480,"height":360},"default":{"url":"https://i.ytimg.com/vi/xRE72GM5orc/default.jpg","width":120,"height":90}},"url":"https://www.youtube.com/watch?v=xRE72GM5orc","searchQuery":"","pageNumber":""},{"videoId":"MQoHsEmdL5Q","name":"重生找首富爹","title":"重生找首富爹","description":"我们强调了视频内容的合规性，绝对没有任何不良引导或危险行为YouTube最全的短剧分享都市、热血、玄幻、逆袭、爽文、女神你 ...","channelTitle":"梦幻沙雕剧场","channelId":"UC--uQBnXkaOyv-RBPLH9yDQ","publishedAt":"2022-12-04T08:00:07","thumbnails":{"medium":{"url":"https://i.ytimg.com/vi/MQoHsEmdL5Q/mqdefault.jpg","width":320,"height":180},"high":{"url":"https://i.ytimg.com/vi/MQoHsEmdL5Q/hqdefault.jpg","width":480,"height":360},"default":{"url":"https://i.ytimg.com/vi/MQoHsEmdL5Q/default.jpg","width":120,"height":90}},"url":"https://www.youtube.com/watch?v=MQoHsEmdL5Q","searchQuery":"","pageNumber":""},{"videoId":"MXlz81bYp7A","name":"神瞳识暗器","title":"神瞳识暗器","description":"【歡迎訂閲】穿越爽劇場https://youtube.com/channel/UCTSktV0WEDk-s34YUP9nINg?si=mNlJfZ5SyW27uZcQ 每日準時更新 ...","channelTitle":"穿越爽劇場ShortTV","channelId":"UCTSktV0WEDk-s34YUP9nINg","publishedAt":"2025-05-31T11:00:37","thumbnails":{"medium":{"url":"https://i.ytimg.com/vi/MXlz81bYp7A/mqdefault.jpg","width":320,"height":180},"high":{"url":"https://i.ytimg.com/vi/MXlz81bYp7A/hqdefault.jpg","width":480,"height":360},"default":{"url":"https://i.ytimg.com/vi/MXlz81bYp7A/default.jpg","width":120,"height":90}},"url":"https://www.youtube.com/watch?v=MXlz81bYp7A","searchQuery":"","pageNumber":""},{"videoId":"oFRnhmALdQE","name":"总裁独选中的她","title":"总裁独选中的她","description":"剧名：  【小菊的春天】   欢迎订阅我的频道：https://www.youtube.com/@UrbanLoveMelody/playlists 完整剧集 ...","channelTitle":"爱的旋律","channelId":"UCC4Z2QV1PA9PaXh5pfssRtg","publishedAt":"2025-06-16T12:01:20","thumbnails":{"medium":{"url":"https://i.ytimg.com/vi/oFRnhmALdQE/mqdefault.jpg","width":320,"height":180},"high":{"url":"https://i.ytimg.com/vi/oFRnhmALdQE/hqdefault.jpg","width":480,"height":360},"default":{"url":"https://i.ytimg.com/vi/oFRnhmALdQE/default.jpg","width":120,"height":90}},"url":"https://www.youtube.com/watch?v=oFRnhmALdQE","searchQuery":"","pageNumber":""},{"videoId":"bpzRMWUr0-s","name":"她的腰肢诱惑","title":"她的腰肢诱惑","description":"欢迎来到追剧酱的频道~ 分享最新鲜的女频小短剧！   如果你也短剧的忠实观众，欢迎点点订阅哦   声明：本频道短剧内容已获正版 ...","channelTitle":"追剧酱来啦💖Here Comes Drama-chan","channelId":"UCE5OpyuylKqxV4YSXRj58ZQ","publishedAt":"2025-06-13T16:00:58","thumbnails":{"medium":{"url":"https://i.ytimg.com/vi/bpzRMWUr0-s/mqdefault.jpg","width":320,"height":180},"high":{"url":"https://i.ytimg.com/vi/bpzRMWUr0-s/hqdefault.jpg","width":480,"height":360},"default":{"url":"https://i.ytimg.com/vi/bpzRMWUr0-s/default.jpg","width":120,"height":90}},"url":"https://www.youtube.com/watch?v=bpzRMWUr0-s","searchQuery":"","pageNumber":""},{"videoId":"P7gP75oZ6hU","name":"人心不足蛇吞象","title":"人心不足蛇吞象","description":"歡迎來到苦艾酒劇場在這裡，每一部短劇都是精心調製的獨特佳釀我們專注於多元題材，滿足你不同時刻的觀劇渴望不管你是忙碌 ...","channelTitle":"苦艾酒剧场","channelId":"UCnFlt6_Ai__zFYicU7913LA","publishedAt":"2025-06-13T02:00:21","thumbnails":{"medium":{"url":"https://i.ytimg.com/vi/P7gP75oZ6hU/mqdefault.jpg","width":320,"height":180},"high":{"url":"https://i.ytimg.com/vi/P7gP75oZ6hU/hqdefault.jpg","width":480,"height":360},"default":{"url":"https://i.ytimg.com/vi/P7gP75oZ6hU/default.jpg","width":120,"height":90}},"url":"https://www.youtube.com/watch?v=P7gP75oZ6hU","searchQuery":"","pageNumber":""},{"videoId":"ewKU_FRxOb4","name":"地摊女设计师","title":"地摊女设计师","description":"Subscribe for more videos: https://www.youtube.com/channel/UCt1T2TTTZq7PC4xJR5wU9Jw? sub_confirmation=1 点击右下角 ...","channelTitle":"追剧inDrama","channelId":"UCt1T2TTTZq7PC4xJR5wU9Jw","publishedAt":"2024-11-06T10:00:38","thumbnails":{"medium":{"url":"https://i.ytimg.com/vi/ewKU_FRxOb4/mqdefault.jpg","width":320,"height":180},"high":{"url":"https://i.ytimg.com/vi/ewKU_FRxOb4/hqdefault.jpg","width":480,"height":360},"default":{"url":"https://i.ytimg.com/vi/ewKU_FRxOb4/default.jpg","width":120,"height":90}},"url":"https://www.youtube.com/watch?v=ewKU_FRxOb4","searchQuery":"","pageNumber":""},{"videoId":"VXTcu0kLmdk","name":"失忆总裁创业","title":"失忆总裁创业","description":"《总裁追爱记》全集: https://bit.ly/3mWYGw8 点击多看好剧: https://bit.ly/3nlFqtZ 导演：韩兆主演：潘长江、韩兆、张大静、邵峰、付 ...","channelTitle":"Chinese Dramas","channelId":"UCv0DCwUxffotSRURCAs5SLw","publishedAt":"2021-01-09T12:05:12","thumbnails":{"medium":{"url":"https://i.ytimg.com/vi/VXTcu0kLmdk/mqdefault.jpg","width":320,"height":180},"high":{"url":"https://i.ytimg.com/vi/VXTcu0kLmdk/hqdefault.jpg","width":480,"height":360},"default":{"url":"https://i.ytimg.com/vi/VXTcu0kLmdk/default.jpg","width":120,"height":90}},"url":"https://www.youtube.com/watch?v=VXTcu0kLmdk","searchQuery":"","pageNumber":""},{"videoId":"0TTLAN0S9oQ","name":"舔狗致富系统","title":"舔狗致富系统","description":"欢迎订阅我们的频道Welcome to subscribe to our channel  https://www.youtube.com/@shuangjuzhuizong-c4d ...","channelTitle":"爽劇追蹤 Cool Drama Tracking","channelId":"UCPatyxTXID7fuIbVBrBmNmA","publishedAt":"2025-06-15T05:54:52","thumbnails":{"medium":{"url":"https://i.ytimg.com/vi/0TTLAN0S9oQ/mqdefault.jpg","width":320,"height":180},"high":{"url":"https://i.ytimg.com/vi/0TTLAN0S9oQ/hqdefault.jpg","width":480,"height":360},"default":{"url":"https://i.ytimg.com/vi/0TTLAN0S9oQ/default.jpg","width":120,"height":90}},"url":"https://www.youtube.com/watch?v=0TTLAN0S9oQ","searchQuery":"","pageNumber":""},{"videoId":"QjM8hvE66KA","name":"穿越成昏君","title":"穿越成昏君","description":"本剧内容纯属虚构，仅为剧情创作需要。所涉情节、人物及事件均不代表现实情况，观众朋友们切勿对号入座或信以为真。请大家 ...","channelTitle":"酷喵追剧【容量短剧】","channelId":"UCMRzGsIWIf2JL2opqcIYUYw","publishedAt":"2023-10-27T10:00:32","thumbnails":{"medium":{"url":"https://i.ytimg.com/vi/QjM8hvE66KA/mqdefault.jpg","width":320,"height":180},"high":{"url":"https://i.ytimg.com/vi/QjM8hvE66KA/hqdefault.jpg","width":480,"height":360},"default":{"url":"https://i.ytimg.com/vi/QjM8hvE66KA/default.jpg","width":120,"height":90}},"url":"https://www.youtube.com/watch?v=QjM8hvE66KA","searchQuery":"","pageNumber":""},{"videoId":"4FAFNkB-J4U","name":"总裁追爱记","title":"总裁追爱记","description":"《总裁追爱记》全集: https://bit.ly/3mWYGw8 点击多看好剧: https://bit.ly/3nlFqtZ 导演：韩兆主演：潘长江、韩兆、张大静、邵峰、付 ...","channelTitle":"Chinese Dramas","channelId":"UCv0DCwUxffotSRURCAs5SLw","publishedAt":"2021-01-02T12:07:56","thumbnails":{"medium":{"url":"https://i.ytimg.com/vi/4FAFNkB-J4U/mqdefault.jpg","width":320,"height":180},"high":{"url":"https://i.ytimg.com/vi/4FAFNkB-J4U/hqdefault.jpg","width":480,"height":360},"default":{"url":"https://i.ytimg.com/vi/4FAFNkB-J4U/default.jpg","width":120,"height":90}},"url":"https://www.youtube.com/watch?v=4FAFNkB-J4U","searchQuery":"","pageNumber":""},{"videoId":"z5pXOBeZhKU","name":"穷小子变富少","title":"穷小子变富少","description":"歡迎訂閲雷凌短劇社No1Drama每日準時更新超多好看無刪減短劇，雷凌短劇只做No1 #ChineseFilm#Chinesemovie#中國電視劇# ...","channelTitle":"雷凌短劇社No1Drama","channelId":"UCWjems-9LdDPKzOANOQ2RQw","publishedAt":"2025-05-31T04:01:10","thumbnails":{"medium":{"url":"https://i.ytimg.com/vi/z5pXOBeZhKU/mqdefault.jpg","width":320,"height":180},"high":{"url":"https://i.ytimg.com/vi/z5pXOBeZhKU/hqdefault.jpg","width":480,"height":360},"default":{"url":"https://i.ytimg.com/vi/z5pXOBeZhKU/default.jpg","width":120,"height":90}},"url":"https://www.youtube.com/watch?v=z5pXOBeZhKU","searchQuery":"","pageNumber":""},{"videoId":"-rzOkPMkCCs","name":"乡村卖梨记","title":"乡村卖梨记","description":"请注意，本视频内容完全符合法律规定，不会涉及对动物的不当对待。 果园的梨子都掉地下烂完了，赶紧拿一些好的去赶场卖掉， ...","channelTitle":"乡村大姐","channelId":"UCmxCktsqkaOTD9yyEyu7mcQ","publishedAt":"2023-10-29T09:30:00","thumbnails":{"medium":{"url":"https://i.ytimg.com/vi/-rzOkPMkCCs/mqdefault.jpg","width":320,"height":180},"high":{"url":"https://i.ytimg.com/vi/-rzOkPMkCCs/hqdefault.jpg","width":480,"height":360},"default":{"url":"https://i.ytimg.com/vi/-rzOkPMkCCs/default.jpg","width":120,"height":90}},"url":"https://www.youtube.com/watch?v=-rzOkPMkCCs","searchQuery":"","pageNumber":""},{"videoId":"sxG4h1G6tYc","name":"五崽找爹地","title":"五崽找爹地","description":"本劇內容純屬虛構，僅為劇情創作需要。所涉情節、人物及事件均不代表現實情況，觀眾朋友們切勿對號入座或信以為真。請大家 ...","channelTitle":"甜甜追短劇","channelId":"UCpBX68IZc8hqpjKIa13rFVg","publishedAt":"2025-05-09T10:45:13","thumbnails":{"medium":{"url":"https://i.ytimg.com/vi/sxG4h1G6tYc/mqdefault.jpg","width":320,"height":180},"high":{"url":"https://i.ytimg.com/vi/sxG4h1G6tYc/hqdefault.jpg","width":480,"height":360},"default":{"url":"https://i.ytimg.com/vi/sxG4h1G6tYc/default.jpg","width":120,"height":90}},"url":"https://www.youtube.com/watch?v=sxG4h1G6tYc","searchQuery":"","pageNumber":""},{"videoId":"wILAnhwFN5A","name":"君九龄权谋","title":"君九龄权谋","description":"加入会员：http://bit.ly/youkumembership 提前收看   【FULL】君九龄Jun Jiu Ling | 彭小苒/金瀚/杜亚飞/王佑硕| 古装/剧情| 优酷宠爱 ...","channelTitle":"YOUKU ROMANCE-Get APP now","channelId":"UCzWUqYV4pst04ekfnJq0AOQ","publishedAt":"2021-11-02T12:00:13","thumbnails":{"medium":{"url":"https://i.ytimg.com/vi/wILAnhwFN5A/mqdefault.jpg","width":320,"height":180},"high":{"url":"https://i.ytimg.com/vi/wILAnhwFN5A/hqdefault.jpg","width":480,"height":360},"default":{"url":"https://i.ytimg.com/vi/wILAnhwFN5A/default.jpg","width":120,"height":90}},"url":"https://www.youtube.com/watch?v=wILAnhwFN5A","searchQuery":"","pageNumber":""},{"videoId":"XR8hGhOINJs","name":"渔女成御厨","title":"渔女成御厨","description":"欢迎来到风铃短剧社  ~ 专治各种剧荒，承包你的追剧快乐！   喜欢的话记得订阅+小铃铛，更新不错过~   （所有剧目均获正版授权 ...","channelTitle":"风铃短剧社","channelId":"UCNQRgJz7SauyEyL3rSP84bA","publishedAt":"2025-06-13T10:00:52","thumbnails":{"medium":{"url":"https://i.ytimg.com/vi/XR8hGhOINJs/mqdefault.jpg","width":320,"height":180},"high":{"url":"https://i.ytimg.com/vi/XR8hGhOINJs/hqdefault.jpg","width":480,"height":360},"default":{"url":"https://i.ytimg.com/vi/XR8hGhOINJs/default.jpg","width":120,"height":90}},"url":"https://www.youtube.com/watch?v=XR8hGhOINJs","searchQuery":"","pageNumber":""},{"videoId":"4i-1WuXkTac","name":"对手过家家","title":"对手过家家","description":"Download WeTV APP to enjoy more: https://lihi.cc/vkG7H ▷Welcome to subscribe and enjoy more mini-drama: ...","channelTitle":"腾讯视频 - 精选微剧 - Get the WeTV APP","channelId":"UC1hwUPyQe5uFYtkmVv-hIig","publishedAt":"2024-05-31T15:00:21","thumbnails":{"medium":{"url":"https://i.ytimg.com/vi/4i-1WuXkTac/mqdefault.jpg","width":320,"height":180},"high":{"url":"https://i.ytimg.com/vi/4i-1WuXkTac/hqdefault.jpg","width":480,"height":360},"default":{"url":"https://i.ytimg.com/vi/4i-1WuXkTac/default.jpg","width":120,"height":90}},"url":"https://www.youtube.com/watch?v=4i-1WuXkTac","searchQuery":"","pageNumber":""},{"videoId":"k4vIn86gzCk","name":"灰姑娘的逆袭","title":"灰姑娘的逆袭","description":"成为此频道的会员即可获享以下福利： https://www.youtube.com/channel/UC3EWyNiOL9Y0p0m_VSvDwwA/join 劇好 ...","channelTitle":"劇好追","channelId":"UC3EWyNiOL9Y0p0m_VSvDwwA","publishedAt":"2023-12-15T02:00:18","thumbnails":{"medium":{"url":"https://i.ytimg.com/vi/k4vIn86gzCk/mqdefault.jpg","width":320,"height":180},"high":{"url":"https://i.ytimg.com/vi/k4vIn86gzCk/hqdefault.jpg","width":480,"height":360},"default":{"url":"https://i.ytimg.com/vi/k4vIn86gzCk/default.jpg","width":120,"height":90}},"url":"https://www.youtube.com/watch?v=k4vIn86gzCk","searchQuery":"","pageNumber":""},{"videoId":"mHkW1bC3j_A","name":"兄弟的爱恋","title":"兄弟的爱恋","description":"bl #boylove #男男#BL #bl #校园#blseries #青春#偶像剧#偶像#恋爱#kiss #青春校园#gay #CP #这次换我先回头#李一沐#扣卫 ...","channelTitle":"火火剧透社-FireDrama","channelId":"UCKBurM_N8cRzov5y2nFudGQ","publishedAt":"2025-05-25T13:00:06","thumbnails":{"medium":{"url":"https://i.ytimg.com/vi/mHkW1bC3j_A/mqdefault.jpg","width":320,"height":180},"high":{"url":"https://i.ytimg.com/vi/mHkW1bC3j_A/hqdefault.jpg","width":480,"height":360},"default":{"url":"https://i.ytimg.com/vi/mHkW1bC3j_A/default.jpg","width":120,"height":90}},"url":"https://www.youtube.com/watch?v=mHkW1bC3j_A","searchQuery":"","pageNumber":""},{"videoId":"8Ty2Ftnnu9k","name":"闪婚慕总的影后","title":"闪婚慕总的影后","description":"【云阙短剧】每日更新！致力於為大家提供驚險刺激的短視頻，所有短視頻都是熱門小說改編而成，關註免費看大結局！ #熱播短劇# ...","channelTitle":"云阙短剧","channelId":"UCX-aRQ8LjZ_Gp448l3iq_Ow","publishedAt":"2023-10-14T10:00:10","thumbnails":{"medium":{"url":"https://i.ytimg.com/vi/8Ty2Ftnnu9k/mqdefault.jpg","width":320,"height":180},"high":{"url":"https://i.ytimg.com/vi/8Ty2Ftnnu9k/hqdefault.jpg","width":480,"height":360},"default":{"url":"https://i.ytimg.com/vi/8Ty2Ftnnu9k/default.jpg","width":120,"height":90}},"url":"https://www.youtube.com/watch?v=8Ty2Ftnnu9k","searchQuery":"","pageNumber":""},{"videoId":"py_oH3MZ3IQ","name":"从爱情到幸福","title":"从爱情到幸福","description":"【正版授权】 欢迎订阅@c_ramastore：https://youtube.com/@c_ramastore?si=PNr8kEwV4iBu75kw 点击看全集（Click to watch ...","channelTitle":"观影便利店","channelId":"UCRmd6K-MDMjFuI1RViEKBkA","publishedAt":"2025-06-19T12:01:34","thumbnails":{"medium":{"url":"https://i.ytimg.com/vi/py_oH3MZ3IQ/mqdefault.jpg","width":320,"height":180},"high":{"url":"https://i.ytimg.com/vi/py_oH3MZ3IQ/hqdefault.jpg","width":480,"height":360},"default":{"url":"https://i.ytimg.com/vi/py_oH3MZ3IQ/default.jpg","width":120,"height":90}},"url":"https://www.youtube.com/watch?v=py_oH3MZ3IQ","searchQuery":"","pageNumber":""},{"videoId":"yOPf_g-i0DA","name":"穿越皇帝的逆袭","title":"穿越皇帝的逆袭","description":"点击此链接⏩ https://link.stardust-tv.com/Hc9w 搜索剧名即可观看全集！ 此链接所导向的APP 已经在Google Paly / App Store ...","channelTitle":"秋风剧场","channelId":"UCu0RY7pVec7_7Tnwy_OoM6w","publishedAt":"2025-05-22T10:01:43","thumbnails":{"medium":{"url":"https://i.ytimg.com/vi/yOPf_g-i0DA/mqdefault.jpg","width":320,"height":180},"high":{"url":"https://i.ytimg.com/vi/yOPf_g-i0DA/hqdefault.jpg","width":480,"height":360},"default":{"url":"https://i.ytimg.com/vi/yOPf_g-i0DA/default.jpg","width":120,"height":90}},"url":"https://www.youtube.com/watch?v=yOPf_g-i0DA","searchQuery":"","pageNumber":""}]