[{"videoId":"Bx21y8Zk6KM","name":"七罪追緝令","title":"七罪追緝令","description":"金亨珉是一名傑出的刑警，始終為追查真相不遺餘力。一日，一個名叫姜泰伍的男子突然向亨珉自首，他因欠下賭債而協助藏屍， ...","channelTitle":"YouTube Movies","channelId":"UCBaBYCXRgtWblTKL5MAyc8w","publishedAt":"2019-01-17T16:00:38","thumbnails":{"medium":{"url":"https://i.ytimg.com/vi/Bx21y8Zk6KM/mqdefault.jpg","width":320,"height":180},"high":{"url":"https://i.ytimg.com/vi/Bx21y8Zk6KM/hqdefault.jpg","width":480,"height":360},"default":{"url":"https://i.ytimg.com/vi/Bx21y8Zk6KM/default.jpg","width":120,"height":90}},"url":"https://www.youtube.com/watch?v=Bx21y8Zk6KM","searchQuery":"","pageNumber":""},{"videoId":"cfz3MgZI2Dk","name":"女仵作探案緝凶","title":"女仵作探案緝凶","description":"若你也曾为一段剧情动容， 那就留下来吧， 因为下一个故事，也许就写着你。 #甜宠爱情剧#霸道总裁#短剧全集#悬疑#都市#斗争# ...","channelTitle":"云烟剧场","channelId":"UC0ezA26zfHMI4F0LZ8Zpjow","publishedAt":"2025-04-12T17:00:43","thumbnails":{"medium":{"url":"https://i.ytimg.com/vi/cfz3MgZI2Dk/mqdefault.jpg","width":320,"height":180},"high":{"url":"https://i.ytimg.com/vi/cfz3MgZI2Dk/hqdefault.jpg","width":480,"height":360},"default":{"url":"https://i.ytimg.com/vi/cfz3MgZI2Dk/default.jpg","width":120,"height":90}},"url":"https://www.youtube.com/watch?v=cfz3MgZI2Dk","searchQuery":"","pageNumber":""},{"videoId":"aW_yANOSlww","name":"龍骨遺冢遇血尸","title":"龍骨遺冢遇血尸","description":"剧情简介:华夏时期盗匪大量涌入，探险队与考古学家找到《驭蛟录》并收藏起来以免其流失海外。几年后，父亲受到蛇毒重伤的高 ...","channelTitle":"唐阁影院 Tag Theatre","channelId":"UCHPb3K-mbflITX1T_82IVNA","publishedAt":"2024-12-06T12:00:06","thumbnails":{"medium":{"url":"https://i.ytimg.com/vi/aW_yANOSlww/mqdefault.jpg","width":320,"height":180},"high":{"url":"https://i.ytimg.com/vi/aW_yANOSlww/hqdefault.jpg","width":480,"height":360},"default":{"url":"https://i.ytimg.com/vi/aW_yANOSlww/default.jpg","width":120,"height":90}},"url":"https://www.youtube.com/watch?v=aW_yANOSlww","searchQuery":"","pageNumber":""},{"videoId":"Nc3kH1zxcd0","name":"限时通缉令寻踪","title":"限时通缉令寻踪","description":"刑侦#悬疑#最新电视剧#好看电视剧#于和伟#张译#苏青【限时通缉令】全集 ...","channelTitle":"华语好剧ALL IN ONE","channelId":"UC5atK-v4ooHMPn3-v9pwuGA","publishedAt":"2024-10-17T10:15:02","thumbnails":{"medium":{"url":"https://i.ytimg.com/vi/Nc3kH1zxcd0/mqdefault.jpg","width":320,"height":180},"high":{"url":"https://i.ytimg.com/vi/Nc3kH1zxcd0/hqdefault.jpg","width":480,"height":360},"default":{"url":"https://i.ytimg.com/vi/Nc3kH1zxcd0/default.jpg","width":120,"height":90}},"url":"https://www.youtube.com/watch?v=Nc3kH1zxcd0","searchQuery":"","pageNumber":""},{"videoId":"iHZ0s7I_Jxk","name":"美女法医破凶案","title":"美女法医破凶案","description":"电影放映厅每天都会为你放送各种高清华语电影！无论你是喜欢经典老电影、最新大片，还是各种类型电影的爱好者，我们频道都有 ...","channelTitle":"电影放映厅 Popular Chinese Movies","channelId":"UCHW6W9g2TJL2_Lf7GfoI5kg","publishedAt":"2025-06-03T11:30:42","thumbnails":{"medium":{"url":"https://i.ytimg.com/vi/iHZ0s7I_Jxk/mqdefault.jpg","width":320,"height":180},"high":{"url":"https://i.ytimg.com/vi/iHZ0s7I_Jxk/hqdefault.jpg","width":480,"height":360},"default":{"url":"https://i.ytimg.com/vi/iHZ0s7I_Jxk/default.jpg","width":120,"height":90}},"url":"https://www.youtube.com/watch?v=iHZ0s7I_Jxk","searchQuery":"","pageNumber":""},{"videoId":"Uak8xB1cVoc","name":"掘地三尺 Find You","title":"掘地三尺 Find You","description":"Subscribe Now 欢迎订阅绝色影圈频道Charmed Diva Cinema / @CharmedDivaCinema — Movie Name（劇名）：【掘地三 ...","channelTitle":"绝色影圈频道 Charmed Diva Cinema","channelId":"UC0BSxw225B97IJrmZesPT6Q","publishedAt":"2025-06-17T12:00:52","thumbnails":{"medium":{"url":"https://i.ytimg.com/vi/Uak8xB1cVoc/mqdefault.jpg","width":320,"height":180},"high":{"url":"https://i.ytimg.com/vi/Uak8xB1cVoc/hqdefault.jpg","width":480,"height":360},"default":{"url":"https://i.ytimg.com/vi/Uak8xB1cVoc/default.jpg","width":120,"height":90}},"url":"https://www.youtube.com/watch?v=Uak8xB1cVoc","searchQuery":"","pageNumber":""},{"videoId":"GkP_osA7Gkc","name":"十年苦修震全场","title":"十年苦修震全场","description":"親情催淚、萌娃出擊、逆襲打臉一氣呵成！ 從家庭溫情到命運反轉，每一集都讓你笑中帶淚、拳頭硬了又軟！ 每天更新，陪你上頭 ...","channelTitle":"龍帝劇場 - 短剧热播","channelId":"UCp4dCWyjDEvn-tjQuQq_GwA","publishedAt":"2025-06-20T10:00:13","thumbnails":{"medium":{"url":"https://i.ytimg.com/vi/GkP_osA7Gkc/mqdefault.jpg","width":320,"height":180},"high":{"url":"https://i.ytimg.com/vi/GkP_osA7Gkc/hqdefault.jpg","width":480,"height":360},"default":{"url":"https://i.ytimg.com/vi/GkP_osA7Gkc/default.jpg","width":120,"height":90}},"url":"https://www.youtube.com/watch?v=GkP_osA7Gkc","searchQuery":"","pageNumber":""},{"videoId":"WztKJIto8FQ","name":"无贼警匪大战起","title":"无贼警匪大战起","description":"无贼#殷桃#靳东#周润发#华谊兄弟电视剧场▻ 全集 ...","channelTitle":"华谊兄弟电视剧场","channelId":"UCAmWwfEZAA5y4uNSdXPQR4w","publishedAt":"2024-10-17T01:00:06","thumbnails":{"medium":{"url":"https://i.ytimg.com/vi/WztKJIto8FQ/mqdefault.jpg","width":320,"height":180},"high":{"url":"https://i.ytimg.com/vi/WztKJIto8FQ/hqdefault.jpg","width":480,"height":360},"default":{"url":"https://i.ytimg.com/vi/WztKJIto8FQ/default.jpg","width":120,"height":90}},"url":"https://www.youtube.com/watch?v=WztKJIto8FQ","searchQuery":"","pageNumber":""},{"videoId":"VIzI_iC3Aw4","name":"命运航班四季解","title":"命运航班四季解","description":"","channelTitle":"布奇美劇","channelId":"UCvzB7_d84EkeTQrrb8G9vTA","publishedAt":"2023-10-24T02:24:08","thumbnails":{"medium":{"url":"https://i.ytimg.com/vi/VIzI_iC3Aw4/mqdefault.jpg","width":320,"height":180},"high":{"url":"https://i.ytimg.com/vi/VIzI_iC3Aw4/hqdefault.jpg","width":480,"height":360},"default":{"url":"https://i.ytimg.com/vi/VIzI_iC3Aw4/default.jpg","width":120,"height":90}},"url":"https://www.youtube.com/watch?v=VIzI_iC3Aw4","searchQuery":"","pageNumber":""},{"videoId":"J-t-uCWGha0","name":"法医秦明破真凶","title":"法医秦明破真凶","description":"《法医秦明》全集整片https://www.youtube.com/playlist?list=PLcHRE_huWMAz9QlJaKulhLcR_AmsjxxKj 《法医秦明》案情精 ...","channelTitle":"Caravan中文剧场","channelId":"UC5-YbNL-MUy1_tC9KSkEShw","publishedAt":"2023-07-21T12:00:10","thumbnails":{"medium":{"url":"https://i.ytimg.com/vi/J-t-uCWGha0/mqdefault.jpg","width":320,"height":180},"high":{"url":"https://i.ytimg.com/vi/J-t-uCWGha0/hqdefault.jpg","width":480,"height":360},"default":{"url":"https://i.ytimg.com/vi/J-t-uCWGha0/default.jpg","width":120,"height":90}},"url":"https://www.youtube.com/watch?v=J-t-uCWGha0","searchQuery":"","pageNumber":""},{"videoId":"CJ6Ww5sbCdU","name":"闪婚医生产子谜","title":"闪婚医生产子谜","description":"我不是魔童#睿恩#逸川#李柏誼#葉婉#紀森#紀詠#短劇推薦#熱門短劇#新劇來襲#闪婚#萌娃#霸总#悬疑#推理#逆袭#智斗#大女主# ...","channelTitle":"指间剧场","channelId":"UCAUVGZpTzgIduVXKtgbWX-w","publishedAt":"2025-04-24T11:00:22","thumbnails":{"medium":{"url":"https://i.ytimg.com/vi/CJ6Ww5sbCdU/mqdefault.jpg","width":320,"height":180},"high":{"url":"https://i.ytimg.com/vi/CJ6Ww5sbCdU/hqdefault.jpg","width":480,"height":360},"default":{"url":"https://i.ytimg.com/vi/CJ6Ww5sbCdU/default.jpg","width":120,"height":90}},"url":"https://www.youtube.com/watch?v=CJ6Ww5sbCdU","searchQuery":"","pageNumber":""},{"videoId":"54AfRa3gAjk","name":"天命复活一口气","title":"天命复活一口气","description":"TIKTOK- https://www.tiktok.com/@gamingvideocontent6954?is_from_webapp=1&sender_device=pc ✨本頻道專注於AI漫畫小說， ...","channelTitle":"Tiktok best Viral Video","channelId":"UCnzoW8dvQdRd3dWcjKpQCwg","publishedAt":"2025-06-15T21:12:31","thumbnails":{"medium":{"url":"https://i.ytimg.com/vi/54AfRa3gAjk/mqdefault.jpg","width":320,"height":180},"high":{"url":"https://i.ytimg.com/vi/54AfRa3gAjk/hqdefault.jpg","width":480,"height":360},"default":{"url":"https://i.ytimg.com/vi/54AfRa3gAjk/default.jpg","width":120,"height":90}},"url":"https://www.youtube.com/watch?v=54AfRa3gAjk","searchQuery":"","pageNumber":""},{"videoId":"xb7rPulh08M","name":"伪装者三兄弟挣扎","title":"伪装者三兄弟挣扎","description":"军旅剧合集：https://www.youtube.com/watch?v=Dw1S2ABc9Cw&list=PLksLRnodafwl-vYZYfuWsesu7XVP7LWI0 犯罪剧 ...","channelTitle":"可爱猫猫","channelId":"UCIO9HXvaq-gfmkNNnRUO_iw","publishedAt":"2023-08-12T07:38:59","thumbnails":{"medium":{"url":"https://i.ytimg.com/vi/xb7rPulh08M/mqdefault.jpg","width":320,"height":180},"high":{"url":"https://i.ytimg.com/vi/xb7rPulh08M/hqdefault.jpg","width":480,"height":360},"default":{"url":"https://i.ytimg.com/vi/xb7rPulh08M/default.jpg","width":120,"height":90}},"url":"https://www.youtube.com/watch?v=xb7rPulh08M","searchQuery":"","pageNumber":""},{"videoId":"-LvEBSbWzO4","name":"太阳星辰跨时空","title":"太阳星辰跨时空","description":"快！快！快！感谢订阅我的频道呦！ 关注接下来的视频更精彩。 点击订阅：www.youtube.com/@user-lk8bb5tb1i #影视 ...","channelTitle":"涛涛影视","channelId":"UCFmMqHBC96K5dTB2ypk4GDQ","publishedAt":"2024-12-02T05:00:00","thumbnails":{"medium":{"url":"https://i.ytimg.com/vi/-LvEBSbWzO4/mqdefault.jpg","width":320,"height":180},"high":{"url":"https://i.ytimg.com/vi/-LvEBSbWzO4/hqdefault.jpg","width":480,"height":360},"default":{"url":"https://i.ytimg.com/vi/-LvEBSbWzO4/default.jpg","width":120,"height":90}},"url":"https://www.youtube.com/watch?v=-LvEBSbWzO4","searchQuery":"","pageNumber":""},{"videoId":"l0us9fDQRQc","name":"福宝五歲半认亲","title":"福宝五歲半认亲","description":"每天更新熱播短劇，感謝大家的訂閱点击订阅  ：https://www.youtube.com/@HuaXiaTV?sub_confirmation=1 正版短劇授權，感謝 ...","channelTitle":"听花短剧","channelId":"UCeKtz8WG4vaQTVLKRhh69tQ","publishedAt":"2024-08-22T12:01:01","thumbnails":{"medium":{"url":"https://i.ytimg.com/vi/l0us9fDQRQc/mqdefault.jpg","width":320,"height":180},"high":{"url":"https://i.ytimg.com/vi/l0us9fDQRQc/hqdefault.jpg","width":480,"height":360},"default":{"url":"https://i.ytimg.com/vi/l0us9fDQRQc/default.jpg","width":120,"height":90}},"url":"https://www.youtube.com/watch?v=l0us9fDQRQc","searchQuery":"","pageNumber":""},{"videoId":"MUt-VwIWY1c","name":"Love Me Heal Me 疗","title":"Love Me Heal Me 疗","description":"Drama Name: Love Me Heal Me | 林深时见鹿ML: Wang Chen Peng 王晨鹏FL: Chen Lu Xi 陈露茜More ...","channelTitle":"Drama Zone","channelId":"UCK-IeNj2S9uURzWAr5IZQCQ","publishedAt":"2025-02-12T11:00:06","thumbnails":{"medium":{"url":"https://i.ytimg.com/vi/MUt-VwIWY1c/mqdefault.jpg","width":320,"height":180},"high":{"url":"https://i.ytimg.com/vi/MUt-VwIWY1c/hqdefault.jpg","width":480,"height":360},"default":{"url":"https://i.ytimg.com/vi/MUt-VwIWY1c/default.jpg","width":120,"height":90}},"url":"https://www.youtube.com/watch?v=MUt-VwIWY1c","searchQuery":"","pageNumber":""},{"videoId":"AE0mRrmAbwc","name":"狄仁杰破连环杀","title":"狄仁杰破连环杀","description":"Subscribe for more Videos 订阅频道: https://www.youtube.com/channel/UCUgwztxASIKNEB3NoBoN4tw?sub_confirmation=1 ...","channelTitle":"劇潮流達人","channelId":"UCUgwztxASIKNEB3NoBoN4tw","publishedAt":"2025-03-14T12:00:14","thumbnails":{"medium":{"url":"https://i.ytimg.com/vi/AE0mRrmAbwc/mqdefault.jpg","width":320,"height":180},"high":{"url":"https://i.ytimg.com/vi/AE0mRrmAbwc/hqdefault.jpg","width":480,"height":360},"default":{"url":"https://i.ytimg.com/vi/AE0mRrmAbwc/default.jpg","width":120,"height":90}},"url":"https://www.youtube.com/watch?v=AE0mRrmAbwc","searchQuery":"","pageNumber":""},{"videoId":"3jwzs3qTfDY","name":"迷你劇夏之橘","title":"迷你劇夏之橘","description":"好家在我在家#華視金選劇場#夏之橘有家暴慣性的法警朱伯聰，在押解家暴人犯葉柄權的過程中透過人犯與兒女間的愛恨情仇，從中 ...","channelTitle":"華視戲劇頻道","channelId":"UCwaaEghUjz2Xb23yxm85rCw","publishedAt":"2021-06-04T14:00:01","thumbnails":{"medium":{"url":"https://i.ytimg.com/vi/3jwzs3qTfDY/mqdefault.jpg","width":320,"height":180},"high":{"url":"https://i.ytimg.com/vi/3jwzs3qTfDY/hqdefault.jpg","width":480,"height":360},"default":{"url":"https://i.ytimg.com/vi/3jwzs3qTfDY/default.jpg","width":120,"height":90}},"url":"https://www.youtube.com/watch?v=3jwzs3qTfDY","searchQuery":"","pageNumber":""},{"videoId":"m5Rk9YOfxjo","name":"時間循環破死局","title":"時間循環破死局","description":"時間循環#我被困在同一天#短劇推薦#重生#推理#懸疑#都市#男頻#奇幻#短劇#炸藥#爆炸【全集】《時間循環》大巴車爆炸？我被困 ...","channelTitle":"Super Exciting","channelId":"UC426p8HtH_FcoU5maLsNAvg","publishedAt":"2025-04-16T10:45:03","thumbnails":{"medium":{"url":"https://i.ytimg.com/vi/m5Rk9YOfxjo/mqdefault.jpg","width":320,"height":180},"high":{"url":"https://i.ytimg.com/vi/m5Rk9YOfxjo/hqdefault.jpg","width":480,"height":360},"default":{"url":"https://i.ytimg.com/vi/m5Rk9YOfxjo/default.jpg","width":120,"height":90}},"url":"https://www.youtube.com/watch?v=m5Rk9YOfxjo","searchQuery":"","pageNumber":""},{"videoId":"nxPVj2LS0Jw","name":"狄仁傑斷臂案","title":"狄仁傑斷臂案","description":"Subscribe for more Videos 订阅频道: https://www.youtube.com/channel/UCUgwztxASIKNEB3NoBoN4tw?sub_confirmation=1 ...","channelTitle":"劇潮流達人","channelId":"UCUgwztxASIKNEB3NoBoN4tw","publishedAt":"2025-04-21T12:01:23","thumbnails":{"medium":{"url":"https://i.ytimg.com/vi/nxPVj2LS0Jw/mqdefault.jpg","width":320,"height":180},"high":{"url":"https://i.ytimg.com/vi/nxPVj2LS0Jw/hqdefault.jpg","width":480,"height":360},"default":{"url":"https://i.ytimg.com/vi/nxPVj2LS0Jw/default.jpg","width":120,"height":90}},"url":"https://www.youtube.com/watch?v=nxPVj2LS0Jw","searchQuery":"","pageNumber":""},{"videoId":"CwxD-5fCyPw","name":"大侦探拾光季案","title":"大侦探拾光季案","description":"十年侦心侦意，拾取温暖光明。驶向繁盛远方，始终侦心不改。 下载芒果TV国际App  https://d.mgtv.com/zb-rXd 更多爆款内容第一 ...","channelTitle":"芒果TV推理宇宙 MangoTV Mystery Official Channel","channelId":"UCKm7iuaBY41nzqIk6J8eX0g","publishedAt":"2025-02-08T04:00:06","thumbnails":{"medium":{"url":"https://i.ytimg.com/vi/CwxD-5fCyPw/mqdefault.jpg","width":320,"height":180},"high":{"url":"https://i.ytimg.com/vi/CwxD-5fCyPw/hqdefault.jpg","width":480,"height":360},"default":{"url":"https://i.ytimg.com/vi/CwxD-5fCyPw/default.jpg","width":120,"height":90}},"url":"https://www.youtube.com/watch?v=CwxD-5fCyPw","searchQuery":"","pageNumber":""},{"videoId":"R6HiUl6LLas","name":"家養老狗也討封","title":"家養老狗也討封","description":"TIKTOK- https://www.tiktok.com/@gamingvideocontent6954?is_from_webapp=1&sender_device=pc ✨本頻道專注於AI漫畫小說， ...","channelTitle":"Tiktok best Viral Video","channelId":"UCnzoW8dvQdRd3dWcjKpQCwg","publishedAt":"2025-06-16T02:27:37","thumbnails":{"medium":{"url":"https://i.ytimg.com/vi/R6HiUl6LLas/mqdefault.jpg","width":320,"height":180},"high":{"url":"https://i.ytimg.com/vi/R6HiUl6LLas/hqdefault.jpg","width":480,"height":360},"default":{"url":"https://i.ytimg.com/vi/R6HiUl6LLas/default.jpg","width":120,"height":90}},"url":"https://www.youtube.com/watch?v=R6HiUl6LLas","searchQuery":"","pageNumber":""},{"videoId":"8i_oIb3RxpU","name":"难寻王子遇公主","title":"难寻王子遇公主","description":"欢迎订阅【芒果TV青春剧场】：http://bit.ly/MGDTV_official 加入频道会员抢先看全集：http://bit.ly/MGTVDramaVIP ☘️剧情简介该 ...","channelTitle":"芒果TV青春剧场 MangoTV Drama","channelId":"UCTulSfEm1c14WWRbSN-CNAQ","publishedAt":"2024-04-02T12:00:06","thumbnails":{"medium":{"url":"https://i.ytimg.com/vi/8i_oIb3RxpU/mqdefault.jpg","width":320,"height":180},"high":{"url":"https://i.ytimg.com/vi/8i_oIb3RxpU/hqdefault.jpg","width":480,"height":360},"default":{"url":"https://i.ytimg.com/vi/8i_oIb3RxpU/default.jpg","width":120,"height":90}},"url":"https://www.youtube.com/watch?v=8i_oIb3RxpU","searchQuery":"","pageNumber":""},{"videoId":"BhSlzNlJFuA","name":"小狐貍被抱走","title":"小狐貍被抱走","description":"TIKTOK- https://www.tiktok.com/@gamingvideocontent6954?is_from_webapp=1&sender_device=pc ✨本頻道專注於AI漫畫小說， ...","channelTitle":"Tiktok best Viral Video","channelId":"UCnzoW8dvQdRd3dWcjKpQCwg","publishedAt":"2025-06-15T20:54:11","thumbnails":{"medium":{"url":"https://i.ytimg.com/vi/BhSlzNlJFuA/mqdefault.jpg","width":320,"height":180},"high":{"url":"https://i.ytimg.com/vi/BhSlzNlJFuA/hqdefault.jpg","width":480,"height":360},"default":{"url":"https://i.ytimg.com/vi/BhSlzNlJFuA/default.jpg","width":120,"height":90}},"url":"https://www.youtube.com/watch?v=BhSlzNlJFuA","searchQuery":"","pageNumber":""},{"videoId":"QIjiBJ6r3uk","name":"夫人才是真大佬","title":"夫人才是真大佬","description":"獨家短劇，不鴿子，不爛尾，爽快追劇！ 【歡迎訂閱「抓馬KissKiss」】 Welcome to subscribe! @LoveDramas #中國電視劇#中國 ...","channelTitle":"抓馬KissKiss","channelId":"UCcDNLBP1YQYRd8TVh4Ye9yA","publishedAt":"2024-01-16T08:06:34","thumbnails":{"medium":{"url":"https://i.ytimg.com/vi/QIjiBJ6r3uk/mqdefault.jpg","width":320,"height":180},"high":{"url":"https://i.ytimg.com/vi/QIjiBJ6r3uk/hqdefault.jpg","width":480,"height":360},"default":{"url":"https://i.ytimg.com/vi/QIjiBJ6r3uk/default.jpg","width":120,"height":90}},"url":"https://www.youtube.com/watch?v=QIjiBJ6r3uk","searchQuery":"","pageNumber":""},{"videoId":"fk33b8dxFvE","name":"花妖闖修仙界恋","title":"花妖闖修仙界恋","description":"EP1-EP2 #落花时节又逢君#Loveneverfails #胡意旋#huyixuan #刘学义#liuxueyi #锦绣#红凝订阅@starvarietyshow ，观看更多 ...","channelTitle":"星光綜藝社","channelId":"UCOUHIxYUhoTZzMB2aanz8qQ","publishedAt":"2025-05-06T12:01:10","thumbnails":{"medium":{"url":"https://i.ytimg.com/vi/fk33b8dxFvE/mqdefault.jpg","width":320,"height":180},"high":{"url":"https://i.ytimg.com/vi/fk33b8dxFvE/hqdefault.jpg","width":480,"height":360},"default":{"url":"https://i.ytimg.com/vi/fk33b8dxFvE/default.jpg","width":120,"height":90}},"url":"https://www.youtube.com/watch?v=fk33b8dxFvE","searchQuery":"","pageNumber":""},{"videoId":"vUKHXPGfhzE","name":"心灵法医查女尸","title":"心灵法医查女尸","description":"【剧情简介】法医明川（聂远饰），技艺高超，破案无数，但因行事孤僻，众人都对他知之甚少。适时，一桩几年未解的连环杀人案 ...","channelTitle":"爱奇艺华语剧场 - Get the iQIYI APP","channelId":"UCvNzI_xPIHhB3Vfstj4PMWw","publishedAt":"2023-01-23T11:00:06","thumbnails":{"medium":{"url":"https://i.ytimg.com/vi/vUKHXPGfhzE/mqdefault.jpg","width":320,"height":180},"high":{"url":"https://i.ytimg.com/vi/vUKHXPGfhzE/hqdefault.jpg","width":480,"height":360},"default":{"url":"https://i.ytimg.com/vi/vUKHXPGfhzE/default.jpg","width":120,"height":90}},"url":"https://www.youtube.com/watch?v=vUKHXPGfhzE","searchQuery":"","pageNumber":""},{"videoId":"Mpp0L8I9ZGU","name":"你会安全吗破悬","title":"你会安全吗破悬","description":"悬疑推理#黄磊#cdramahouse 《#你会安全吗Safe Place》全集观看：https://reurl.cc/1mMkbG ⭐欢迎订阅⭐观看更多精彩剧集！","channelTitle":"中剧连连看 CDrama House","channelId":"UCNcMvrtgBYr36P7sBXkSR6A","publishedAt":"2022-09-21T11:00:11","thumbnails":{"medium":{"url":"https://i.ytimg.com/vi/Mpp0L8I9ZGU/mqdefault.jpg","width":320,"height":180},"high":{"url":"https://i.ytimg.com/vi/Mpp0L8I9ZGU/hqdefault.jpg","width":480,"height":360},"default":{"url":"https://i.ytimg.com/vi/Mpp0L8I9ZGU/default.jpg","width":120,"height":90}},"url":"https://www.youtube.com/watch?v=Mpp0L8I9ZGU","searchQuery":"","pageNumber":""},{"videoId":"UnfEGLKlBSs","name":"霸总跌怀火花生","title":"霸总跌怀火花生","description":"Drama Name： More exciting content is available on my ...","channelTitle":"小甜甜心动剧场","channelId":"UCdStyoO2Nd9mkvT0_Y3yBEA","publishedAt":"2025-06-20T11:30:23","thumbnails":{"medium":{"url":"https://i.ytimg.com/vi/UnfEGLKlBSs/mqdefault.jpg","width":320,"height":180},"high":{"url":"https://i.ytimg.com/vi/UnfEGLKlBSs/hqdefault.jpg","width":480,"height":360},"default":{"url":"https://i.ytimg.com/vi/UnfEGLKlBSs/default.jpg","width":120,"height":90}},"url":"https://www.youtube.com/watch?v=UnfEGLKlBSs","searchQuery":"","pageNumber":""},{"videoId":"mye2ghDIOGE","name":"神尊妖帝顛覆仙","title":"神尊妖帝顛覆仙","description":"落花时节又逢君#Loveneverfails #胡意旋#huyixuan #刘学义#liuxueyi #锦绣#红凝劇名：落花時節又逢君劇情簡介：天界百年一度的 ...","channelTitle":"星光綜藝社","channelId":"UCOUHIxYUhoTZzMB2aanz8qQ","publishedAt":"2025-05-24T12:01:33","thumbnails":{"medium":{"url":"https://i.ytimg.com/vi/mye2ghDIOGE/mqdefault.jpg","width":320,"height":180},"high":{"url":"https://i.ytimg.com/vi/mye2ghDIOGE/hqdefault.jpg","width":480,"height":360},"default":{"url":"https://i.ytimg.com/vi/mye2ghDIOGE/default.jpg","width":120,"height":90}},"url":"https://www.youtube.com/watch?v=mye2ghDIOGE","searchQuery":"","pageNumber":""},{"videoId":"4vcY7yhyAww","name":"現在撥打的電話","title":"現在撥打的電話","description":"00:00 1到2集11:34 3到6集37:20 7到10集01:04:11 大结局#電影解說#電視劇解說#韓劇推薦.","channelTitle":"先锋影视","channelId":"UCGBJKU2mO--pl_-7xfDg6ng","publishedAt":"2025-01-05T05:20:07","thumbnails":{"medium":{"url":"https://i.ytimg.com/vi/4vcY7yhyAww/mqdefault.jpg","width":320,"height":180},"high":{"url":"https://i.ytimg.com/vi/4vcY7yhyAww/hqdefault.jpg","width":480,"height":360},"default":{"url":"https://i.ytimg.com/vi/4vcY7yhyAww/default.jpg","width":120,"height":90}},"url":"https://www.youtube.com/watch?v=4vcY7yhyAww","searchQuery":"","pageNumber":""},{"videoId":"MObivoFpehc","name":"哈婆婆動物故事","title":"哈婆婆動物故事","description":"【精選主題故事】▻▻ https://momokids.pse.is/momo_story 【哈婆婆故事屋完整版】▻▻ https://pse.is/G7B59 【本集故事主題】 ...","channelTitle":"momokids親子台","channelId":"UCbHD6HX38bufVR1pF076Z0g","publishedAt":"2022-06-18T11:00:45","thumbnails":{"medium":{"url":"https://i.ytimg.com/vi/MObivoFpehc/mqdefault.jpg","width":320,"height":180},"high":{"url":"https://i.ytimg.com/vi/MObivoFpehc/hqdefault.jpg","width":480,"height":360},"default":{"url":"https://i.ytimg.com/vi/MObivoFpehc/default.jpg","width":120,"height":90}},"url":"https://www.youtube.com/watch?v=MObivoFpehc","searchQuery":"","pageNumber":""},{"videoId":"t1Yeb0w_fxA","name":"醉酒闖房遇上司","title":"醉酒闖房遇上司","description":"歡迎訂閱「華語青春劇場DramaLove」  青春永不散場  青春劇場日夜相伴   歡迎大家與我互動  分享你的影视感悟  提名你的 ...","channelTitle":"華語青春劇場DramaLove","channelId":"UCc28bxMIYUXnud3BQ9DbuwQ","publishedAt":"2025-06-19T12:01:39","thumbnails":{"medium":{"url":"https://i.ytimg.com/vi/t1Yeb0w_fxA/mqdefault.jpg","width":320,"height":180},"high":{"url":"https://i.ytimg.com/vi/t1Yeb0w_fxA/hqdefault.jpg","width":480,"height":360},"default":{"url":"https://i.ytimg.com/vi/t1Yeb0w_fxA/default.jpg","width":120,"height":90}},"url":"https://www.youtube.com/watch?v=t1Yeb0w_fxA","searchQuery":"","pageNumber":""},{"videoId":"CRGYo3GzUfk","name":"消失的她秘密","title":"消失的她秘密","description":"片名：消失的她主演: 朱一龙/ 倪妮/ 文咏珊/ 杜江/ 黄子琪.","channelTitle":"米虫观影","channelId":"UCuzmRDM6kGwIZeuiwUZGt5g","publishedAt":"2023-08-26T09:23:15","thumbnails":{"medium":{"url":"https://i.ytimg.com/vi/CRGYo3GzUfk/mqdefault.jpg","width":320,"height":180},"high":{"url":"https://i.ytimg.com/vi/CRGYo3GzUfk/hqdefault.jpg","width":480,"height":360},"default":{"url":"https://i.ytimg.com/vi/CRGYo3GzUfk/default.jpg","width":120,"height":90}},"url":"https://www.youtube.com/watch?v=CRGYo3GzUfk","searchQuery":"","pageNumber":""},{"videoId":"ehclScR9EGo","name":"璟和重逢眉林嫁","title":"璟和重逢眉林嫁","description":"Drama Name：Kill Me Love Me More exciting content is available on my ...","channelTitle":"小甜甜心动剧场","channelId":"UCdStyoO2Nd9mkvT0_Y3yBEA","publishedAt":"2024-10-30T11:30:32","thumbnails":{"medium":{"url":"https://i.ytimg.com/vi/ehclScR9EGo/mqdefault.jpg","width":320,"height":180},"high":{"url":"https://i.ytimg.com/vi/ehclScR9EGo/hqdefault.jpg","width":480,"height":360},"default":{"url":"https://i.ytimg.com/vi/ehclScR9EGo/default.jpg","width":120,"height":90}},"url":"https://www.youtube.com/watch?v=ehclScR9EGo","searchQuery":"","pageNumber":""},{"videoId":"LQi7XX69_nE","name":"天才画师苏小贝","title":"天才画师苏小贝","description":"欢迎订阅【芒果TV青春剧场】：http://bit.ly/MGDTV_official 加入频道会员抢先看全集：http://bit.ly/MGTVDramaVIP ☘️剧情简介 ...","channelTitle":"芒果TV青春剧场 MangoTV Drama","channelId":"UCTulSfEm1c14WWRbSN-CNAQ","publishedAt":"2024-06-24T12:30:14","thumbnails":{"medium":{"url":"https://i.ytimg.com/vi/LQi7XX69_nE/mqdefault.jpg","width":320,"height":180},"high":{"url":"https://i.ytimg.com/vi/LQi7XX69_nE/hqdefault.jpg","width":480,"height":360},"default":{"url":"https://i.ytimg.com/vi/LQi7XX69_nE/default.jpg","width":120,"height":90}},"url":"https://www.youtube.com/watch?v=LQi7XX69_nE","searchQuery":"","pageNumber":""},{"videoId":"SfMrnZHeIm4","name":"少女侦探第五集","title":"少女侦探第五集","description":"全集：https://bit.ly/2NG0sR2 点击多看好剧: https://bit.ly/2G1Kc8R 《少女侦探》开始于一场“意外”的车祸，自闭症少女苏棠（陈晓苹 ...","channelTitle":"港剧金典——HK Drama Classics","channelId":"UC1WPfASy_zV0jj7PlafgELg","publishedAt":"2018-10-12T02:00:00","thumbnails":{"medium":{"url":"https://i.ytimg.com/vi/SfMrnZHeIm4/mqdefault.jpg","width":320,"height":180},"high":{"url":"https://i.ytimg.com/vi/SfMrnZHeIm4/hqdefault.jpg","width":480,"height":360},"default":{"url":"https://i.ytimg.com/vi/SfMrnZHeIm4/default.jpg","width":120,"height":90}},"url":"https://www.youtube.com/watch?v=SfMrnZHeIm4","searchQuery":"","pageNumber":""},{"videoId":"YptGDiHY0KI","name":"招魂宇宙合集看","title":"招魂宇宙合集看","description":"招魂大家去看招魂3了吗~~~（这次的演员好帅kkk 上车：https://bit.ly/2LZU1gG 美剧副频道【抓马剧好看】：https://goo.gl/3bGq6s ...","channelTitle":"哇萨比抓马 WasabiDrama","channelId":"UCI6JZbv41E8csobYsXKobBQ","publishedAt":"2021-06-05T15:00:26","thumbnails":{"medium":{"url":"https://i.ytimg.com/vi/YptGDiHY0KI/mqdefault.jpg","width":320,"height":180},"high":{"url":"https://i.ytimg.com/vi/YptGDiHY0KI/hqdefault.jpg","width":480,"height":360},"default":{"url":"https://i.ytimg.com/vi/YptGDiHY0KI/default.jpg","width":120,"height":90}},"url":"https://www.youtube.com/watch?v=YptGDiHY0KI","searchQuery":"","pageNumber":""},{"videoId":"tR2XKzWIox0","name":"火星生活檢察官","title":"火星生活檢察官","description":"一口气看完#火星生活#韩剧#韩剧解说#韩剧推荐导演: #李政孝编剧: #李大日#马修·格雷厄姆#托尼·乔丹#阿什利·法罗主演: @郑敬# ...","channelTitle":"沙拉說劇","channelId":"UCvtH4nEpQ_ugxFelXiM1AhQ","publishedAt":"2023-03-15T15:37:13","thumbnails":{"medium":{"url":"https://i.ytimg.com/vi/tR2XKzWIox0/mqdefault.jpg","width":320,"height":180},"high":{"url":"https://i.ytimg.com/vi/tR2XKzWIox0/hqdefault.jpg","width":480,"height":360},"default":{"url":"https://i.ytimg.com/vi/tR2XKzWIox0/default.jpg","width":120,"height":90}},"url":"https://www.youtube.com/watch?v=tR2XKzWIox0","searchQuery":"","pageNumber":""},{"videoId":"GkObkzYao8I","name":"朱王 CP 恩怨合","title":"朱王 CP 恩怨合","description":"我是少寨主，全网第一搞笑男我是你热衷恶搞的沙雕铁子，也是你不正经的朱老师這一期整合了三個月來朱老師和王老師之間的有愛 ...","channelTitle":"少寨主和他的兄弟们","channelId":"UCbb11vT1rxoX-UR2oH6hmFA","publishedAt":"2023-04-09T11:00:09","thumbnails":{"medium":{"url":"https://i.ytimg.com/vi/GkObkzYao8I/mqdefault.jpg","width":320,"height":180},"high":{"url":"https://i.ytimg.com/vi/GkObkzYao8I/hqdefault.jpg","width":480,"height":360},"default":{"url":"https://i.ytimg.com/vi/GkObkzYao8I/default.jpg","width":120,"height":90}},"url":"https://www.youtube.com/watch?v=GkObkzYao8I","searchQuery":"","pageNumber":""},{"videoId":"FT2MLArk2Xk","name":"MOMO 這一家學習","title":"MOMO 這一家學習","description":"【其他集數】https://momokids.pse.is/Family_top ▻▻《MOMO這一家》網路版全季別：https://pse.is/momo_family_all 【本集 ...","channelTitle":"momokids親子台","channelId":"UCbHD6HX38bufVR1pF076Z0g","publishedAt":"2022-07-15T12:00:14","thumbnails":{"medium":{"url":"https://i.ytimg.com/vi/FT2MLArk2Xk/mqdefault.jpg","width":320,"height":180},"high":{"url":"https://i.ytimg.com/vi/FT2MLArk2Xk/hqdefault.jpg","width":480,"height":360},"default":{"url":"https://i.ytimg.com/vi/FT2MLArk2Xk/default.jpg","width":120,"height":90}},"url":"https://www.youtube.com/watch?v=FT2MLArk2Xk","searchQuery":"","pageNumber":""},{"videoId":"Jnvu6tj2UtA","name":"繁城之下地窖线","title":"繁城之下地窖线","description":"Download \"WeTV / Tencent Video (for The US)\" APP to watch more episodes https://wetv.vip/ ▷加入会员Join Membership Now ...","channelTitle":"腾讯视频 - Get the WeTV APP","channelId":"UCQatgKoA7lylp_UzvsLCgcw","publishedAt":"2023-10-14T10:00:10","thumbnails":{"medium":{"url":"https://i.ytimg.com/vi/Jnvu6tj2UtA/mqdefault.jpg","width":320,"height":180},"high":{"url":"https://i.ytimg.com/vi/Jnvu6tj2UtA/hqdefault.jpg","width":480,"height":360},"default":{"url":"https://i.ytimg.com/vi/Jnvu6tj2UtA/default.jpg","width":120,"height":90}},"url":"https://www.youtube.com/watch?v=Jnvu6tj2UtA","searchQuery":"","pageNumber":""},{"videoId":"kCly6sqk5Dk","name":"Practice Love 拳恋","title":"Practice Love 拳恋","description":"Practice Love | The Unlikely Love Story of a Boxing Man and Literary Goddess More EPs click→ 【Practice Love/追梦实习 ...","channelTitle":"Cdrama BOX","channelId":"UC1RMpjsUQcBuel6-GIeV9Cw","publishedAt":"2023-05-06T11:00:06","thumbnails":{"medium":{"url":"https://i.ytimg.com/vi/kCly6sqk5Dk/mqdefault.jpg","width":320,"height":180},"high":{"url":"https://i.ytimg.com/vi/kCly6sqk5Dk/hqdefault.jpg","width":480,"height":360},"default":{"url":"https://i.ytimg.com/vi/kCly6sqk5Dk/default.jpg","width":120,"height":90}},"url":"https://www.youtube.com/watch?v=kCly6sqk5Dk","searchQuery":"","pageNumber":""},{"videoId":"xV3zBi967xY","name":"青楼女拿捏黑帮","title":"青楼女拿捏黑帮","description":"剧名：《爸爸父亲爹》 主演：罗晋、罗嘉良、张晞临、赵立新、吕一观看更多完整剧 ...","channelTitle":"英雄佳话","channelId":"UCmr0DecYe0ZLdKJaFycthyg","publishedAt":"2025-06-18T12:00:06","thumbnails":{"medium":{"url":"https://i.ytimg.com/vi/xV3zBi967xY/mqdefault.jpg","width":320,"height":180},"high":{"url":"https://i.ytimg.com/vi/xV3zBi967xY/hqdefault.jpg","width":480,"height":360},"default":{"url":"https://i.ytimg.com/vi/xV3zBi967xY/default.jpg","width":120,"height":90}},"url":"https://www.youtube.com/watch?v=xV3zBi967xY","searchQuery":"","pageNumber":""},{"videoId":"MJXr8vaqjVE","name":"爱的归路寻真谛","title":"爱的归路寻真谛","description":"爱的归路/ The Return Of Love】完整剧集  https://bit.ly/3hB59k7 ❤️☆ 欢迎订阅Welcome to subscribe☆ 观看更多剧 ...","channelTitle":"华语甜剧社CDrama Club","channelId":"UCvrbPoaNj1Kaa4QpA7NnzvQ","publishedAt":"2022-12-24T12:00:10","thumbnails":{"medium":{"url":"https://i.ytimg.com/vi/MJXr8vaqjVE/mqdefault.jpg","width":320,"height":180},"high":{"url":"https://i.ytimg.com/vi/MJXr8vaqjVE/hqdefault.jpg","width":480,"height":360},"default":{"url":"https://i.ytimg.com/vi/MJXr8vaqjVE/default.jpg","width":120,"height":90}},"url":"https://www.youtube.com/watch?v=MJXr8vaqjVE","searchQuery":"","pageNumber":""},{"videoId":"Jf6wzH6tS7o","name":"谍影密电傅程鹏","title":"谍影密电傅程鹏","description":"抗日谍战剧#好剧研究所#傅程鹏#侯梦莎#chinesedrama #topcdrama 【#谍影密电】完整剧集  https://bit.ly/3OmvooK ❤️欢迎 ...","channelTitle":"好剧研究所 Top CDrama","channelId":"UCq5F2_NLQ3_HOufZD3CnONg","publishedAt":"2022-07-29T12:00:12","thumbnails":{"medium":{"url":"https://i.ytimg.com/vi/Jf6wzH6tS7o/mqdefault.jpg","width":320,"height":180},"high":{"url":"https://i.ytimg.com/vi/Jf6wzH6tS7o/hqdefault.jpg","width":480,"height":360},"default":{"url":"https://i.ytimg.com/vi/Jf6wzH6tS7o/default.jpg","width":120,"height":90}},"url":"https://www.youtube.com/watch?v=Jf6wzH6tS7o","searchQuery":"","pageNumber":""},{"videoId":"r1KMnjmcKdM","name":"心灵法医感情升","title":"心灵法医感情升","description":"【剧情简介】法医明川（聂远饰），技艺高超，破案无数，但因行事孤僻，众人都对他知之甚少。适时，一桩几年未解的连环杀人案 ...","channelTitle":"爱奇艺华语剧场 - Get the iQIYI APP","channelId":"UCvNzI_xPIHhB3Vfstj4PMWw","publishedAt":"2023-01-22T12:00:08","thumbnails":{"medium":{"url":"https://i.ytimg.com/vi/r1KMnjmcKdM/mqdefault.jpg","width":320,"height":180},"high":{"url":"https://i.ytimg.com/vi/r1KMnjmcKdM/hqdefault.jpg","width":480,"height":360},"default":{"url":"https://i.ytimg.com/vi/r1KMnjmcKdM/default.jpg","width":120,"height":90}},"url":"https://www.youtube.com/watch?v=r1KMnjmcKdM","searchQuery":"","pageNumber":""},{"videoId":"8Iu31hX0gdc","name":"致命潜伏陆毅危","title":"致命潜伏陆毅危","description":"抗日谍战剧#好剧研究所#刘涛#陆毅#chinesedrama #topcdrama 【#致命潜伏】完整剧集  http://bit.ly/3UAVM2F ❤️欢迎订阅好 ...","channelTitle":"好剧研究所 Top CDrama","channelId":"UCq5F2_NLQ3_HOufZD3CnONg","publishedAt":"2023-04-27T12:00:06","thumbnails":{"medium":{"url":"https://i.ytimg.com/vi/8Iu31hX0gdc/mqdefault.jpg","width":320,"height":180},"high":{"url":"https://i.ytimg.com/vi/8Iu31hX0gdc/hqdefault.jpg","width":480,"height":360},"default":{"url":"https://i.ytimg.com/vi/8Iu31hX0gdc/default.jpg","width":120,"height":90}},"url":"https://www.youtube.com/watch?v=8Iu31hX0gdc","searchQuery":"","pageNumber":""},{"videoId":"YBO-u3TOM18","name":"原来是花男城啊","title":"原来是花男城啊","description":"请订阅：https://bit.ly/3fEWCXw ▷如意绣坊最终还是被四方商号盯上了，如意毕生的心血该怎么守护？商场不得意情场也失意的如意 ...","channelTitle":"NewTV热播剧场 Hit Drama","channelId":"UCKn4SloJmZYNYNq6RgzgrHw","publishedAt":"2023-01-02T05:00:06","thumbnails":{"medium":{"url":"https://i.ytimg.com/vi/YBO-u3TOM18/mqdefault.jpg","width":320,"height":180},"high":{"url":"https://i.ytimg.com/vi/YBO-u3TOM18/hqdefault.jpg","width":480,"height":360},"default":{"url":"https://i.ytimg.com/vi/YBO-u3TOM18/default.jpg","width":120,"height":90}},"url":"https://www.youtube.com/watch?v=YBO-u3TOM18","searchQuery":"","pageNumber":""},{"videoId":"jLKAj7otFFI","name":"消失的愛人復仇","title":"消失的愛人復仇","description":"正版短劇均為正版授權，侵權必究！！ Future TV Copyright distribution 歡迎訂閱本頻道，每日更新熱門短劇☺️ 本頻道劇情內容純 ...","channelTitle":"月月追劇","channelId":"UCI5Xy5CSnwcHRH6WpBwOyng","publishedAt":"2025-03-30T04:00:36","thumbnails":{"medium":{"url":"https://i.ytimg.com/vi/jLKAj7otFFI/mqdefault.jpg","width":320,"height":180},"high":{"url":"https://i.ytimg.com/vi/jLKAj7otFFI/hqdefault.jpg","width":480,"height":360},"default":{"url":"https://i.ytimg.com/vi/jLKAj7otFFI/default.jpg","width":120,"height":90}},"url":"https://www.youtube.com/watch?v=jLKAj7otFFI","searchQuery":"","pageNumber":""},{"videoId":"FwyLNM8IleA","name":"心灵法医疑聂远","title":"心灵法医疑聂远","description":"【剧情简介】法医明川（聂远饰），技艺高超，破案无数，但因行事孤僻，众人都对他知之甚少。适时，一桩几年未解的连环杀人案 ...","channelTitle":"爱奇艺华语剧场 - Get the iQIYI APP","channelId":"UCvNzI_xPIHhB3Vfstj4PMWw","publishedAt":"2023-01-23T12:00:07","thumbnails":{"medium":{"url":"https://i.ytimg.com/vi/FwyLNM8IleA/mqdefault.jpg","width":320,"height":180},"high":{"url":"https://i.ytimg.com/vi/FwyLNM8IleA/hqdefault.jpg","width":480,"height":360},"default":{"url":"https://i.ytimg.com/vi/FwyLNM8IleA/default.jpg","width":120,"height":90}},"url":"https://www.youtube.com/watch?v=FwyLNM8IleA","searchQuery":"","pageNumber":""},{"videoId":"A4a4sz6_AF4","name":"契約婚姻藏馬甲","title":"契約婚姻藏馬甲","description":"劇情簡介：方雨心因爺爺訂下的婚約和傅雲深結婚，她還有個隱藏身份-國畫大師金碧。她本以為二人是沒有感情的協議婚姻，但是每 ...","channelTitle":"愛看劇場","channelId":"UCRl9htFeo5eyIYIBEgJiwkw","publishedAt":"2025-05-06T10:00:29","thumbnails":{"medium":{"url":"https://i.ytimg.com/vi/A4a4sz6_AF4/mqdefault.jpg","width":320,"height":180},"high":{"url":"https://i.ytimg.com/vi/A4a4sz6_AF4/hqdefault.jpg","width":480,"height":360},"default":{"url":"https://i.ytimg.com/vi/A4a4sz6_AF4/default.jpg","width":120,"height":90}},"url":"https://www.youtube.com/watch?v=A4a4sz6_AF4","searchQuery":"","pageNumber":""},{"videoId":"RtHVdVIc7Os","name":"肇事追踪第二集","title":"肇事追踪第二集","description":"全片列表看这裡  ：https://bit.ly/3ag9kgX 《肇事追踪》每晚20:00 (GMT+8) 准时播放  【欢迎订阅Subscribe Now!】JYS佳韵 ...","channelTitle":"華劇解说精選 CDrama Recaps【每日更新歡迎訂閱】","channelId":"UCHeX9tMD8mqbqhu4Vceb3AQ","publishedAt":"2022-06-06T12:30:11","thumbnails":{"medium":{"url":"https://i.ytimg.com/vi/RtHVdVIc7Os/mqdefault.jpg","width":320,"height":180},"high":{"url":"https://i.ytimg.com/vi/RtHVdVIc7Os/hqdefault.jpg","width":480,"height":360},"default":{"url":"https://i.ytimg.com/vi/RtHVdVIc7Os/default.jpg","width":120,"height":90}},"url":"https://www.youtube.com/watch?v=RtHVdVIc7Os","searchQuery":"","pageNumber":""},{"videoId":"fb2sKKdD4Fk","name":"林投記臺灣劇","title":"林投記臺灣劇","description":"Click CC to open English & Chinese closed captions. A mother and daughter struggling to leave their past behind come face to ...","channelTitle":"PTS Plus","channelId":"UCmNDED-qW9SR_MRNqOjt-Yw","publishedAt":"2021-10-22T12:30:12","thumbnails":{"medium":{"url":"https://i.ytimg.com/vi/fb2sKKdD4Fk/mqdefault.jpg","width":320,"height":180},"high":{"url":"https://i.ytimg.com/vi/fb2sKKdD4Fk/hqdefault.jpg","width":480,"height":360},"default":{"url":"https://i.ytimg.com/vi/fb2sKKdD4Fk/default.jpg","width":120,"height":90}},"url":"https://www.youtube.com/watch?v=fb2sKKdD4Fk","searchQuery":"","pageNumber":""},{"videoId":"9MkQDEaTtPk","name":"肇事追踪第四集","title":"肇事追踪第四集","description":"全片列表看这裡  ：https://bit.ly/3ag9kgX 《肇事追踪》每晚20:00 (GMT+8) 准时播放  【欢迎订阅Subscribe Now!】JYS佳韵 ...","channelTitle":"華劇解说精選 CDrama Recaps【每日更新歡迎訂閱】","channelId":"UCHeX9tMD8mqbqhu4Vceb3AQ","publishedAt":"2022-06-07T12:30:05","thumbnails":{"medium":{"url":"https://i.ytimg.com/vi/9MkQDEaTtPk/mqdefault.jpg","width":320,"height":180},"high":{"url":"https://i.ytimg.com/vi/9MkQDEaTtPk/hqdefault.jpg","width":480,"height":360},"default":{"url":"https://i.ytimg.com/vi/9MkQDEaTtPk/default.jpg","width":120,"height":90}},"url":"https://www.youtube.com/watch?v=9MkQDEaTtPk","searchQuery":"","pageNumber":""},{"videoId":"elZNpyS_518","name":"時間循環找原因","title":"時間循環找原因","description":"短劇#短劇推薦#熱門短劇#中文劇#玄幻#修煉#重生#逆襲#都市#爽文#穿越#豪婿#龍王#男頻#復仇#時空穿越#奇幻冒險#熱血劇#超強 ...","channelTitle":"Super Exciting","channelId":"UC426p8HtH_FcoU5maLsNAvg","publishedAt":"2025-05-11T11:01:04","thumbnails":{"medium":{"url":"https://i.ytimg.com/vi/elZNpyS_518/mqdefault.jpg","width":320,"height":180},"high":{"url":"https://i.ytimg.com/vi/elZNpyS_518/hqdefault.jpg","width":480,"height":360},"default":{"url":"https://i.ytimg.com/vi/elZNpyS_518/default.jpg","width":120,"height":90}},"url":"https://www.youtube.com/watch?v=elZNpyS_518","searchQuery":"","pageNumber":""},{"videoId":"q7_Q2kjm11o","name":"星期三偵探舞紅","title":"星期三偵探舞紅","description":"星期三》#wednesday 由新生代演員#珍娜奧特嘉(#jennaortega ) 飾演這個經典人物，十分新鮮！她在劇中白皙造型、黑眼圈、綁著 ...","channelTitle":"餓人谷","channelId":"UC7xJQmcN4u2znzgW9B8G0Zw","publishedAt":"2023-05-22T11:00:08","thumbnails":{"medium":{"url":"https://i.ytimg.com/vi/q7_Q2kjm11o/mqdefault.jpg","width":320,"height":180},"high":{"url":"https://i.ytimg.com/vi/q7_Q2kjm11o/hqdefault.jpg","width":480,"height":360},"default":{"url":"https://i.ytimg.com/vi/q7_Q2kjm11o/default.jpg","width":120,"height":90}},"url":"https://www.youtube.com/watch?v=q7_Q2kjm11o","searchQuery":"","pageNumber":""},{"videoId":"xM2MK77kJfc","name":"學霸夫人破奇案","title":"學霸夫人破奇案","description":"剧名：《#夫君大人别怕我The Expect Love》古装甜宠轻喜剧主演：#张紫宁#李九霖#马东辰#朱茉颜#刘木子观看全集Full ...","channelTitle":"Ms. Drama","channelId":"UC3VreTWCCKmGA5MbqFY3eRg","publishedAt":"2024-04-20T14:00:49","thumbnails":{"medium":{"url":"https://i.ytimg.com/vi/xM2MK77kJfc/mqdefault.jpg","width":320,"height":180},"high":{"url":"https://i.ytimg.com/vi/xM2MK77kJfc/hqdefault.jpg","width":480,"height":360},"default":{"url":"https://i.ytimg.com/vi/xM2MK77kJfc/default.jpg","width":120,"height":90}},"url":"https://www.youtube.com/watch?v=xM2MK77kJfc","searchQuery":"","pageNumber":""},{"videoId":"4U7KSquJYes","name":"夫君大人别怕我","title":"夫君大人别怕我","description":"內容為影視劇作品，⽆任何不良引導，劇情皆為演繹畫⾯，禁⽌模仿🛡️.此短劇已取得版權方書面授權，畫面為正規影視劇演繹， ...","channelTitle":"X Vision华语恋剧场 - Chinese Love Drama","channelId":"UCuVh1QhCKChffsfyGKGzUbA","publishedAt":"2024-07-23T11:18:11","thumbnails":{"medium":{"url":"https://i.ytimg.com/vi/4U7KSquJYes/mqdefault.jpg","width":320,"height":180},"high":{"url":"https://i.ytimg.com/vi/4U7KSquJYes/hqdefault.jpg","width":480,"height":360},"default":{"url":"https://i.ytimg.com/vi/4U7KSquJYes/default.jpg","width":120,"height":90}},"url":"https://www.youtube.com/watch?v=4U7KSquJYes","searchQuery":"","pageNumber":""},{"videoId":"Qm4DDTNh1rQ","name":"地府求我托個夢","title":"地府求我托個夢","description":"原创小说作者：老秦带你走进不一样的悬疑社的故事！ 悬疑小说是以一个悬念贯穿始终并且解开的小说，其内容和题材相对自由广泛 ...","channelTitle":"皮皮悬疑社","channelId":"UCFl9o5C0s2L1yfaIaEtAyAQ","publishedAt":"2025-05-22T00:00:22","thumbnails":{"medium":{"url":"https://i.ytimg.com/vi/Qm4DDTNh1rQ/mqdefault.jpg","width":320,"height":180},"high":{"url":"https://i.ytimg.com/vi/Qm4DDTNh1rQ/hqdefault.jpg","width":480,"height":360},"default":{"url":"https://i.ytimg.com/vi/Qm4DDTNh1rQ/default.jpg","width":120,"height":90}},"url":"https://www.youtube.com/watch?v=Qm4DDTNh1rQ","searchQuery":"","pageNumber":""},{"videoId":"25H54Un__Kk","name":"黑石岭怪谈悬疑","title":"黑石岭怪谈悬疑","description":"欢迎订阅“爱奇艺大电影iQIYI MOVIE THEATER”频道：https://bit.ly/3tDez1h Subscribe to us and enjoy the hottest Chinese variety ...","channelTitle":"爱奇艺大电影 iQIYI MOVIE THEATER - Get the iQIYI APP","channelId":"UCZ8ZJNzzIiDQFuGxdGTyWcQ","publishedAt":"2023-09-28T12:00:07","thumbnails":{"medium":{"url":"https://i.ytimg.com/vi/25H54Un__Kk/mqdefault.jpg","width":320,"height":180},"high":{"url":"https://i.ytimg.com/vi/25H54Un__Kk/hqdefault.jpg","width":480,"height":360},"default":{"url":"https://i.ytimg.com/vi/25H54Un__Kk/default.jpg","width":120,"height":90}},"url":"https://www.youtube.com/watch?v=25H54Un__Kk","searchQuery":"","pageNumber":""},{"videoId":"Y0XmWGJ_T3U","name":"狸猫书生书院案","title":"狸猫书生书院案","description":"狸猫书生》FULL https://www.youtube.com/playlist?list=PLQSzgdt775crtR94LPSGANz3k-vKQZjkp 更多优质内容尽在Mango ...","channelTitle":"芒果TV大芒 MangoTV Short Play","channelId":"UCg-xMwrK4qE0uwZL0aoYBXw","publishedAt":"2025-02-17T12:00:05","thumbnails":{"medium":{"url":"https://i.ytimg.com/vi/Y0XmWGJ_T3U/mqdefault.jpg","width":320,"height":180},"high":{"url":"https://i.ytimg.com/vi/Y0XmWGJ_T3U/hqdefault.jpg","width":480,"height":360},"default":{"url":"https://i.ytimg.com/vi/Y0XmWGJ_T3U/default.jpg","width":120,"height":90}},"url":"https://www.youtube.com/watch?v=Y0XmWGJ_T3U","searchQuery":"","pageNumber":""},{"videoId":"X0FhWpoWhLM","name":"白夜行灵魂爬行","title":"白夜行灵魂爬行","description":"精选好书推荐，每天精读一本好书，在休闲时提升自我，喜欢我的频道请点击订阅，点赞，收藏关于本书： 多年以前，大阪的一栋 ...","channelTitle":"豆瓣 FM·黄金书屋","channelId":"UCLHSemdIeKej7Q-rkxIexmQ","publishedAt":"2021-04-14T10:00:29","thumbnails":{"medium":{"url":"https://i.ytimg.com/vi/X0FhWpoWhLM/mqdefault.jpg","width":320,"height":180},"high":{"url":"https://i.ytimg.com/vi/X0FhWpoWhLM/hqdefault.jpg","width":480,"height":360},"default":{"url":"https://i.ytimg.com/vi/X0FhWpoWhLM/default.jpg","width":120,"height":90}},"url":"https://www.youtube.com/watch?v=X0FhWpoWhLM","searchQuery":"","pageNumber":""},{"videoId":"EBIZ6QniUOA","name":"鄉下小夥醫術驚","title":"鄉下小夥醫術驚","description":"【正版授權，侵權必究】燃燒你的能量，感受你的火熱！每天好劇看不停，歡迎訂閱！ #功夫#槍戰#中國電視劇#action #kung fu ...","channelTitle":"烈焰爽劇SHORT","channelId":"UCjm56VfJAXpKiXuAeWApfWw","publishedAt":"2025-05-10T11:00:32","thumbnails":{"medium":{"url":"https://i.ytimg.com/vi/EBIZ6QniUOA/mqdefault.jpg","width":320,"height":180},"high":{"url":"https://i.ytimg.com/vi/EBIZ6QniUOA/hqdefault.jpg","width":480,"height":360},"default":{"url":"https://i.ytimg.com/vi/EBIZ6QniUOA/default.jpg","width":120,"height":90}},"url":"https://www.youtube.com/watch?v=EBIZ6QniUOA","searchQuery":"","pageNumber":""},{"videoId":"m0nLOxCa_8Y","name":"川崎太太日劇評","title":"川崎太太日劇評","description":"00:00 開始01:00 第10位恋愛漫画家（戀愛漫畫家） 02:20 第9位大豆田とわ子と３人の元夫（大豆田和三個前夫） 04:15 第8位 ...","channelTitle":"川崎太太日文俱楽部","channelId":"UCfKRAHUyn0Cuzy-H2MzMQiQ","publishedAt":"2021-08-16T14:10:04","thumbnails":{"medium":{"url":"https://i.ytimg.com/vi/m0nLOxCa_8Y/mqdefault.jpg","width":320,"height":180},"high":{"url":"https://i.ytimg.com/vi/m0nLOxCa_8Y/hqdefault.jpg","width":480,"height":360},"default":{"url":"https://i.ytimg.com/vi/m0nLOxCa_8Y/default.jpg","width":120,"height":90}},"url":"https://www.youtube.com/watch?v=m0nLOxCa_8Y","searchQuery":"","pageNumber":""},{"videoId":"so1ru_z77Cs","name":"WOW 小劇場貪吃","title":"WOW 小劇場貪吃","description":"【劇情簡介】 大寶小寶是一對很愛吵架的兄弟，吃東西會吵、喝飲料會吵，不管什麼時候都在吵架，因此媽媽決定要將兩人送到山上 ...","channelTitle":"WOW聽故事","channelId":"UCQ-SxkS8AZuSi-L9ufd6NBA","publishedAt":"2022-06-03T11:00:13","thumbnails":{"medium":{"url":"https://i.ytimg.com/vi/so1ru_z77Cs/mqdefault.jpg","width":320,"height":180},"high":{"url":"https://i.ytimg.com/vi/so1ru_z77Cs/hqdefault.jpg","width":480,"height":360},"default":{"url":"https://i.ytimg.com/vi/so1ru_z77Cs/default.jpg","width":120,"height":90}},"url":"https://www.youtube.com/watch?v=so1ru_z77Cs","searchQuery":"","pageNumber":""},{"videoId":"ynyIOeqwzUY","name":"學霸夫人荷爾蒙","title":"學霸夫人荷爾蒙","description":"剧名：《#夫君大人别怕我The Expect Love》古装甜宠轻喜剧主演：#张紫宁#李九霖#马东辰#朱茉颜#刘木子观看全集Full ...","channelTitle":"Ms. Drama","channelId":"UC3VreTWCCKmGA5MbqFY3eRg","publishedAt":"2024-04-09T12:00:59","thumbnails":{"medium":{"url":"https://i.ytimg.com/vi/ynyIOeqwzUY/mqdefault.jpg","width":320,"height":180},"high":{"url":"https://i.ytimg.com/vi/ynyIOeqwzUY/hqdefault.jpg","width":480,"height":360},"default":{"url":"https://i.ytimg.com/vi/ynyIOeqwzUY/default.jpg","width":120,"height":90}},"url":"https://www.youtube.com/watch?v=ynyIOeqwzUY","searchQuery":"","pageNumber":""},{"videoId":"n5EnCQ9E4N0","name":"課長螺絲釘劇本","title":"課長螺絲釘劇本","description":"嗨大家好，今天我們要來玩一款新的遊戲Death Come True. 跟Rusty一起來搞清楚失憶症的男主角到底發生甚麼事情吧！","channelTitle":"課長螺絲釘","channelId":"UCVdwEljV9tobIn_JXIEIUOQ","publishedAt":"2021-10-03T16:42:45","thumbnails":{"medium":{"url":"https://i.ytimg.com/vi/n5EnCQ9E4N0/mqdefault.jpg","width":320,"height":180},"high":{"url":"https://i.ytimg.com/vi/n5EnCQ9E4N0/hqdefault.jpg","width":480,"height":360},"default":{"url":"https://i.ytimg.com/vi/n5EnCQ9E4N0/default.jpg","width":120,"height":90}},"url":"https://www.youtube.com/watch?v=n5EnCQ9E4N0","searchQuery":"","pageNumber":""},{"videoId":"3yMzdukQijo","name":"盗墓笔记收铁三角","title":"盗墓笔记收铁三角","description":"本视频是一部原创拍摄的短剧，完全符合YouTube社区准则。 大家好，我是包沙雕这是我在youtube上的唯一频道我不沙雕，是动画 ...","channelTitle":"包沙雕动画","channelId":"UCSJPX_p88jQVIsJ9sE2jR1A","publishedAt":"2022-11-03T09:15:00","thumbnails":{"medium":{"url":"https://i.ytimg.com/vi/3yMzdukQijo/mqdefault.jpg","width":320,"height":180},"high":{"url":"https://i.ytimg.com/vi/3yMzdukQijo/hqdefault.jpg","width":480,"height":360},"default":{"url":"https://i.ytimg.com/vi/3yMzdukQijo/default.jpg","width":120,"height":90}},"url":"https://www.youtube.com/watch?v=3yMzdukQijo","searchQuery":"","pageNumber":""},{"videoId":"pYGqf5xVJD0","name":"原来是花男城啊 Ⅱ","title":"原来是花男城啊 Ⅱ","description":"请订阅：https://bit.ly/3fEWCXw ▷如意绣坊最终还是被四方商号盯上了，如意毕生的心血该怎么守护？商场不得意情场也失意的如意 ...","channelTitle":"NewTV热播剧场 Hit Drama","channelId":"UCKn4SloJmZYNYNq6RgzgrHw","publishedAt":"2023-01-02T04:00:08","thumbnails":{"medium":{"url":"https://i.ytimg.com/vi/pYGqf5xVJD0/mqdefault.jpg","width":320,"height":180},"high":{"url":"https://i.ytimg.com/vi/pYGqf5xVJD0/hqdefault.jpg","width":480,"height":360},"default":{"url":"https://i.ytimg.com/vi/pYGqf5xVJD0/default.jpg","width":120,"height":90}},"url":"https://www.youtube.com/watch?v=pYGqf5xVJD0","searchQuery":"","pageNumber":""},{"videoId":"F1tQYhzqsc8","name":"寄生虫人性探知","title":"寄生虫人性探知","description":"韩国高分电影《寄生虫》探知人性,本视频由东风破晓优观提供,68次播放,好看视频是由百度团队打造的集内涵和颜值于一身的专业短 ...","channelTitle":"파워볼캡틴","channelId":"UCSwSN7UU0KBez5UOQR64SrQ","publishedAt":"2020-04-21T08:33:39","thumbnails":{"medium":{"url":"https://i.ytimg.com/vi/F1tQYhzqsc8/mqdefault.jpg","width":320,"height":180},"high":{"url":"https://i.ytimg.com/vi/F1tQYhzqsc8/hqdefault.jpg","width":480,"height":360},"default":{"url":"https://i.ytimg.com/vi/F1tQYhzqsc8/default.jpg","width":120,"height":90}},"url":"https://www.youtube.com/watch?v=F1tQYhzqsc8","searchQuery":"","pageNumber":""},{"videoId":"WHFHu4sRmdQ","name":"五十公里桃花坞 5","title":"五十公里桃花坞 5","description":"节目简介：《五十公里桃花坞S5》是一档生活类社交观察真人秀。节目中，15位居民将共同在距离城市50公里的桃花坞，构建一个集 ...","channelTitle":"WeTV - 喜剧综艺 - Get the WeTV APP","channelId":"UC5RbcOaDS_vcBPfzwSy_m1Q","publishedAt":"2025-05-27T06:26:50","thumbnails":{"medium":{"url":"https://i.ytimg.com/vi/WHFHu4sRmdQ/mqdefault.jpg","width":320,"height":180},"high":{"url":"https://i.ytimg.com/vi/WHFHu4sRmdQ/hqdefault.jpg","width":480,"height":360},"default":{"url":"https://i.ytimg.com/vi/WHFHu4sRmdQ/default.jpg","width":120,"height":90}},"url":"https://www.youtube.com/watch?v=WHFHu4sRmdQ","searchQuery":"","pageNumber":""},{"videoId":"vtIZNXXI5-E","name":"头狼 3 听书","title":"头狼 3 听书","description":"","channelTitle":"罗刹小鬼","channelId":"UC4BmLdrUPwp6E2CxxWU5nDA","publishedAt":"2023-06-28T11:19:46","thumbnails":{"medium":{"url":"https://i.ytimg.com/vi/vtIZNXXI5-E/mqdefault.jpg","width":320,"height":180},"high":{"url":"https://i.ytimg.com/vi/vtIZNXXI5-E/hqdefault.jpg","width":480,"height":360},"default":{"url":"https://i.ytimg.com/vi/vtIZNXXI5-E/default.jpg","width":120,"height":90}},"url":"https://www.youtube.com/watch?v=vtIZNXXI5-E","searchQuery":"","pageNumber":""},{"videoId":"eTNQdTNTAIo","name":"悲惨世界中英双语","title":"悲惨世界中英双语","description":"audiobook #英语有声书#英语故事#悲惨世界悲惨世界| Les Misérables| 中英双语字幕| 精简版| 英语有声书| Learning English ...","channelTitle":"英语理想国","channelId":"UCWdSrNyZUURwfteevda_1jQ","publishedAt":"2022-10-06T11:30:09","thumbnails":{"medium":{"url":"https://i.ytimg.com/vi/eTNQdTNTAIo/mqdefault.jpg","width":320,"height":180},"high":{"url":"https://i.ytimg.com/vi/eTNQdTNTAIo/hqdefault.jpg","width":480,"height":360},"default":{"url":"https://i.ytimg.com/vi/eTNQdTNTAIo/default.jpg","width":120,"height":90}},"url":"https://www.youtube.com/watch?v=eTNQdTNTAIo","searchQuery":"","pageNumber":""},{"videoId":"UlMysw-1HYg","name":"肇事追踪第八集","title":"肇事追踪第八集","description":"全片列表看这裡  ：https://bit.ly/3ag9kgX 《肇事追踪》每晚20:00 (GMT+8) 准时播放  【欢迎订阅Subscribe Now!】JYS佳韵 ...","channelTitle":"華劇解说精選 CDrama Recaps【每日更新歡迎訂閱】","channelId":"UCHeX9tMD8mqbqhu4Vceb3AQ","publishedAt":"2022-06-09T12:30:12","thumbnails":{"medium":{"url":"https://i.ytimg.com/vi/UlMysw-1HYg/mqdefault.jpg","width":320,"height":180},"high":{"url":"https://i.ytimg.com/vi/UlMysw-1HYg/hqdefault.jpg","width":480,"height":360},"default":{"url":"https://i.ytimg.com/vi/UlMysw-1HYg/default.jpg","width":120,"height":90}},"url":"https://www.youtube.com/watch?v=UlMysw-1HYg","searchQuery":"","pageNumber":""},{"videoId":"MisUcA0NfKo","name":"福爾摩斯桌遊教","title":"福爾摩斯桌遊教","description":"福爾摩斯探案集這是一款只能玩一次的推理遊戲(不過你還是能教你的朋友，然後看他們玩，還是很有趣) 玩家們扮演偵探透過故事 ...","channelTitle":"豪樣的","channelId":"UCJfO1x4QrzCCb2fdinUcedA","publishedAt":"2022-06-18T11:00:08","thumbnails":{"medium":{"url":"https://i.ytimg.com/vi/MisUcA0NfKo/mqdefault.jpg","width":320,"height":180},"high":{"url":"https://i.ytimg.com/vi/MisUcA0NfKo/hqdefault.jpg","width":480,"height":360},"default":{"url":"https://i.ytimg.com/vi/MisUcA0NfKo/default.jpg","width":120,"height":90}},"url":"https://www.youtube.com/watch?v=MisUcA0NfKo","searchQuery":"","pageNumber":""},{"videoId":"_W2mdXSni_A","name":"1367 換頭逃獄","title":"1367 換頭逃獄","description":"華語推理傑作陳浩基《1367》第三案——《最長的一日》！囚犯逃脫上演驚天消失術！ 《1367》全 ...","channelTitle":"汉森白JW","channelId":"UCdFh8KqLWO8GveaOHHakD-Q","publishedAt":"2022-09-02T12:00:20","thumbnails":{"medium":{"url":"https://i.ytimg.com/vi/_W2mdXSni_A/mqdefault.jpg","width":320,"height":180},"high":{"url":"https://i.ytimg.com/vi/_W2mdXSni_A/hqdefault.jpg","width":480,"height":360},"default":{"url":"https://i.ytimg.com/vi/_W2mdXSni_A/default.jpg","width":120,"height":90}},"url":"https://www.youtube.com/watch?v=_W2mdXSni_A","searchQuery":"","pageNumber":""},{"videoId":"rFWJNMPOgrc","name":"夺命现场走廊魂","title":"夺命现场走廊魂","description":"【欢迎加入】华语微电影讨论群154781951 【华语微电影Facebook】https://www.facebook.com/huayuweidianying 【更多精彩请 ...","channelTitle":"华语微电影放映机 | Chinese Short Film","channelId":"UC5QyDhGuYscz_oWPy9xviFg","publishedAt":"2016-01-20T03:15:22","thumbnails":{"medium":{"url":"https://i.ytimg.com/vi/rFWJNMPOgrc/mqdefault.jpg","width":320,"height":180},"high":{"url":"https://i.ytimg.com/vi/rFWJNMPOgrc/hqdefault.jpg","width":480,"height":360},"default":{"url":"https://i.ytimg.com/vi/rFWJNMPOgrc/default.jpg","width":120,"height":90}},"url":"https://www.youtube.com/watch?v=rFWJNMPOgrc","searchQuery":"","pageNumber":""},{"videoId":"jxvGyNGAw-I","name":"特警突击队第三集","title":"特警突击队第三集","description":"全集播放：https://www.youtube.com/watch?v=nwtW34y_xyc&list=PLHal96yJvQA_hk3LwUSpWXsbb8QPufhlp 《特警突击队》 ...","channelTitle":"森宇热播剧场","channelId":"UCGZgY9urf-stkr7cRUbQI1Q","publishedAt":"2023-06-03T05:20:00","thumbnails":{"medium":{"url":"https://i.ytimg.com/vi/jxvGyNGAw-I/mqdefault.jpg","width":320,"height":180},"high":{"url":"https://i.ytimg.com/vi/jxvGyNGAw-I/hqdefault.jpg","width":480,"height":360},"default":{"url":"https://i.ytimg.com/vi/jxvGyNGAw-I/default.jpg","width":120,"height":90}},"url":"https://www.youtube.com/watch?v=jxvGyNGAw-I","searchQuery":"","pageNumber":""},{"videoId":"2tv89VK_Hng","name":"彩虹小馬認識篇","title":"彩虹小馬認識篇","description":"YOYO最新唱跳MV▻▻http://bit.ly/yoyonewmusic 彩虹小馬角色大蒐羅！跟著小馬們一起出擊！ 噢～彩虹小馬噢～彩虹小馬永遠要做 ...","channelTitle":"YOYOTV","channelId":"UCiWRSesvSYmY7YOyz0tv_zQ","publishedAt":"2018-08-11T09:30:00","thumbnails":{"medium":{"url":"https://i.ytimg.com/vi/2tv89VK_Hng/mqdefault.jpg","width":320,"height":180},"high":{"url":"https://i.ytimg.com/vi/2tv89VK_Hng/hqdefault.jpg","width":480,"height":360},"default":{"url":"https://i.ytimg.com/vi/2tv89VK_Hng/default.jpg","width":120,"height":90}},"url":"https://www.youtube.com/watch?v=2tv89VK_Hng","searchQuery":"","pageNumber":""},{"videoId":"rCKHd9qTmkc","name":"旅行任意门第十期","title":"旅行任意门第十期","description":"下载芒果TV国际App   https://bit.ly/MGTVIntl 更多爆款内容第一时间抢先看，精彩配音、多语言字幕等你来pick！PC用户可访问 ...","channelTitle":"芒果TV慢生活综艺 MangoTV Lifestyle","channelId":"UCRR0JVF2fxavF-hfTUCQTdA","publishedAt":"2024-08-10T12:00:06","thumbnails":{"medium":{"url":"https://i.ytimg.com/vi/rCKHd9qTmkc/mqdefault.jpg","width":320,"height":180},"high":{"url":"https://i.ytimg.com/vi/rCKHd9qTmkc/hqdefault.jpg","width":480,"height":360},"default":{"url":"https://i.ytimg.com/vi/rCKHd9qTmkc/default.jpg","width":120,"height":90}},"url":"https://www.youtube.com/watch?v=rCKHd9qTmkc","searchQuery":"","pageNumber":""},{"videoId":"fgMPdYSWnXo","name":"迷网追凶破组织","title":"迷网追凶破组织","description":"《迷网追凶》全集: https://bit.ly/3GLgPuf 点击多看好剧: https://bit.ly/2G1Kc8R 该剧讲述了经侦队长萧剑与金融“天才”胥枫屡屡“交手” ...","channelTitle":"港剧金典——HK Drama Classics","channelId":"UC1WPfASy_zV0jj7PlafgELg","publishedAt":"2023-01-14T11:52:28","thumbnails":{"medium":{"url":"https://i.ytimg.com/vi/fgMPdYSWnXo/mqdefault.jpg","width":320,"height":180},"high":{"url":"https://i.ytimg.com/vi/fgMPdYSWnXo/hqdefault.jpg","width":480,"height":360},"default":{"url":"https://i.ytimg.com/vi/fgMPdYSWnXo/default.jpg","width":120,"height":90}},"url":"https://www.youtube.com/watch?v=fgMPdYSWnXo","searchQuery":"","pageNumber":""},{"videoId":"WnFss4s9aks","name":"晝盲神探針灸師","title":"晝盲神探針灸師","description":"半瓶醋#半瓶醋夜未眠#晝盲神探曾為電影製片，影評人，不算很認真的YouTuber，貓咪飼育者。 ▻其他出沒 ...","channelTitle":"半瓶醋","channelId":"UCYQDonquvqNhW35w3BSgqAw","publishedAt":"2022-12-12T13:30:08","thumbnails":{"medium":{"url":"https://i.ytimg.com/vi/WnFss4s9aks/mqdefault.jpg","width":320,"height":180},"high":{"url":"https://i.ytimg.com/vi/WnFss4s9aks/hqdefault.jpg","width":480,"height":360},"default":{"url":"https://i.ytimg.com/vi/WnFss4s9aks/default.jpg","width":120,"height":90}},"url":"https://www.youtube.com/watch?v=WnFss4s9aks","searchQuery":"","pageNumber":""},{"videoId":"tUn3RyNDM-Q","name":"最食人間煙火色","title":"最食人間煙火色","description":"Highlight：景琛邀請司清看露天電影，司清看電影樂得前仰後合，而景琛一直在默默照顧著司清，給她遞吃的喝的，眼睛彷彿長在了 ...","channelTitle":"景焯 Acsendras ","channelId":"UCuC5hq9QSDUhFBHhJqb48Cg","publishedAt":"2023-11-01T12:00:09","thumbnails":{"medium":{"url":"https://i.ytimg.com/vi/tUn3RyNDM-Q/mqdefault.jpg","width":320,"height":180},"high":{"url":"https://i.ytimg.com/vi/tUn3RyNDM-Q/hqdefault.jpg","width":480,"height":360},"default":{"url":"https://i.ytimg.com/vi/tUn3RyNDM-Q/default.jpg","width":120,"height":90}},"url":"https://www.youtube.com/watch?v=tUn3RyNDM-Q","searchQuery":"","pageNumber":""},{"videoId":"cW4V70hMuN4","name":"姜颂寻世界真相","title":"姜颂寻世界真相","description":"姜颂》FULL https://www.youtube.com/playlist?list=PLQSzgdt775cp4cFu13yP46C7NimpwEtV6 前往Mango TV国际版观看精彩 ...","channelTitle":"芒果TV大芒 MangoTV Short Play","channelId":"UCg-xMwrK4qE0uwZL0aoYBXw","publishedAt":"2025-05-07T10:43:36","thumbnails":{"medium":{"url":"https://i.ytimg.com/vi/cW4V70hMuN4/mqdefault.jpg","width":320,"height":180},"high":{"url":"https://i.ytimg.com/vi/cW4V70hMuN4/hqdefault.jpg","width":480,"height":360},"default":{"url":"https://i.ytimg.com/vi/cW4V70hMuN4/default.jpg","width":120,"height":90}},"url":"https://www.youtube.com/watch?v=cW4V70hMuN4","searchQuery":"","pageNumber":""},{"videoId":"9Zb9y42ObxE","name":"原生之罪陆离停","title":"原生之罪陆离停","description":"观看更多精彩剧集在iQIYI国际版APP：https://bit.ly/huayuapp2022 找到更多精彩活动在iQIYI国际版 ...","channelTitle":"爱奇艺华语剧场 - Get the iQIYI APP","channelId":"UCvNzI_xPIHhB3Vfstj4PMWw","publishedAt":"2023-07-18T12:00:06","thumbnails":{"medium":{"url":"https://i.ytimg.com/vi/9Zb9y42ObxE/mqdefault.jpg","width":320,"height":180},"high":{"url":"https://i.ytimg.com/vi/9Zb9y42ObxE/hqdefault.jpg","width":480,"height":360},"default":{"url":"https://i.ytimg.com/vi/9Zb9y42ObxE/default.jpg","width":120,"height":90}},"url":"https://www.youtube.com/watch?v=9Zb9y42ObxE","searchQuery":"","pageNumber":""},{"videoId":"H25Km1mEq4A","name":"我的世界校長逼捐","title":"我的世界校長逼捐","description":"我的世界小剧场：无良校长给体弱多病的儿子买房，强迫全校捐款，同学们都非常生气！【大聪明几号】 我的世界小剧场：无良校长 ...","channelTitle":"大聪明几号","channelId":"UCbcA1-8A5DbIfY82CK1kwnQ","publishedAt":"2023-07-01T10:15:00","thumbnails":{"medium":{"url":"https://i.ytimg.com/vi/H25Km1mEq4A/mqdefault.jpg","width":320,"height":180},"high":{"url":"https://i.ytimg.com/vi/H25Km1mEq4A/hqdefault.jpg","width":480,"height":360},"default":{"url":"https://i.ytimg.com/vi/H25Km1mEq4A/default.jpg","width":120,"height":90}},"url":"https://www.youtube.com/watch?v=H25Km1mEq4A","searchQuery":"","pageNumber":""},{"videoId":"uL4PMsPODVc","name":"隔壁房間的朋友","title":"隔壁房間的朋友","description":"软萌的画风＋惊悚的情节=本作】偷偷进入隔壁少女的房间，却无意中发现了惊人的秘密！！Σ(っ°Д°;)っ《隔壁房间的朋友》03恐怖 ...","channelTitle":"樹懶實況•中日雙語遊戲實況主","channelId":"UCS2SwpAStjrSIe4OQ5lEaOA","publishedAt":"2020-11-13T10:15:02","thumbnails":{"medium":{"url":"https://i.ytimg.com/vi/uL4PMsPODVc/mqdefault.jpg","width":320,"height":180},"high":{"url":"https://i.ytimg.com/vi/uL4PMsPODVc/hqdefault.jpg","width":480,"height":360},"default":{"url":"https://i.ytimg.com/vi/uL4PMsPODVc/default.jpg","width":120,"height":90}},"url":"https://www.youtube.com/watch?v=uL4PMsPODVc","searchQuery":"","pageNumber":""},{"videoId":"WssgzkkDUHk","name":"大清探案录次集","title":"大清探案录次集","description":"《大清探案录》全集: https://bit.ly/3XI6LrY 点击多看好剧: https://bit.ly/2G1Kc8R 该剧讲述了清同治年间，余杭县发生一起命案，经杨 ...","channelTitle":"港剧金典——HK Drama Classics","channelId":"UC1WPfASy_zV0jj7PlafgELg","publishedAt":"2023-01-28T11:45:24","thumbnails":{"medium":{"url":"https://i.ytimg.com/vi/WssgzkkDUHk/mqdefault.jpg","width":320,"height":180},"high":{"url":"https://i.ytimg.com/vi/WssgzkkDUHk/hqdefault.jpg","width":480,"height":360},"default":{"url":"https://i.ytimg.com/vi/WssgzkkDUHk/default.jpg","width":120,"height":90}},"url":"https://www.youtube.com/watch?v=WssgzkkDUHk","searchQuery":"","pageNumber":""},{"videoId":"QtgdPGBhFME","name":"落花時節仙妖戀","title":"落花時節仙妖戀","description":"落花时节又逢君#Loveneverfails #胡意旋#huyixuan #刘学义#liuxueyi #锦绣#红凝劇名：落花時節又逢君劇情簡介：天界百年一度的 ...","channelTitle":"星光綜藝社","channelId":"UCOUHIxYUhoTZzMB2aanz8qQ","publishedAt":"2025-05-25T12:00:50","thumbnails":{"medium":{"url":"https://i.ytimg.com/vi/QtgdPGBhFME/mqdefault.jpg","width":320,"height":180},"high":{"url":"https://i.ytimg.com/vi/QtgdPGBhFME/hqdefault.jpg","width":480,"height":360},"default":{"url":"https://i.ytimg.com/vi/QtgdPGBhFME/default.jpg","width":120,"height":90}},"url":"https://www.youtube.com/watch?v=QtgdPGBhFME","searchQuery":"","pageNumber":""},{"videoId":"_hDQSQls0ww","name":"噩梦工厂惊悚集","title":"噩梦工厂惊悚集","description":"【加入会员】https://www.youtube.com/channel/UCdRKafyb--geO9ySg6CbhYA/join 【订阅频道】https://www.youtube.com/c/宇哥 ...","channelTitle":"宇哥侃故事","channelId":"UCdRKafyb--geO9ySg6CbhYA","publishedAt":"2021-02-16T10:00:10","thumbnails":{"medium":{"url":"https://i.ytimg.com/vi/_hDQSQls0ww/mqdefault.jpg","width":320,"height":180},"high":{"url":"https://i.ytimg.com/vi/_hDQSQls0ww/hqdefault.jpg","width":480,"height":360},"default":{"url":"https://i.ytimg.com/vi/_hDQSQls0ww/default.jpg","width":120,"height":90}},"url":"https://www.youtube.com/watch?v=_hDQSQls0ww","searchQuery":"","pageNumber":""},{"videoId":"NQwZ3LPScY8","name":"官人有聲小說","title":"官人有聲小說","description":"一個小小芝麻綠豆大的局，一個正局，七個副局，本就勾心鬥角拉幫結派，傳有官位變化而雞飛狗跳，翻臉比翻書快，過去的同盟， ...","channelTitle":"rainyday 雨天","channelId":"UCnUZDu_rAIawDQp4Q0Zp3DQ","publishedAt":"2022-11-23T00:00:18","thumbnails":{"medium":{"url":"https://i.ytimg.com/vi/NQwZ3LPScY8/mqdefault.jpg","width":320,"height":180},"high":{"url":"https://i.ytimg.com/vi/NQwZ3LPScY8/hqdefault.jpg","width":480,"height":360},"default":{"url":"https://i.ytimg.com/vi/NQwZ3LPScY8/default.jpg","width":120,"height":90}},"url":"https://www.youtube.com/watch?v=NQwZ3LPScY8","searchQuery":"","pageNumber":""},{"videoId":"JGOkc7fy9-I","name":"西汉末年宫廷变","title":"西汉末年宫廷变","description":"创作不易，欢迎打赏：paypal.me/hereisaleph #汉元帝#王政君#王莽#汉成帝#汉哀帝#汉平帝#孺子婴#赵飞燕#赵合德#董贤#断袖# ...","channelTitle":"HereIsAleph_旧闻如是说","channelId":"UC5TqGHz9v7KQ0t_nh5RW8BQ","publishedAt":"2021-12-10T11:00:22","thumbnails":{"medium":{"url":"https://i.ytimg.com/vi/JGOkc7fy9-I/mqdefault.jpg","width":320,"height":180},"high":{"url":"https://i.ytimg.com/vi/JGOkc7fy9-I/hqdefault.jpg","width":480,"height":360},"default":{"url":"https://i.ytimg.com/vi/JGOkc7fy9-I/default.jpg","width":120,"height":90}},"url":"https://www.youtube.com/watch?v=JGOkc7fy9-I","searchQuery":"","pageNumber":""},{"videoId":"dmRaxirwQA0","name":"審判之眼漫遊界","title":"審判之眼漫遊界","description":"本頻道只供PS4遊戲分享所用.","channelTitle":"露娜專用薩克","channelId":"UCjg6sjmaSzFV9RWQqgNfWoA","publishedAt":"2018-12-14T23:15:27","thumbnails":{"medium":{"url":"https://i.ytimg.com/vi/dmRaxirwQA0/mqdefault.jpg","width":320,"height":180},"high":{"url":"https://i.ytimg.com/vi/dmRaxirwQA0/hqdefault.jpg","width":480,"height":360},"default":{"url":"https://i.ytimg.com/vi/dmRaxirwQA0/default.jpg","width":120,"height":90}},"url":"https://www.youtube.com/watch?v=dmRaxirwQA0","searchQuery":"","pageNumber":""},{"videoId":"H4BZZtiEr58","name":"落花時節貶凡間","title":"落花時節貶凡間","description":"落花时节又逢君#Loveneverfails #胡意旋#huyixuan #刘学义#liuxueyi #锦绣#红凝劇名：落花時節又逢君劇情簡介：天界百年一度的 ...","channelTitle":"星光綜藝社","channelId":"UCOUHIxYUhoTZzMB2aanz8qQ","publishedAt":"2025-05-23T12:00:26","thumbnails":{"medium":{"url":"https://i.ytimg.com/vi/H4BZZtiEr58/mqdefault.jpg","width":320,"height":180},"high":{"url":"https://i.ytimg.com/vi/H4BZZtiEr58/hqdefault.jpg","width":480,"height":360},"default":{"url":"https://i.ytimg.com/vi/H4BZZtiEr58/default.jpg","width":120,"height":90}},"url":"https://www.youtube.com/watch?v=H4BZZtiEr58","searchQuery":"","pageNumber":""},{"videoId":"37BPlc6kuPw","name":"金玉满唐第十四","title":"金玉满唐第十四","description":"金玉满唐（大唐女法医）》有声小说(1-240完)播放 ...","channelTitle":"听书频道有声动漫小说","channelId":"UCb5VcTnBlym6XvoS_7Qx9Fg","publishedAt":"2017-08-12T09:00:00","thumbnails":{"medium":{"url":"https://i.ytimg.com/vi/37BPlc6kuPw/mqdefault.jpg","width":320,"height":180},"high":{"url":"https://i.ytimg.com/vi/37BPlc6kuPw/hqdefault.jpg","width":480,"height":360},"default":{"url":"https://i.ytimg.com/vi/37BPlc6kuPw/default.jpg","width":120,"height":90}},"url":"https://www.youtube.com/watch?v=37BPlc6kuPw","searchQuery":"","pageNumber":""},{"videoId":"3H6eBCtJ5CU","name":"天才画师苏小贝","title":"天才画师苏小贝","description":"欢迎订阅【芒果TV青春剧场】：http://bit.ly/MGDTV_official 加入频道会员抢先看全集：http://bit.ly/MGTVDramaVIP ☘️剧情简介 ...","channelTitle":"芒果TV青春剧场 MangoTV Drama","channelId":"UCTulSfEm1c14WWRbSN-CNAQ","publishedAt":"2024-06-20T11:30:02","thumbnails":{"medium":{"url":"https://i.ytimg.com/vi/3H6eBCtJ5CU/mqdefault.jpg","width":320,"height":180},"high":{"url":"https://i.ytimg.com/vi/3H6eBCtJ5CU/hqdefault.jpg","width":480,"height":360},"default":{"url":"https://i.ytimg.com/vi/3H6eBCtJ5CU/default.jpg","width":120,"height":90}},"url":"https://www.youtube.com/watch?v=3H6eBCtJ5CU","searchQuery":"","pageNumber":""},{"videoId":"_Kj1Km4IiKw","name":"我亲爱的白月光","title":"我亲爱的白月光","description":"欢迎订阅【芒果TV青春剧场】：http://bit.ly/MGDTV_official 加入频道会员抢先看全集：http://bit.ly/MGTVDramaVIP 月色背面， ...","channelTitle":"芒果TV青春剧场 MangoTV Drama","channelId":"UCTulSfEm1c14WWRbSN-CNAQ","publishedAt":"2023-11-08T04:30:16","thumbnails":{"medium":{"url":"https://i.ytimg.com/vi/_Kj1Km4IiKw/mqdefault.jpg","width":320,"height":180},"high":{"url":"https://i.ytimg.com/vi/_Kj1Km4IiKw/hqdefault.jpg","width":480,"height":360},"default":{"url":"https://i.ytimg.com/vi/_Kj1Km4IiKw/default.jpg","width":120,"height":90}},"url":"https://www.youtube.com/watch?v=_Kj1Km4IiKw","searchQuery":"","pageNumber":""},{"videoId":"V5k5_LaQTgM","name":"未来日记第二集","title":"未来日记第二集","description":"悬疑推理惊悚.","channelTitle":"王勇","channelId":"UCmNPSbOoC78V1KTgrkK09WQ","publishedAt":"2021-03-22T03:50:35","thumbnails":{"medium":{"url":"https://i.ytimg.com/vi/V5k5_LaQTgM/mqdefault.jpg","width":320,"height":180},"high":{"url":"https://i.ytimg.com/vi/V5k5_LaQTgM/hqdefault.jpg","width":480,"height":360},"default":{"url":"https://i.ytimg.com/vi/V5k5_LaQTgM/default.jpg","width":120,"height":90}},"url":"https://www.youtube.com/watch?v=V5k5_LaQTgM","searchQuery":"","pageNumber":""},{"videoId":"2mF6HyPiHi0","name":"MO 蜜點亮好朋友","title":"MO 蜜點亮好朋友","description":"MO蜜點亮好朋友【其他集數】https://momokids.pse.is/momo_friends 【節目簡介】: 想跟「MO蜜點亮」一起去闖關嗎？節目中有四 ...","channelTitle":"momokids親子台","channelId":"UCbHD6HX38bufVR1pF076Z0g","publishedAt":"2022-07-09T11:00:13","thumbnails":{"medium":{"url":"https://i.ytimg.com/vi/2mF6HyPiHi0/mqdefault.jpg","width":320,"height":180},"high":{"url":"https://i.ytimg.com/vi/2mF6HyPiHi0/hqdefault.jpg","width":480,"height":360},"default":{"url":"https://i.ytimg.com/vi/2mF6HyPiHi0/default.jpg","width":120,"height":90}},"url":"https://www.youtube.com/watch?v=2mF6HyPiHi0","searchQuery":"","pageNumber":""},{"videoId":"jcpeuo-jzO0","name":"枪弹辩驳 V3 凶手动机","title":"枪弹辩驳 V3 凶手动机","description":"哈囉大家好~ 我是茄子魚ↁ_ↁ 歡迎收看新槍彈辯駁V3第一章- 我與我的班級審判一切的犯罪行為都是在最原同學眼前完成的呢.","channelTitle":"茄子魚NasuYu ↁ_ↁ","channelId":"UCx8IDcdS3k63_Tu0zAHt1Zw","publishedAt":"2017-10-30T11:00:04","thumbnails":{"medium":{"url":"https://i.ytimg.com/vi/jcpeuo-jzO0/mqdefault.jpg","width":320,"height":180},"high":{"url":"https://i.ytimg.com/vi/jcpeuo-jzO0/hqdefault.jpg","width":480,"height":360},"default":{"url":"https://i.ytimg.com/vi/jcpeuo-jzO0/default.jpg","width":120,"height":90}},"url":"https://www.youtube.com/watch?v=jcpeuo-jzO0","searchQuery":"","pageNumber":""},{"videoId":"3ElH6cMS3lo","name":"恶狼游戏新村洸篇","title":"恶狼游戏新村洸篇","description":"一年之後先至救到洸出嚟, 仲以為永遠都救唔番添lol →←→←→←→←→←→←→←→←→←→←→← 如果大家喜歡這款遊戲的話 ...","channelTitle":"Darky☆","channelId":"UCKt5qpWsLYbvIum5MSE5ouA","publishedAt":"2018-10-12T12:03:47","thumbnails":{"medium":{"url":"https://i.ytimg.com/vi/3ElH6cMS3lo/mqdefault.jpg","width":320,"height":180},"high":{"url":"https://i.ytimg.com/vi/3ElH6cMS3lo/hqdefault.jpg","width":480,"height":360},"default":{"url":"https://i.ytimg.com/vi/3ElH6cMS3lo/default.jpg","width":120,"height":90}},"url":"https://www.youtube.com/watch?v=3ElH6cMS3lo","searchQuery":"","pageNumber":""},{"videoId":"iyb4ThQZWGs","name":"天才画师浴室情深","title":"天才画师浴室情深","description":"欢迎订阅【芒果TV青春剧场】：http://bit.ly/MGDTV_official 加入频道会员抢先看全集：http://bit.ly/MGTVDramaVIP ☘️剧情简介 ...","channelTitle":"芒果TV青春剧场 MangoTV Drama","channelId":"UCTulSfEm1c14WWRbSN-CNAQ","publishedAt":"2024-06-23T12:30:28","thumbnails":{"medium":{"url":"https://i.ytimg.com/vi/iyb4ThQZWGs/mqdefault.jpg","width":320,"height":180},"high":{"url":"https://i.ytimg.com/vi/iyb4ThQZWGs/hqdefault.jpg","width":480,"height":360},"default":{"url":"https://i.ytimg.com/vi/iyb4ThQZWGs/default.jpg","width":120,"height":90}},"url":"https://www.youtube.com/watch?v=iyb4ThQZWGs","searchQuery":"","pageNumber":""},{"videoId":"jy3sDxH9tXs","name":"咖啡遇上香草宠恋","title":"咖啡遇上香草宠恋","description":"關注老霖看高質量一口氣日劇！ 有想看的日劇可以在評論區安利給老霖！ 哇磕死了！原來老霖也有少女心？！ #日劇#影视解说# ...","channelTitle":"11区的老霖","channelId":"UCsYa4AutVU00tkZaTni4bfg","publishedAt":"2022-10-27T01:24:25","thumbnails":{"medium":{"url":"https://i.ytimg.com/vi/jy3sDxH9tXs/mqdefault.jpg","width":320,"height":180},"high":{"url":"https://i.ytimg.com/vi/jy3sDxH9tXs/hqdefault.jpg","width":480,"height":360},"default":{"url":"https://i.ytimg.com/vi/jy3sDxH9tXs/default.jpg","width":120,"height":90}},"url":"https://www.youtube.com/watch?v=jy3sDxH9tXs","searchQuery":"","pageNumber":""},{"videoId":"J0f2xp0YRyI","name":"L 最终的 23 日","title":"L 最终的 23 日","description":"免費電影#FASTMOVIE #死亡筆記本#L #夜神月#路克#彌海砂加入會員爆款微短劇看到爽  https://m.aiurl.tw/zej6k 本片為日本暢銷 ...","channelTitle":"FAST 免費電影","channelId":"UC9zT1qKLzYNjZ0M7NrFLWfA","publishedAt":"2023-08-17T12:00:09","thumbnails":{"medium":{"url":"https://i.ytimg.com/vi/J0f2xp0YRyI/mqdefault.jpg","width":320,"height":180},"high":{"url":"https://i.ytimg.com/vi/J0f2xp0YRyI/hqdefault.jpg","width":480,"height":360},"default":{"url":"https://i.ytimg.com/vi/J0f2xp0YRyI/default.jpg","width":120,"height":90}},"url":"https://www.youtube.com/watch?v=J0f2xp0YRyI","searchQuery":"","pageNumber":""},{"videoId":"488_dmOgkko","name":"狸猫书生探真相","title":"狸猫书生探真相","description":"狸猫书生》FULL https://www.youtube.com/playlist?list=PLQSzgdt775crtR94LPSGANz3k-vKQZjkp 更多优质内容尽在Mango ...","channelTitle":"芒果TV大芒 MangoTV Short Play","channelId":"UCg-xMwrK4qE0uwZL0aoYBXw","publishedAt":"2025-02-17T12:15:06","thumbnails":{"medium":{"url":"https://i.ytimg.com/vi/488_dmOgkko/mqdefault.jpg","width":320,"height":180},"high":{"url":"https://i.ytimg.com/vi/488_dmOgkko/hqdefault.jpg","width":480,"height":360},"default":{"url":"https://i.ytimg.com/vi/488_dmOgkko/default.jpg","width":120,"height":90}},"url":"https://www.youtube.com/watch?v=488_dmOgkko","searchQuery":"","pageNumber":""},{"videoId":"8NpOkS4kpB8","name":"执念如影耿乐对决","title":"执念如影耿乐对决","description":"Click to download YOUKU International APP, your favorite show is on: https://qr.youku.com/pr?c=xaYZpfrZB0kv Shop officially ...","channelTitle":"YOUKU-Get APP now","channelId":"UCYQPTeY3HOk0BprrGuCWCaA","publishedAt":"2022-10-07T10:00:08","thumbnails":{"medium":{"url":"https://i.ytimg.com/vi/8NpOkS4kpB8/mqdefault.jpg","width":320,"height":180},"high":{"url":"https://i.ytimg.com/vi/8NpOkS4kpB8/hqdefault.jpg","width":480,"height":360},"default":{"url":"https://i.ytimg.com/vi/8NpOkS4kpB8/default.jpg","width":120,"height":90}},"url":"https://www.youtube.com/watch?v=8NpOkS4kpB8","searchQuery":"","pageNumber":""},{"videoId":"bnqyn4iJgs0","name":"御前侍卫变夫人","title":"御前侍卫变夫人","description":"驀然回首#微短劇#芒果tv #趙粵#zhaoyue #李是僥#lishiyao #仙俠#虐戀#大陸電視劇#陸劇#陸劇推薦#chinesedrama2025 #2025 ...","channelTitle":"星光綜藝社","channelId":"UCOUHIxYUhoTZzMB2aanz8qQ","publishedAt":"2025-05-21T12:30:43","thumbnails":{"medium":{"url":"https://i.ytimg.com/vi/bnqyn4iJgs0/mqdefault.jpg","width":320,"height":180},"high":{"url":"https://i.ytimg.com/vi/bnqyn4iJgs0/hqdefault.jpg","width":480,"height":360},"default":{"url":"https://i.ytimg.com/vi/bnqyn4iJgs0/default.jpg","width":120,"height":90}},"url":"https://www.youtube.com/watch?v=bnqyn4iJgs0","searchQuery":"","pageNumber":""},{"videoId":"nv6IAM4JtW8","name":"天降神医外星穿越","title":"天降神医外星穿越","description":"订阅频道不迷路，快快点击订阅吧：https://bit.ly/3T3rpB9 等了好久，你终于来啦！欢迎来到【热播电影院】   在这里，各种好片 ...","channelTitle":"热播电影院","channelId":"UCRPATdrtxWFfqc0LCwC5Mng","publishedAt":"2023-05-18T10:23:26","thumbnails":{"medium":{"url":"https://i.ytimg.com/vi/nv6IAM4JtW8/mqdefault.jpg","width":320,"height":180},"high":{"url":"https://i.ytimg.com/vi/nv6IAM4JtW8/hqdefault.jpg","width":480,"height":360},"default":{"url":"https://i.ytimg.com/vi/nv6IAM4JtW8/default.jpg","width":120,"height":90}},"url":"https://www.youtube.com/watch?v=nv6IAM4JtW8","searchQuery":"","pageNumber":""},{"videoId":"NUx69j56hGU","name":"天才画师总裁撩心","title":"天才画师总裁撩心","description":"欢迎订阅【芒果TV青春剧场】：http://bit.ly/MGDTV_official 加入频道会员抢先看全集：http://bit.ly/MGTVDramaVIP ☘️剧情简介 ...","channelTitle":"芒果TV青春剧场 MangoTV Drama","channelId":"UCTulSfEm1c14WWRbSN-CNAQ","publishedAt":"2024-06-21T12:30:16","thumbnails":{"medium":{"url":"https://i.ytimg.com/vi/NUx69j56hGU/mqdefault.jpg","width":320,"height":180},"high":{"url":"https://i.ytimg.com/vi/NUx69j56hGU/hqdefault.jpg","width":480,"height":360},"default":{"url":"https://i.ytimg.com/vi/NUx69j56hGU/default.jpg","width":120,"height":90}},"url":"https://www.youtube.com/watch?v=NUx69j56hGU","searchQuery":"","pageNumber":""},{"videoId":"Ypm7tWSS4x4","name":"追凶神探 5 集冒险","title":"追凶神探 5 集冒险","description":"《追凶神探》全集: https://bit.ly/38F0tlz 点击多看好剧: https://bit.ly/33vVEZQ​​​​​ 导演：刘昕主演：赵峥、于欣禾《追凶神探》 ...","channelTitle":"ROSE TV","channelId":"UCstdo3fo9H04nFVyaj2Bkew","publishedAt":"2021-03-15T12:07:39","thumbnails":{"medium":{"url":"https://i.ytimg.com/vi/Ypm7tWSS4x4/mqdefault.jpg","width":320,"height":180},"high":{"url":"https://i.ytimg.com/vi/Ypm7tWSS4x4/hqdefault.jpg","width":480,"height":360},"default":{"url":"https://i.ytimg.com/vi/Ypm7tWSS4x4/default.jpg","width":120,"height":90}},"url":"https://www.youtube.com/watch?v=Ypm7tWSS4x4","searchQuery":"","pageNumber":""},{"videoId":"QP6bUBWHDvY","name":"キミだけのヒーロー","title":"キミだけのヒーロー","description":"特殊部隊のツンデレ隊長が恋をしたのは、２年前の人質事件で命を救った見習い医師！？ 数々のドラマランキングで1位を獲得 ...","channelTitle":"NBCユニバーサル アジア【公式】","channelId":"UCII_QSL9Qlsq0tjwKMk9KxA","publishedAt":"2022-08-17T01:30:18","thumbnails":{"medium":{"url":"https://i.ytimg.com/vi/QP6bUBWHDvY/mqdefault.jpg","width":320,"height":180},"high":{"url":"https://i.ytimg.com/vi/QP6bUBWHDvY/hqdefault.jpg","width":480,"height":360},"default":{"url":"https://i.ytimg.com/vi/QP6bUBWHDvY/default.jpg","width":120,"height":90}},"url":"https://www.youtube.com/watch?v=QP6bUBWHDvY","searchQuery":"","pageNumber":""},{"videoId":"7yWpDMqi1PI","name":"死亡笔记决战新世界","title":"死亡笔记决战新世界","description":"deathnote #freemovie #免費電影#fastmovie #lightupthenewworld 加入會員爆款微短劇看到爽  https://m.aiurl.tw/zej6k 《死亡 ...","channelTitle":"FAST 免費電影","channelId":"UC9zT1qKLzYNjZ0M7NrFLWfA","publishedAt":"2023-05-21T13:00:09","thumbnails":{"medium":{"url":"https://i.ytimg.com/vi/7yWpDMqi1PI/mqdefault.jpg","width":320,"height":180},"high":{"url":"https://i.ytimg.com/vi/7yWpDMqi1PI/hqdefault.jpg","width":480,"height":360},"default":{"url":"https://i.ytimg.com/vi/7yWpDMqi1PI/default.jpg","width":120,"height":90}},"url":"https://www.youtube.com/watch?v=7yWpDMqi1PI","searchQuery":"","pageNumber":""},{"videoId":"X2jXZs1vAmQ","name":"Love on Fire 第 6 集","title":"Love on Fire 第 6 集","description":"Click to subscribe our Channel→ https://www.youtube.com/@ChineseDramaBase?sub_confirmation=1 More EPs click→《Love ...","channelTitle":"CDrama Base","channelId":"UCAjv6bMiD_Re_NHUKrAxiHA","publishedAt":"2023-03-14T12:40:07","thumbnails":{"medium":{"url":"https://i.ytimg.com/vi/X2jXZs1vAmQ/mqdefault.jpg","width":320,"height":180},"high":{"url":"https://i.ytimg.com/vi/X2jXZs1vAmQ/hqdefault.jpg","width":480,"height":360},"default":{"url":"https://i.ytimg.com/vi/X2jXZs1vAmQ/default.jpg","width":120,"height":90}},"url":"https://www.youtube.com/watch?v=X2jXZs1vAmQ","searchQuery":"","pageNumber":""},{"videoId":"W634ghAJQ2s","name":"绝境救妻身份谜","title":"绝境救妻身份谜","description":"正版短劇均為正版授權，侵權必究！！ Future TV Copyright distribution 歡迎訂閱本頻道，每日更新熱門短劇☺️ 本頻道劇情內容純 ...","channelTitle":"月月追劇","channelId":"UCI5Xy5CSnwcHRH6WpBwOyng","publishedAt":"2025-05-29T04:00:39","thumbnails":{"medium":{"url":"https://i.ytimg.com/vi/W634ghAJQ2s/mqdefault.jpg","width":320,"height":180},"high":{"url":"https://i.ytimg.com/vi/W634ghAJQ2s/hqdefault.jpg","width":480,"height":360},"default":{"url":"https://i.ytimg.com/vi/W634ghAJQ2s/default.jpg","width":120,"height":90}},"url":"https://www.youtube.com/watch?v=W634ghAJQ2s","searchQuery":"","pageNumber":""},{"videoId":"STRs-09_124","name":"盛世嫡妃有声 201-210","title":"盛世嫡妃有声 201-210","description":"有声小说, #盛世嫡妃, #精品多人小说剧, #原著小说精品有声剧, #楚婷演播《盛世嫡妃》精品多人小说剧| 有声小说- 全集: ...","channelTitle":"바카라 신비","channelId":"UCyBteeLm_cet5LKdP7dWnsw","publishedAt":"2022-03-16T03:10:02","thumbnails":{"medium":{"url":"https://i.ytimg.com/vi/STRs-09_124/mqdefault.jpg","width":320,"height":180},"high":{"url":"https://i.ytimg.com/vi/STRs-09_124/hqdefault.jpg","width":480,"height":360},"default":{"url":"https://i.ytimg.com/vi/STRs-09_124/default.jpg","width":120,"height":90}},"url":"https://www.youtube.com/watch?v=STRs-09_124","searchQuery":"","pageNumber":""},{"videoId":"t2zz-3SRvHc","name":"龙城之恋总裁宠主播","title":"龙城之恋总裁宠主播","description":"【龙城之恋/Take Us Home 】  观看全集：https://bit.ly/3Jm7nib ❤️感谢订阅/Welcome to subscribe❤️刑事侦缉局Criminal ...","channelTitle":"刑事侦缉局 Criminal Investigation Bureau","channelId":"UCOe0Vydk2hVcl91PF4XORNA","publishedAt":"2023-03-15T11:30:08","thumbnails":{"medium":{"url":"https://i.ytimg.com/vi/t2zz-3SRvHc/mqdefault.jpg","width":320,"height":180},"high":{"url":"https://i.ytimg.com/vi/t2zz-3SRvHc/hqdefault.jpg","width":480,"height":360},"default":{"url":"https://i.ytimg.com/vi/t2zz-3SRvHc/default.jpg","width":120,"height":90}},"url":"https://www.youtube.com/watch?v=t2zz-3SRvHc","searchQuery":"","pageNumber":""},{"videoId":"USVojYqFgBk","name":"大清探案录 31 集","title":"大清探案录 31 集","description":"《大清探案录》全集: https://bit.ly/3XI6LrY 点击多看好剧: https://bit.ly/2G1Kc8R 该剧讲述了清同治年间，余杭县发生一起命案，经杨 ...","channelTitle":"港剧金典——HK Drama Classics","channelId":"UC1WPfASy_zV0jj7PlafgELg","publishedAt":"2023-02-04T11:54:16","thumbnails":{"medium":{"url":"https://i.ytimg.com/vi/USVojYqFgBk/mqdefault.jpg","width":320,"height":180},"high":{"url":"https://i.ytimg.com/vi/USVojYqFgBk/hqdefault.jpg","width":480,"height":360},"default":{"url":"https://i.ytimg.com/vi/USVojYqFgBk/default.jpg","width":120,"height":90}},"url":"https://www.youtube.com/watch?v=USVojYqFgBk","searchQuery":"","pageNumber":""},{"videoId":"LtohwdvUK4E","name":"行走阴阳 891-900 章","title":"行走阴阳 891-900 章","description":"【行走阴阳】是國内为数不多的優秀霊异作品， 故事情節高低迭蕩扣人心弦，演播者更拥有出色的演绎天赋以及独特的聲音条件， ...","channelTitle":"雨夜聼書","channelId":"UCpI8dvdKNIz5zTd5m3Z4hSw","publishedAt":"2023-03-16T11:36:33","thumbnails":{"medium":{"url":"https://i.ytimg.com/vi/LtohwdvUK4E/mqdefault.jpg","width":320,"height":180},"high":{"url":"https://i.ytimg.com/vi/LtohwdvUK4E/hqdefault.jpg","width":480,"height":360},"default":{"url":"https://i.ytimg.com/vi/LtohwdvUK4E/default.jpg","width":120,"height":90}},"url":"https://www.youtube.com/watch?v=LtohwdvUK4E","searchQuery":"","pageNumber":""},{"videoId":"C0yeXpE60lQ","name":"我在古代当萌探","title":"我在古代当萌探","description":"下载芒果TV国际APP → https://bit.ly/2U0ML7S ，更多爆款内容第一时间抢先看，精彩配音、多语言字幕等你来pick！ PC用户可登陆 ...","channelTitle":"芒果TV心动 MangoTV Sparkle","channelId":"UCLqfIlW6-tXfBg1rHx-RB3g","publishedAt":"2021-10-31T04:30:13","thumbnails":{"medium":{"url":"https://i.ytimg.com/vi/C0yeXpE60lQ/mqdefault.jpg","width":320,"height":180},"high":{"url":"https://i.ytimg.com/vi/C0yeXpE60lQ/hqdefault.jpg","width":480,"height":360},"default":{"url":"https://i.ytimg.com/vi/C0yeXpE60lQ/default.jpg","width":120,"height":90}},"url":"https://www.youtube.com/watch?v=C0yeXpE60lQ","searchQuery":"","pageNumber":""},{"videoId":"mYHdExkBGZo","name":"盗墓寻龙遇血粽","title":"盗墓寻龙遇血粽","description":"Click to join YOUKU membership: http://bit.ly/youkumembership 【盗墓寻龙Tomb Hunting】俊男墓穴寻宝遇血粽子！ | 2018悬疑 ...","channelTitle":"YOUKU SUSPENSE-Get APP Now","channelId":"UCDyMUzlmyxAYiMravkxdDLQ","publishedAt":"2022-01-14T12:00:11","thumbnails":{"medium":{"url":"https://i.ytimg.com/vi/mYHdExkBGZo/mqdefault.jpg","width":320,"height":180},"high":{"url":"https://i.ytimg.com/vi/mYHdExkBGZo/hqdefault.jpg","width":480,"height":360},"default":{"url":"https://i.ytimg.com/vi/mYHdExkBGZo/default.jpg","width":120,"height":90}},"url":"https://www.youtube.com/watch?v=mYHdExkBGZo","searchQuery":"","pageNumber":""},{"videoId":"vftw-FKVFSw","name":"送灵先生粤语 51-55","title":"送灵先生粤语 51-55","description":"《送靈先生》（原名：最後一個送靈人） 生有生劫，死有死劫。 嬰兒過不了死生劫就來不了新世界。 亡人過不了死劫，就走不了 ...","channelTitle":"碌斌深夜粵語廣播","channelId":"UCQuEyH2aGk7fCakqU8C0Ggg","publishedAt":"2022-11-13T16:18:58","thumbnails":{"medium":{"url":"https://i.ytimg.com/vi/vftw-FKVFSw/mqdefault.jpg","width":320,"height":180},"high":{"url":"https://i.ytimg.com/vi/vftw-FKVFSw/hqdefault.jpg","width":480,"height":360},"default":{"url":"https://i.ytimg.com/vi/vftw-FKVFSw/default.jpg","width":120,"height":90}},"url":"https://www.youtube.com/watch?v=vftw-FKVFSw","searchQuery":"","pageNumber":""},{"videoId":"KfgF1niLSbc","name":"催眠大师见恶己","title":"催眠大师见恶己","description":"【正版授权】 欢迎订阅@追剧少女小七这里每天都会为大家更新精彩好剧短视频哟喜欢的话请大力的戳我吧！ (✪ω✪) Welcome to ...","channelTitle":"追剧少女小七","channelId":"UCMUCDWZPiu6eoq1U4Vc6K5g","publishedAt":"2024-10-08T15:00:30","thumbnails":{"medium":{"url":"https://i.ytimg.com/vi/KfgF1niLSbc/mqdefault.jpg","width":320,"height":180},"high":{"url":"https://i.ytimg.com/vi/KfgF1niLSbc/hqdefault.jpg","width":480,"height":360},"default":{"url":"https://i.ytimg.com/vi/KfgF1niLSbc/default.jpg","width":120,"height":90}},"url":"https://www.youtube.com/watch?v=KfgF1niLSbc","searchQuery":"","pageNumber":""},{"videoId":"nExCIL_h0hU","name":"武大郎的崛起","title":"武大郎的崛起","description":"其他完结古装剧： 《這個太子有點狂》https://www.youtube.com/watch?v=tUZrLJTj_wA 《人間逍遙 ...","channelTitle":"崑崙劇場-搶先版","channelId":"UC-g_3PZzR5KrBThx8cfbp6Q","publishedAt":"2024-01-04T01:39:26","thumbnails":{"medium":{"url":"https://i.ytimg.com/vi/nExCIL_h0hU/mqdefault.jpg","width":320,"height":180},"high":{"url":"https://i.ytimg.com/vi/nExCIL_h0hU/hqdefault.jpg","width":480,"height":360},"default":{"url":"https://i.ytimg.com/vi/nExCIL_h0hU/default.jpg","width":120,"height":90}},"url":"https://www.youtube.com/watch?v=nExCIL_h0hU","searchQuery":"","pageNumber":""},{"videoId":"Je-hJFszyMQ","name":"末日的异能者","title":"末日的异能者","description":"以上剧集所含情节均为影视效果，部分素材已进行无害化处理，请勿模仿！ 歡迎來到小梨渦劇場！ 持續更新優質熱播短劇！","channelTitle":"小梨涡剧场","channelId":"UC8gbTD2PwZHQKrHSEgBG2wQ","publishedAt":"2024-11-26T10:00:26","thumbnails":{"medium":{"url":"https://i.ytimg.com/vi/Je-hJFszyMQ/mqdefault.jpg","width":320,"height":180},"high":{"url":"https://i.ytimg.com/vi/Je-hJFszyMQ/hqdefault.jpg","width":480,"height":360},"default":{"url":"https://i.ytimg.com/vi/Je-hJFszyMQ/default.jpg","width":120,"height":90}},"url":"https://www.youtube.com/watch?v=Je-hJFszyMQ","searchQuery":"","pageNumber":""},{"videoId":"6GXc9zrJALQ","name":"举头望明月孝情","title":"举头望明月孝情","description":"本频道影视内容纯属虚构，仅为剧情创作需要。所涉情节、人物及事件均不代表现实情况，观众朋友们切勿对号入座、信以为真！","channelTitle":"青柠剧场","channelId":"UCxyhRdv__e4llzpWXK2Lw8w","publishedAt":"2024-09-24T10:57:31","thumbnails":{"medium":{"url":"https://i.ytimg.com/vi/6GXc9zrJALQ/mqdefault.jpg","width":320,"height":180},"high":{"url":"https://i.ytimg.com/vi/6GXc9zrJALQ/hqdefault.jpg","width":480,"height":360},"default":{"url":"https://i.ytimg.com/vi/6GXc9zrJALQ/default.jpg","width":120,"height":90}},"url":"https://www.youtube.com/watch?v=6GXc9zrJALQ","searchQuery":"","pageNumber":""},{"videoId":"TQ62KfWocfU","name":"点与线","title":"点与线","description":"打赏：https://buymeacoffee.com/iflutecag 声音软件：https://try.elevenlabs.io/4bzliy8ulghw **  由「有声小说」频道独家呈现， ...","channelTitle":"声临其境","channelId":"UCZP_1VTOPmeR4ZF2f5BeCQg","publishedAt":"2025-09-09T00:30:21","thumbnails":{"medium":{"url":"https://i.ytimg.com/vi/TQ62KfWocfU/mqdefault.jpg","width":320,"height":180},"high":{"url":"https://i.ytimg.com/vi/TQ62KfWocfU/hqdefault.jpg","width":480,"height":360},"default":{"url":"https://i.ytimg.com/vi/TQ62KfWocfU/default.jpg","width":120,"height":90}},"url":"https://www.youtube.com/watch?v=TQ62KfWocfU","searchQuery":"","pageNumber":""},{"videoId":"LSA7GIfzMWw","name":"密室谋杀案","title":"密室谋杀案","description":"成为此频道的会员可以查看一些被打上黄标、无法获取广告收益的精选视频： ...","channelTitle":"悬疑MOVIE","channelId":"UCk1Qr454Bjk2QAaxrFymUiw","publishedAt":"2024-04-10T03:08:06","thumbnails":{"medium":{"url":"https://i.ytimg.com/vi/LSA7GIfzMWw/mqdefault.jpg","width":320,"height":180},"high":{"url":"https://i.ytimg.com/vi/LSA7GIfzMWw/hqdefault.jpg","width":480,"height":360},"default":{"url":"https://i.ytimg.com/vi/LSA7GIfzMWw/default.jpg","width":120,"height":90}},"url":"https://www.youtube.com/watch?v=LSA7GIfzMWw","searchQuery":"","pageNumber":""},{"videoId":"F9qmV7rZl7w","name":"悬疑推理经典","title":"悬疑推理经典","description":"经典悬疑佳作：《控方证人》","channelTitle":"第十区放映室","channelId":"UCI1lmMzALehhqh_jVHfezng","publishedAt":"2024-10-05T06:57:01","thumbnails":{"medium":{"url":"https://i.ytimg.com/vi/F9qmV7rZl7w/mqdefault.jpg","width":320,"height":180},"high":{"url":"https://i.ytimg.com/vi/F9qmV7rZl7w/hqdefault.jpg","width":480,"height":360},"default":{"url":"https://i.ytimg.com/vi/F9qmV7rZl7w/default.jpg","width":120,"height":90}},"url":"https://www.youtube.com/watch?v=F9qmV7rZl7w","searchQuery":"","pageNumber":""},{"videoId":"2CfMNP2UCNY","name":"知名女侦探的最后一案","title":"知名女侦探的最后一案","description":"成为此频道的会员可以查看一些被打上黄标、无法获取广告收益的精选视频： ...","channelTitle":"悬疑MOVIE","channelId":"UCk1Qr454Bjk2QAaxrFymUiw","publishedAt":"2023-02-18T09:09:29","thumbnails":{"medium":{"url":"https://i.ytimg.com/vi/2CfMNP2UCNY/mqdefault.jpg","width":320,"height":180},"high":{"url":"https://i.ytimg.com/vi/2CfMNP2UCNY/hqdefault.jpg","width":480,"height":360},"default":{"url":"https://i.ytimg.com/vi/2CfMNP2UCNY/default.jpg","width":120,"height":90}},"url":"https://www.youtube.com/watch?v=2CfMNP2UCNY","searchQuery":"","pageNumber":""}]