[{"videoId":"M9hGHUxXmqQ","name":"Daughter-in-Law vs Gold Digger","title":"Daughter-in-Law vs Gold Digger","description":"Bahu vs Gold Digger | EP 33 - 49 Ek ghar mein do auratein – ek sanskari bahu, aur doosri ek chalak gold digger! Jab paisa, pyaar ...","channelTitle":"Ultimate Drama","channelId":"UCV5yVE5qM96YA8VLJ3bEMTA","publishedAt":"2025-11-17T04:00:20","thumbnails":{"medium":{"url":"https://i.ytimg.com/vi/M9hGHUxXmqQ/mqdefault.jpg","width":320,"height":180},"high":{"url":"https://i.ytimg.com/vi/M9hGHUxXmqQ/hqdefault.jpg","width":480,"height":360},"default":{"url":"https://i.ytimg.com/vi/M9hGHUxXmqQ/default.jpg","width":120,"height":90}},"url":"https://www.youtube.com/watch?v=M9hGHUxXmqQ","searchQuery":"","pageNumber":""},{"videoId":"w7j9xaTDhUM","name":" परिणय","title":" परिणय","description":"यह कहानी कई विवाहित जोड़ों द्वारा सामना किए जाने वाले आम वैवाहिक ...","channelTitle":"Kalp Kaadambari","channelId":"UCbvOtliFrGyzV1CUWM7WYQQ","publishedAt":"2024-05-01T06:28:47","thumbnails":{"medium":{"url":"https://i.ytimg.com/vi/w7j9xaTDhUM/mqdefault.jpg","width":320,"height":180},"high":{"url":"https://i.ytimg.com/vi/w7j9xaTDhUM/hqdefault.jpg","width":480,"height":360},"default":{"url":"https://i.ytimg.com/vi/w7j9xaTDhUM/default.jpg","width":120,"height":90}},"url":"https://www.youtube.com/watch?v=w7j9xaTDhUM","searchQuery":"","pageNumber":""},{"videoId":"ukO9Bwx-Kt8","name":"The Ways of the World","title":"The Ways of the World","description":"Duniya Ki Reet | दुनिया की रीत | Hindi Short film | Family Drama | New Film 2024 | New Sauth Movie @pocketfilms ...","channelTitle":"Pardeshi Film","channelId":"UC8dTt8KLvj6r-KmU70YBsfA","publishedAt":"2024-02-29T01:30:12","thumbnails":{"medium":{"url":"https://i.ytimg.com/vi/ukO9Bwx-Kt8/mqdefault.jpg","width":320,"height":180},"high":{"url":"https://i.ytimg.com/vi/ukO9Bwx-Kt8/hqdefault.jpg","width":480,"height":360},"default":{"url":"https://i.ytimg.com/vi/ukO9Bwx-Kt8/default.jpg","width":120,"height":90}},"url":"https://www.youtube.com/watch?v=ukO9Bwx-Kt8","searchQuery":"","pageNumber":""},{"videoId":"IMafO771otM","name":"The Scheming Daughter-in-Law","title":"The Scheming Daughter-in-Law","description":"fullmovie #shortmovies #hindimovies #hindishortfilm #Hindivideo #Hindifilms #Hindidrama #movies #hindimovies #webseries ...","channelTitle":"Maa Creation ","channelId":"UCW0YICPCNdgAR718zpWGlaw","publishedAt":"2024-07-13T13:30:17","thumbnails":{"medium":{"url":"https://i.ytimg.com/vi/IMafO771otM/mqdefault.jpg","width":320,"height":180},"high":{"url":"https://i.ytimg.com/vi/IMafO771otM/hqdefault.jpg","width":480,"height":360},"default":{"url":"https://i.ytimg.com/vi/IMafO771otM/default.jpg","width":120,"height":90}},"url":"https://www.youtube.com/watch?v=IMafO771otM","searchQuery":"","pageNumber":""},{"videoId":"QDvLhaPBuH4","name":"Daughter-in-Law vs Gold Digger","title":"Daughter-in-Law vs Gold Digger","description":"Bahu vs Gold Digger | EP 1 - 16 Ek ghar mein do auratein – ek sanskari bahu, aur doosri ek chalak gold digger! Jab paisa, pyaar ...","channelTitle":"Ultimate Drama","channelId":"UCV5yVE5qM96YA8VLJ3bEMTA","publishedAt":"2025-11-17T02:00:23","thumbnails":{"medium":{"url":"https://i.ytimg.com/vi/QDvLhaPBuH4/mqdefault.jpg","width":320,"height":180},"high":{"url":"https://i.ytimg.com/vi/QDvLhaPBuH4/hqdefault.jpg","width":480,"height":360},"default":{"url":"https://i.ytimg.com/vi/QDvLhaPBuH4/default.jpg","width":120,"height":90}},"url":"https://www.youtube.com/watch?v=QDvLhaPBuH4","searchQuery":"","pageNumber":""},{"videoId":"9iQhum6syMs","name":"The In-Laws' House Incident","title":"The In-Laws' House Incident","description":"ससुराल में हुआ ऐसा हादसा - Hindi Crime Drama Movie - Hindi Short Movie 2025 - Crime Petrol ससुराल ...","channelTitle":"Krishna Movie Hd","channelId":"UCqmmk-b4TJwlZN5bcyJfzow","publishedAt":"2025-10-09T15:30:10","thumbnails":{"medium":{"url":"https://i.ytimg.com/vi/9iQhum6syMs/mqdefault.jpg","width":320,"height":180},"high":{"url":"https://i.ytimg.com/vi/9iQhum6syMs/hqdefault.jpg","width":480,"height":360},"default":{"url":"https://i.ytimg.com/vi/9iQhum6syMs/default.jpg","width":120,"height":90}},"url":"https://www.youtube.com/watch?v=9iQhum6syMs","searchQuery":"","pageNumber":""},{"videoId":"kfgCBwVXaCs","name":"Diwali","title":"Diwali","description":"THE HAPPY LAMP || Hindi short film 2024 | Dewali Festival #shortfilm #diwali #movie #film #drama #foryou #dewali #deepawali ...","channelTitle":"realcrazy","channelId":"UCjtFQL6_c6TPQQD_xlcnKDg","publishedAt":"2024-10-30T01:39:00","thumbnails":{"medium":{"url":"https://i.ytimg.com/vi/kfgCBwVXaCs/mqdefault.jpg","width":320,"height":180},"high":{"url":"https://i.ytimg.com/vi/kfgCBwVXaCs/hqdefault.jpg","width":480,"height":360},"default":{"url":"https://i.ytimg.com/vi/kfgCBwVXaCs/default.jpg","width":120,"height":90}},"url":"https://www.youtube.com/watch?v=kfgCBwVXaCs","searchQuery":"","pageNumber":""},{"videoId":"uyEqPCNVYHU","name":"Embracing Uniqueness, Celebrating Love","title":"Embracing Uniqueness, Celebrating Love","description":"Download Now - https://play.google.com/store/apps/details?id=in.pocketfilms.app Download Now ...","channelTitle":"Pocket Films","channelId":"UCWnTC8o8AycL6a2eRrKSdBg","publishedAt":"2025-04-01T14:30:29","thumbnails":{"medium":{"url":"https://i.ytimg.com/vi/uyEqPCNVYHU/mqdefault.jpg","width":320,"height":180},"high":{"url":"https://i.ytimg.com/vi/uyEqPCNVYHU/hqdefault.jpg","width":480,"height":360},"default":{"url":"https://i.ytimg.com/vi/uyEqPCNVYHU/default.jpg","width":120,"height":90}},"url":"https://www.youtube.com/watch?v=uyEqPCNVYHU","searchQuery":"","pageNumber":""},{"videoId":"6AqDjQKSvJw","name":"A Sister's Vow","title":"A Sister's Vow","description":"Download Now - https://play.google.com/store/apps/details?id=in.pocketfilms.app Download Now ...","channelTitle":"Pocket Films","channelId":"UCWnTC8o8AycL6a2eRrKSdBg","publishedAt":"2023-12-31T11:30:02","thumbnails":{"medium":{"url":"https://i.ytimg.com/vi/6AqDjQKSvJw/mqdefault.jpg","width":320,"height":180},"high":{"url":"https://i.ytimg.com/vi/6AqDjQKSvJw/hqdefault.jpg","width":480,"height":360},"default":{"url":"https://i.ytimg.com/vi/6AqDjQKSvJw/default.jpg","width":120,"height":90}},"url":"https://www.youtube.com/watch?v=6AqDjQKSvJw","searchQuery":"","pageNumber":""},{"videoId":"lKl9_85GG1k","name":"खान सर का सफ़र","title":"खान सर का सफ़र","description":"KHAN SIR - The Legendary Teacher is a Short film based on the life of khan sir. He is a name among millions who struggled, ...","channelTitle":"M2R Entertainment","channelId":"UCe-2JX7OetoG0PUuzBy0szQ","publishedAt":"2022-12-26T14:30:10","thumbnails":{"medium":{"url":"https://i.ytimg.com/vi/lKl9_85GG1k/mqdefault.jpg","width":320,"height":180},"high":{"url":"https://i.ytimg.com/vi/lKl9_85GG1k/hqdefault.jpg","width":480,"height":360},"default":{"url":"https://i.ytimg.com/vi/lKl9_85GG1k/default.jpg","width":120,"height":90}},"url":"https://www.youtube.com/watch?v=lKl9_85GG1k","searchQuery":"","pageNumber":""},{"videoId":"YTRC7Ym7z1w","name":"My Junior","title":"My Junior","description":"KukuFM Download Link - https://kukufm.page.link/VDUWCUwBRc9XJ8hk9 Coupon code - AMIT50 (Coupon valid for first 500 ...","channelTitle":"Amit Bhadana","channelId":"UC_vcKmg67vjMP7ciLnSxSHQ","publishedAt":"2022-10-22T07:54:45","thumbnails":{"medium":{"url":"https://i.ytimg.com/vi/YTRC7Ym7z1w/mqdefault.jpg","width":320,"height":180},"high":{"url":"https://i.ytimg.com/vi/YTRC7Ym7z1w/hqdefault.jpg","width":480,"height":360},"default":{"url":"https://i.ytimg.com/vi/YTRC7Ym7z1w/default.jpg","width":120,"height":90}},"url":"https://www.youtube.com/watch?v=YTRC7Ym7z1w","searchQuery":"","pageNumber":""},{"videoId":"wx9NPuQzLm4","name":"Not A Love Story","title":"Not A Love Story","description":"Relationship Short Film from Content Ka Keeda. Hindi Short Movies. Love stories are complex. Having a toxic relationship in your ...","channelTitle":"ContentkaKeeda","channelId":"UCkE6ZzUxUY_XMP688ib-RWA","publishedAt":"2023-03-16T07:00:11","thumbnails":{"medium":{"url":"https://i.ytimg.com/vi/wx9NPuQzLm4/mqdefault.jpg","width":320,"height":180},"high":{"url":"https://i.ytimg.com/vi/wx9NPuQzLm4/hqdefault.jpg","width":480,"height":360},"default":{"url":"https://i.ytimg.com/vi/wx9NPuQzLm4/default.jpg","width":120,"height":90}},"url":"https://www.youtube.com/watch?v=wx9NPuQzLm4","searchQuery":"","pageNumber":""},{"videoId":"d2VASTm2PdM","name":"पराठे वाला ड्रामा","title":"पराठे वाला ड्रामा","description":"Team - NATYASHASTRA ACTING INSTITUTE आलू-पराठा ( Hindi Short Film ) Producer Brij Mohan Kohli Director Divyansh ...","channelTitle":"Ruma Entertainment Classic","channelId":"UCxuQAMBhA6GEJWyCx_aQkbA","publishedAt":"2023-01-06T14:30:10","thumbnails":{"medium":{"url":"https://i.ytimg.com/vi/d2VASTm2PdM/mqdefault.jpg","width":320,"height":180},"high":{"url":"https://i.ytimg.com/vi/d2VASTm2PdM/hqdefault.jpg","width":480,"height":360},"default":{"url":"https://i.ytimg.com/vi/d2VASTm2PdM/default.jpg","width":120,"height":90}},"url":"https://www.youtube.com/watch?v=d2VASTm2PdM","searchQuery":"","pageNumber":""},{"videoId":"r6Nl6DzCqpk","name":"Silently","title":"Silently","description":"With Women's Day coming up, time to introspect on how we actually treat our women. We are a woke generation...We, as a ...","channelTitle":"humaramovie","channelId":"UCHre8gfhcLXnUd714oBJfyQ","publishedAt":"2019-03-05T09:25:29","thumbnails":{"medium":{"url":"https://i.ytimg.com/vi/r6Nl6DzCqpk/mqdefault.jpg","width":320,"height":180},"high":{"url":"https://i.ytimg.com/vi/r6Nl6DzCqpk/hqdefault.jpg","width":480,"height":360},"default":{"url":"https://i.ytimg.com/vi/r6Nl6DzCqpk/default.jpg","width":120,"height":90}},"url":"https://www.youtube.com/watch?v=r6Nl6DzCqpk","searchQuery":"","pageNumber":""},{"videoId":"MouVKDFlhZI","name":"Mother's Day","title":"Mother's Day","description":"Mother's Day is a short film based on mrs pearson and her family . One day her friend came to home and advised to change her ...","channelTitle":"Students Kaksh","channelId":"UCHqQFxtY-Iqym3lkoFZoiCA","publishedAt":"2022-05-11T04:51:18","thumbnails":{"medium":{"url":"https://i.ytimg.com/vi/MouVKDFlhZI/mqdefault.jpg","width":320,"height":180},"high":{"url":"https://i.ytimg.com/vi/MouVKDFlhZI/hqdefault.jpg","width":480,"height":360},"default":{"url":"https://i.ytimg.com/vi/MouVKDFlhZI/default.jpg","width":120,"height":90}},"url":"https://www.youtube.com/watch?v=MouVKDFlhZI","searchQuery":"","pageNumber":""},{"videoId":"UVTyu1CfVpw","name":"चुप्पी की कैद","title":"चुप्पी की कैद","description":"Thanks for watching Purgatory! Please CLICK THE LIKE BUTTON & SUBSCRIBE to the channel, as it makes the algorithm spread ...","channelTitle":"Blue Muse Productions","channelId":"UCHrwyJzha-r5-_dxa5ucXig","publishedAt":"2021-05-28T23:00:16","thumbnails":{"medium":{"url":"https://i.ytimg.com/vi/UVTyu1CfVpw/mqdefault.jpg","width":320,"height":180},"high":{"url":"https://i.ytimg.com/vi/UVTyu1CfVpw/hqdefault.jpg","width":480,"height":360},"default":{"url":"https://i.ytimg.com/vi/UVTyu1CfVpw/default.jpg","width":120,"height":90}},"url":"https://www.youtube.com/watch?v=UVTyu1CfVpw","searchQuery":"","pageNumber":""},{"videoId":"T3_eJM_rCmU","name":"दादाजी का प्यार","title":"दादाजी का प्यार","description":"mere dada ji- Short Films (family drama film) #shortfilms #dadaji #familydrama #video #A4J Cast in order. Dada ji - Govind Bajpai ...","channelTitle":"A4J Films","channelId":"UCrF-87yMhtrq8-_o9P1TGVQ","publishedAt":"2023-04-04T02:30:07","thumbnails":{"medium":{"url":"https://i.ytimg.com/vi/T3_eJM_rCmU/mqdefault.jpg","width":320,"height":180},"high":{"url":"https://i.ytimg.com/vi/T3_eJM_rCmU/hqdefault.jpg","width":480,"height":360},"default":{"url":"https://i.ytimg.com/vi/T3_eJM_rCmU/default.jpg","width":120,"height":90}},"url":"https://www.youtube.com/watch?v=T3_eJM_rCmU","searchQuery":"","pageNumber":""},{"videoId":"KwTBGSqj8u4","name":"टीन दिन का सफ़र","title":"टीन दिन का सफ़र","description":"Aadi and Tanya are smart teenagers living with their parents. Like most teens, their lives revolve around the internet, gaming, and ...","channelTitle":"Twilight Glow Films","channelId":"UC3ThwuJDlJYbEqfDHfXEzwQ","publishedAt":"2022-09-16T21:54:53","thumbnails":{"medium":{"url":"https://i.ytimg.com/vi/KwTBGSqj8u4/mqdefault.jpg","width":320,"height":180},"high":{"url":"https://i.ytimg.com/vi/KwTBGSqj8u4/hqdefault.jpg","width":480,"height":360},"default":{"url":"https://i.ytimg.com/vi/KwTBGSqj8u4/default.jpg","width":120,"height":90}},"url":"https://www.youtube.com/watch?v=KwTBGSqj8u4","searchQuery":"","pageNumber":""},{"videoId":"Nwgp2lcTUlE","name":"My Loser Dad","title":"My Loser Dad","description":"Mera Looser Papa | Latest Hindi Drama Series 2025 | Full Episode HD | Emotional Family Story | Shen Editz Mera Looser Papa ...","channelTitle":"MiniKahaniyan09","channelId":"UCDfgI2ihodSRadJKez9ks9g","publishedAt":"2025-10-31T05:43:03","thumbnails":{"medium":{"url":"https://i.ytimg.com/vi/Nwgp2lcTUlE/mqdefault.jpg","width":320,"height":180},"high":{"url":"https://i.ytimg.com/vi/Nwgp2lcTUlE/hqdefault.jpg","width":480,"height":360},"default":{"url":"https://i.ytimg.com/vi/Nwgp2lcTUlE/default.jpg","width":120,"height":90}},"url":"https://www.youtube.com/watch?v=Nwgp2lcTUlE","searchQuery":"","pageNumber":""},{"videoId":"mkYgeQGBMNo","name":"टेस्टफुली यॉर्स 2025","title":"टेस्टफुली यॉर्स 2025","description":"Tastefully Yours is a 2025 South Korean television full series summarised with complete ending, timeline, reviews, summary ...","channelTitle":"Movies At Glance","channelId":"UCwptzoqZVtgYz0h8aP1RxnQ","publishedAt":"2025-08-05T12:38:13","thumbnails":{"medium":{"url":"https://i.ytimg.com/vi/mkYgeQGBMNo/mqdefault.jpg","width":320,"height":180},"high":{"url":"https://i.ytimg.com/vi/mkYgeQGBMNo/hqdefault.jpg","width":480,"height":360},"default":{"url":"https://i.ytimg.com/vi/mkYgeQGBMNo/default.jpg","width":120,"height":90}},"url":"https://www.youtube.com/watch?v=mkYgeQGBMNo","searchQuery":"","pageNumber":""},{"videoId":"g5z_HdruEAE","name":"Happy Family","title":"Happy Family","description":"Enjoy the first episode of Prime Video's Happy Family Conditions Apply. Check out the crazy shenanigans of the Dholakias in this ...","channelTitle":"Prime Video India","channelId":"UC4zWG9LccdWGUlF77LZ8toA","publishedAt":"2023-03-24T14:37:32","thumbnails":{"medium":{"url":"https://i.ytimg.com/vi/g5z_HdruEAE/mqdefault.jpg","width":320,"height":180},"high":{"url":"https://i.ytimg.com/vi/g5z_HdruEAE/hqdefault.jpg","width":480,"height":360},"default":{"url":"https://i.ytimg.com/vi/g5z_HdruEAE/default.jpg","width":120,"height":90}},"url":"https://www.youtube.com/watch?v=g5z_HdruEAE","searchQuery":"","pageNumber":""},{"videoId":"TgXqz0W0G2U","name":"My Mother-in-law is the Most Special: Healing Family Bonds After 15 Years","title":"My Mother-in-law is the Most Special: Healing Family Bonds After 15 Years","description":"Download Now - https://play.google.com/store/apps/details?id=in.pocketfilms.app Download Now ...","channelTitle":"Pocket Films","channelId":"UCWnTC8o8AycL6a2eRrKSdBg","publishedAt":"2023-12-20T11:30:11","thumbnails":{"medium":{"url":"https://i.ytimg.com/vi/TgXqz0W0G2U/mqdefault.jpg","width":320,"height":180},"high":{"url":"https://i.ytimg.com/vi/TgXqz0W0G2U/hqdefault.jpg","width":480,"height":360},"default":{"url":"https://i.ytimg.com/vi/TgXqz0W0G2U/default.jpg","width":120,"height":90}},"url":"https://www.youtube.com/watch?v=TgXqz0W0G2U","searchQuery":"","pageNumber":""},{"videoId":"CMWAJxVwsmE","name":"35 TUKDE","title":"35 TUKDE","description":"35 TUKDE I New Short Film 2025 | FAMILY DRAMA FILM | VISHU FILMS Starring : KRITIKA, AVI, DR RAMPHAL SHARMA, DR ...","channelTitle":"VISHU FILMS","channelId":"UCAnnkLsTUyzvVkJnbLAsolw","publishedAt":"2025-11-14T03:56:30","thumbnails":{"medium":{"url":"https://i.ytimg.com/vi/CMWAJxVwsmE/mqdefault.jpg","width":320,"height":180},"high":{"url":"https://i.ytimg.com/vi/CMWAJxVwsmE/hqdefault.jpg","width":480,"height":360},"default":{"url":"https://i.ytimg.com/vi/CMWAJxVwsmE/default.jpg","width":120,"height":90}},"url":"https://www.youtube.com/watch?v=CMWAJxVwsmE","searchQuery":"","pageNumber":""},{"videoId":"BJSZ8U1FRfg","name":"Sheetal Menon","title":"Sheetal Menon","description":"'#Siblings is a compelling #shortfilm that delves into the delicate dynamics of #familyrelationships, where love and conflict coexist ...","channelTitle":"Royal Stag Barrel Select Shorts","channelId":"UCKdX5TtJb6urNG1xEcDOeuQ","publishedAt":"2019-11-12T13:56:30","thumbnails":{"medium":{"url":"https://i.ytimg.com/vi/BJSZ8U1FRfg/mqdefault.jpg","width":320,"height":180},"high":{"url":"https://i.ytimg.com/vi/BJSZ8U1FRfg/hqdefault.jpg","width":480,"height":360},"default":{"url":"https://i.ytimg.com/vi/BJSZ8U1FRfg/default.jpg","width":120,"height":90}},"url":"https://www.youtube.com/watch?v=BJSZ8U1FRfg","searchQuery":"","pageNumber":""},{"videoId":"dGDc7tGIQGs","name":"The Package – A Wife's Unexpected Dilemma","title":"The Package – A Wife's Unexpected Dilemma","description":"HindiShortFilm #TheShortCuts #KARAStudios Pudiya – A Wife's Dilemma No One Expected Pudiya | Hindi Short Film | Shamita ...","channelTitle":"The Short Cuts","channelId":"UCsdV6CgtfYcaWykzeCgoKMw","publishedAt":"2020-10-29T10:38:47","thumbnails":{"medium":{"url":"https://i.ytimg.com/vi/dGDc7tGIQGs/mqdefault.jpg","width":320,"height":180},"high":{"url":"https://i.ytimg.com/vi/dGDc7tGIQGs/hqdefault.jpg","width":480,"height":360},"default":{"url":"https://i.ytimg.com/vi/dGDc7tGIQGs/default.jpg","width":120,"height":90}},"url":"https://www.youtube.com/watch?v=dGDc7tGIQGs","searchQuery":"","pageNumber":""},{"videoId":"jUujouuBIMc","name":"A Broken Breakup","title":"A Broken Breakup","description":"Kanpur Film Academy releasing another short Hindi film #A Broken Breakup . This is 5th short film produced in last 2 years by KFA ...","channelTitle":"Kanpur Film Academy","channelId":"UCxKXRj4z0f5uQ2asdzPiFag","publishedAt":"2021-09-01T15:32:44","thumbnails":{"medium":{"url":"https://i.ytimg.com/vi/jUujouuBIMc/mqdefault.jpg","width":320,"height":180},"high":{"url":"https://i.ytimg.com/vi/jUujouuBIMc/hqdefault.jpg","width":480,"height":360},"default":{"url":"https://i.ytimg.com/vi/jUujouuBIMc/default.jpg","width":120,"height":90}},"url":"https://www.youtube.com/watch?v=jUujouuBIMc","searchQuery":"","pageNumber":""},{"videoId":"6Mb1OffHNyE","name":"THE FAMILY VACATION","title":"THE FAMILY VACATION","description":"The much awaited season 3 of THE FAMILY VACATION is being cooked for you guys! Meanwhile here's a Diwali special ...","channelTitle":"Superb Ideas Trending","channelId":"UCqnW0v3DXxt0Svv0H64TVZQ","publishedAt":"2021-11-04T09:00:04","thumbnails":{"medium":{"url":"https://i.ytimg.com/vi/6Mb1OffHNyE/mqdefault.jpg","width":320,"height":180},"high":{"url":"https://i.ytimg.com/vi/6Mb1OffHNyE/hqdefault.jpg","width":480,"height":360},"default":{"url":"https://i.ytimg.com/vi/6Mb1OffHNyE/default.jpg","width":120,"height":90}},"url":"https://www.youtube.com/watch?v=6Mb1OffHNyE","searchQuery":"","pageNumber":""},{"videoId":"5g9jzJiH9XM","name":"Betrayal, Marriage, and Chaos","title":"Betrayal, Marriage, and Chaos","description":"Kya hota hai jab ek simple shaadi ban jaati hai hungama ka reason? Dekhiye ek gripping kahani jismein hai twists, secrets aur ...","channelTitle":"Ultimate Drama","channelId":"UCV5yVE5qM96YA8VLJ3bEMTA","publishedAt":"2025-11-16T04:01:47","thumbnails":{"medium":{"url":"https://i.ytimg.com/vi/5g9jzJiH9XM/mqdefault.jpg","width":320,"height":180},"high":{"url":"https://i.ytimg.com/vi/5g9jzJiH9XM/hqdefault.jpg","width":480,"height":360},"default":{"url":"https://i.ytimg.com/vi/5g9jzJiH9XM/default.jpg","width":120,"height":90}},"url":"https://www.youtube.com/watch?v=5g9jzJiH9XM","searchQuery":"","pageNumber":""},{"videoId":"6Yf_KQgGizw","name":"The Millionaire Son of a Village Man","title":"The Millionaire Son of a Village Man","description":"Wo baap jo tha ek asli crorepati, par ek din sab kuch chhod diya — sirf ek jhooth bol kar apne bachchon ke liye garib ban gaya.","channelTitle":"Ultimate Drama","channelId":"UCV5yVE5qM96YA8VLJ3bEMTA","publishedAt":"2025-11-14T14:24:48","thumbnails":{"medium":{"url":"https://i.ytimg.com/vi/6Yf_KQgGizw/mqdefault.jpg","width":320,"height":180},"high":{"url":"https://i.ytimg.com/vi/6Yf_KQgGizw/hqdefault.jpg","width":480,"height":360},"default":{"url":"https://i.ytimg.com/vi/6Yf_KQgGizw/default.jpg","width":120,"height":90}},"url":"https://www.youtube.com/watch?v=6Yf_KQgGizw","searchQuery":"","pageNumber":""},{"videoId":"yuD2KTZ1fLc","name":"Betrayal, Marriage, and Chaos","title":"Betrayal, Marriage, and Chaos","description":"Kya hota hai jab ek simple shaadi ban jaati hai hungama ka reason? Dekhiye ek gripping kahani jismein hai twists, secrets aur ...","channelTitle":"Ultimate Drama","channelId":"UCV5yVE5qM96YA8VLJ3bEMTA","publishedAt":"2025-11-16T03:01:23","thumbnails":{"medium":{"url":"https://i.ytimg.com/vi/yuD2KTZ1fLc/mqdefault.jpg","width":320,"height":180},"high":{"url":"https://i.ytimg.com/vi/yuD2KTZ1fLc/hqdefault.jpg","width":480,"height":360},"default":{"url":"https://i.ytimg.com/vi/yuD2KTZ1fLc/default.jpg","width":120,"height":90}},"url":"https://www.youtube.com/watch?v=yuD2KTZ1fLc","searchQuery":"","pageNumber":""},{"videoId":"QO5uiWds0BQ","name":"Rangoli","title":"Rangoli","description":"Rangoli Full Movie 2025 | Heartwarming Family Drama |Emotions&Relationships | New South Hindi Dubbed @Filmaslam Your ...","channelTitle":"FILMY ASLAM","channelId":"UCuotbnM4X9yy0c9Y_fNOkwg","publishedAt":"2025-08-08T16:25:28","thumbnails":{"medium":{"url":"https://i.ytimg.com/vi/QO5uiWds0BQ/mqdefault.jpg","width":320,"height":180},"high":{"url":"https://i.ytimg.com/vi/QO5uiWds0BQ/hqdefault.jpg","width":480,"height":360},"default":{"url":"https://i.ytimg.com/vi/QO5uiWds0BQ/default.jpg","width":120,"height":90}},"url":"https://www.youtube.com/watch?v=QO5uiWds0BQ","searchQuery":"","pageNumber":""},{"videoId":"Ai4TldlsySQ","name":"Lala","title":"Lala","description":"લાલા | ગુજરાતી શોર્ટ ફિલ્મ | Actor Bhartiben Thakkar Payal Borisagar Bhupat Sutriya Rutvik Nagla Henny ...","channelTitle":"Post Secrets","channelId":"UCGguJSSHDjXng5z8mvph01w","publishedAt":"2025-11-12T06:30:06","thumbnails":{"medium":{"url":"https://i.ytimg.com/vi/Ai4TldlsySQ/mqdefault.jpg","width":320,"height":180},"high":{"url":"https://i.ytimg.com/vi/Ai4TldlsySQ/hqdefault.jpg","width":480,"height":360},"default":{"url":"https://i.ytimg.com/vi/Ai4TldlsySQ/default.jpg","width":120,"height":90}},"url":"https://www.youtube.com/watch?v=Ai4TldlsySQ","searchQuery":"","pageNumber":""},{"videoId":"K6UfcROq86g","name":"Shaadi aur Hungama","title":"Shaadi aur Hungama","description":"Kya hota hai jab ek simple shaadi ban jaati hai hungama ka reason? Dekhiye ek gripping kahani jismein hai twists, secrets aur ...","channelTitle":"Ultimate Drama","channelId":"UCV5yVE5qM96YA8VLJ3bEMTA","publishedAt":"2025-11-16T02:00:21","thumbnails":{"medium":{"url":"https://i.ytimg.com/vi/K6UfcROq86g/mqdefault.jpg","width":320,"height":180},"high":{"url":"https://i.ytimg.com/vi/K6UfcROq86g/hqdefault.jpg","width":480,"height":360},"default":{"url":"https://i.ytimg.com/vi/K6UfcROq86g/default.jpg","width":120,"height":90}},"url":"https://www.youtube.com/watch?v=K6UfcROq86g","searchQuery":"","pageNumber":""},{"videoId":"ZB_zcL07hfw","name":"Home Abroad","title":"Home Abroad","description":"Download Now - https://play.google.com/store/apps/details?id=in.pocketfilms.app Download Now ...","channelTitle":"Pocket Films","channelId":"UCWnTC8o8AycL6a2eRrKSdBg","publishedAt":"2022-05-09T11:30:06","thumbnails":{"medium":{"url":"https://i.ytimg.com/vi/ZB_zcL07hfw/mqdefault.jpg","width":320,"height":180},"high":{"url":"https://i.ytimg.com/vi/ZB_zcL07hfw/hqdefault.jpg","width":480,"height":360},"default":{"url":"https://i.ytimg.com/vi/ZB_zcL07hfw/default.jpg","width":120,"height":90}},"url":"https://www.youtube.com/watch?v=ZB_zcL07hfw","searchQuery":"","pageNumber":""},{"videoId":"zLAVZDnQaT8","name":"The Wound","title":"The Wound","description":"Download Now - https://play.google.com/store/apps/details?id=in.pocketfilms.app Download Now ...","channelTitle":"Pocket Films","channelId":"UCWnTC8o8AycL6a2eRrKSdBg","publishedAt":"2020-08-25T04:17:29","thumbnails":{"medium":{"url":"https://i.ytimg.com/vi/zLAVZDnQaT8/mqdefault.jpg","width":320,"height":180},"high":{"url":"https://i.ytimg.com/vi/zLAVZDnQaT8/hqdefault.jpg","width":480,"height":360},"default":{"url":"https://i.ytimg.com/vi/zLAVZDnQaT8/default.jpg","width":120,"height":90}},"url":"https://www.youtube.com/watch?v=zLAVZDnQaT8","searchQuery":"","pageNumber":""},{"videoId":"FqP4XOYWOME","name":"Dill Deewana ","title":"Dill Deewana ","description":"Download Now - https://play.google.com/store/apps/details?id=in.pocketfilms.app Download Now ...","channelTitle":"Pocket Films","channelId":"UCWnTC8o8AycL6a2eRrKSdBg","publishedAt":"2021-02-22T05:30:01","thumbnails":{"medium":{"url":"https://i.ytimg.com/vi/FqP4XOYWOME/mqdefault.jpg","width":320,"height":180},"high":{"url":"https://i.ytimg.com/vi/FqP4XOYWOME/hqdefault.jpg","width":480,"height":360},"default":{"url":"https://i.ytimg.com/vi/FqP4XOYWOME/default.jpg","width":120,"height":90}},"url":"https://www.youtube.com/watch?v=FqP4XOYWOME","searchQuery":"","pageNumber":""},{"videoId":"SI55KI4Sr3I","name":"Family Drama","title":"Family Drama","description":"Watch & Enjoy \"Laggam\" Latest Telugu Comedy Drama Full Movie on @SriBalajiMovies #LaggamFullMovie #SaiRonak ...","channelTitle":"SriBalajiMovies","channelId":"UCoy3dQzEdq1y2zMnT4pdj3Q","publishedAt":"2025-11-12T13:00:58","thumbnails":{"medium":{"url":"https://i.ytimg.com/vi/SI55KI4Sr3I/mqdefault.jpg","width":320,"height":180},"high":{"url":"https://i.ytimg.com/vi/SI55KI4Sr3I/hqdefault.jpg","width":480,"height":360},"default":{"url":"https://i.ytimg.com/vi/SI55KI4Sr3I/default.jpg","width":120,"height":90}},"url":"https://www.youtube.com/watch?v=SI55KI4Sr3I","searchQuery":"","pageNumber":""},{"videoId":"H8HTPkvoesw","name":"KHAJOOR PE ATKE (2018) ","title":"KHAJOOR PE ATKE (2018) ","description":"Subscribe To Watch best Hindi Full Movies https://www.youtube.com/channel/UCCo9xACnSNwW1m6zjJkzSgQ Devender ...","channelTitle":"Mzaalo Big Picture","channelId":"UCCo9xACnSNwW1m6zjJkzSgQ","publishedAt":"2022-08-15T12:30:06","thumbnails":{"medium":{"url":"https://i.ytimg.com/vi/H8HTPkvoesw/mqdefault.jpg","width":320,"height":180},"high":{"url":"https://i.ytimg.com/vi/H8HTPkvoesw/hqdefault.jpg","width":480,"height":360},"default":{"url":"https://i.ytimg.com/vi/H8HTPkvoesw/default.jpg","width":120,"height":90}},"url":"https://www.youtube.com/watch?v=H8HTPkvoesw","searchQuery":"","pageNumber":""},{"videoId":"BTx5G08RTdk","name":"The Hidden Champion","title":"The Hidden Champion","description":"Chhupa Rustam Baap” एक रोमांचक हिंदी ड्रामा सीरियल है जिसमें एक पिता के ...","channelTitle":"RJT GAMING","channelId":"UCYnREaccC7Faq1x_7tKA_vw","publishedAt":"2025-10-17T04:30:14","thumbnails":{"medium":{"url":"https://i.ytimg.com/vi/BTx5G08RTdk/mqdefault.jpg","width":320,"height":180},"high":{"url":"https://i.ytimg.com/vi/BTx5G08RTdk/hqdefault.jpg","width":480,"height":360},"default":{"url":"https://i.ytimg.com/vi/BTx5G08RTdk/default.jpg","width":120,"height":90}},"url":"https://www.youtube.com/watch?v=BTx5G08RTdk","searchQuery":"","pageNumber":""},{"videoId":"eCZX8QwX8QI","name":"Mai","title":"Mai","description":"Subscribe To Watch Full Movies - https://bit.ly/3dx5OR4 The family life of Padmini Kolhapure is in shambles due to the prevailing ...","channelTitle":"Mzaalo Showtime","channelId":"UCF2KsJriYzifyuNYnQppUGw","publishedAt":"2022-08-17T14:30:09","thumbnails":{"medium":{"url":"https://i.ytimg.com/vi/eCZX8QwX8QI/mqdefault.jpg","width":320,"height":180},"high":{"url":"https://i.ytimg.com/vi/eCZX8QwX8QI/hqdefault.jpg","width":480,"height":360},"default":{"url":"https://i.ytimg.com/vi/eCZX8QwX8QI/default.jpg","width":120,"height":90}},"url":"https://www.youtube.com/watch?v=eCZX8QwX8QI","searchQuery":"","pageNumber":""},{"videoId":"TLcTRUaLHRQ","name":"KOI MIL GAYI","title":"KOI MIL GAYI","description":"Koi mil gayi, jiski talash thi vahi mil gayi !! Janne ke liye video end tak zarur dekhna !! We make family-friendly content, that the ...","channelTitle":"Ruchi and Piyush","channelId":"UC0H6I4rKiHmtceSdTCM-DKQ","publishedAt":"2022-02-05T08:30:08","thumbnails":{"medium":{"url":"https://i.ytimg.com/vi/TLcTRUaLHRQ/mqdefault.jpg","width":320,"height":180},"high":{"url":"https://i.ytimg.com/vi/TLcTRUaLHRQ/hqdefault.jpg","width":480,"height":360},"default":{"url":"https://i.ytimg.com/vi/TLcTRUaLHRQ/default.jpg","width":120,"height":90}},"url":"https://www.youtube.com/watch?v=TLcTRUaLHRQ","searchQuery":"","pageNumber":""},{"videoId":"5sfDhIyQa1E","name":"अदब परौना : पार्ट 4 की धमाल कहानी","title":"अदब परौना : पार्ट 4 की धमाल कहानी","description":"White Hill Entertainment presents Funny Punjabi Full Movie 2022 \"Adab Parauna (Part 4)\". A story by Gurchet Chitarkar. Directed ...","channelTitle":"White Hill Entertainment","channelId":"UCuMDOGECl2CBEe02-k2bi_A","publishedAt":"2022-01-14T10:31:29","thumbnails":{"medium":{"url":"https://i.ytimg.com/vi/5sfDhIyQa1E/mqdefault.jpg","width":320,"height":180},"high":{"url":"https://i.ytimg.com/vi/5sfDhIyQa1E/hqdefault.jpg","width":480,"height":360},"default":{"url":"https://i.ytimg.com/vi/5sfDhIyQa1E/default.jpg","width":120,"height":90}},"url":"https://www.youtube.com/watch?v=5sfDhIyQa1E","searchQuery":"","pageNumber":""},{"videoId":"h_4Gu5i02KM","name":"Chahat","title":"Chahat","description":"Chahat, once a successful model, embraces her new role as a housewife after marriage. However, when an opportunity to return ...","channelTitle":"Famous Films And Productions","channelId":"UCNqCVqh2-1Q1LhrpLOVZgng","publishedAt":"2025-05-09T09:43:53","thumbnails":{"medium":{"url":"https://i.ytimg.com/vi/h_4Gu5i02KM/mqdefault.jpg","width":320,"height":180},"high":{"url":"https://i.ytimg.com/vi/h_4Gu5i02KM/hqdefault.jpg","width":480,"height":360},"default":{"url":"https://i.ytimg.com/vi/h_4Gu5i02KM/default.jpg","width":120,"height":90}},"url":"https://www.youtube.com/watch?v=h_4Gu5i02KM","searchQuery":"","pageNumber":""},{"videoId":"o_JM-m6n4Ck","name":"The Woman (A Housewife's Story)","title":"The Woman (A Housewife's Story)","description":"Download Now - https://play.google.com/store/apps/details?id=in.pocketfilms.app Download Now ...","channelTitle":"Pocket Films","channelId":"UCWnTC8o8AycL6a2eRrKSdBg","publishedAt":"2020-11-20T05:30:03","thumbnails":{"medium":{"url":"https://i.ytimg.com/vi/o_JM-m6n4Ck/mqdefault.jpg","width":320,"height":180},"high":{"url":"https://i.ytimg.com/vi/o_JM-m6n4Ck/hqdefault.jpg","width":480,"height":360},"default":{"url":"https://i.ytimg.com/vi/o_JM-m6n4Ck/default.jpg","width":120,"height":90}},"url":"https://www.youtube.com/watch?v=o_JM-m6n4Ck","searchQuery":"","pageNumber":""},{"videoId":"y5y17tmaZlY","name":"Bin Bulaaye","title":"Bin Bulaaye","description":"'#BinBulaaye' is an evocative short film by director #AnshulTiwari, beautifully brought to life by producers #ShikhaJain, ...","channelTitle":"Royal Stag Barrel Select Shorts","channelId":"UCKdX5TtJb6urNG1xEcDOeuQ","publishedAt":"2020-04-10T12:29:44","thumbnails":{"medium":{"url":"https://i.ytimg.com/vi/y5y17tmaZlY/mqdefault.jpg","width":320,"height":180},"high":{"url":"https://i.ytimg.com/vi/y5y17tmaZlY/hqdefault.jpg","width":480,"height":360},"default":{"url":"https://i.ytimg.com/vi/y5y17tmaZlY/default.jpg","width":120,"height":90}},"url":"https://www.youtube.com/watch?v=y5y17tmaZlY","searchQuery":"","pageNumber":""},{"videoId":"m2ZXHqqavu4","name":"The Troublesome Mother-in-Law","title":"The Troublesome Mother-in-Law","description":"બાધકણી સાસુ | Full Movie | Gujarati Short Film | Family Drama | Gujarati Natak Actor- Ashok Makwana Bhupatbhai ...","channelTitle":"Vat Ghar Ni","channelId":"UCVtMKPa15uyBW1UJtYj0vHw","publishedAt":"2025-11-12T06:30:34","thumbnails":{"medium":{"url":"https://i.ytimg.com/vi/m2ZXHqqavu4/mqdefault.jpg","width":320,"height":180},"high":{"url":"https://i.ytimg.com/vi/m2ZXHqqavu4/hqdefault.jpg","width":480,"height":360},"default":{"url":"https://i.ytimg.com/vi/m2ZXHqqavu4/default.jpg","width":120,"height":90}},"url":"https://www.youtube.com/watch?v=m2ZXHqqavu4","searchQuery":"","pageNumber":""},{"videoId":"9GzGMMKx6VU","name":"माइकेला और माँ-बाप","title":"माइकेला और माँ-बाप","description":"Subscribe us : https://www.youtube.com/channel/UCs9zh1atdeEiXaFvPB3Lz9g Movie Name : Michaela Story Screenplay Dialogu ...","channelTitle":"South Movie Full Hindi Dubbed","channelId":"UCs9zh1atdeEiXaFvPB3Lz9g","publishedAt":"2025-04-25T08:30:08","thumbnails":{"medium":{"url":"https://i.ytimg.com/vi/9GzGMMKx6VU/mqdefault.jpg","width":320,"height":180},"high":{"url":"https://i.ytimg.com/vi/9GzGMMKx6VU/hqdefault.jpg","width":480,"height":360},"default":{"url":"https://i.ytimg.com/vi/9GzGMMKx6VU/default.jpg","width":120,"height":90}},"url":"https://www.youtube.com/watch?v=9GzGMMKx6VU","searchQuery":"","pageNumber":""},{"videoId":"ArCLMDHbGX8","name":"Billionaire Son-in-Law | The Secret of a Ghar Jamai","title":"Billionaire Son-in-Law | The Secret of a Ghar Jamai","description":"Billionaire Damad | Ghar Jamai Secret | Hindi Short Drama | ViralOTV “Billionaire Damad” is a powerful Hindi short drama from ...","channelTitle":"Drama Tv hindi 78","channelId":"UCaRsAs5ApAqHEhvsMZNTx1w","publishedAt":"2025-11-02T04:39:55","thumbnails":{"medium":{"url":"https://i.ytimg.com/vi/ArCLMDHbGX8/mqdefault.jpg","width":320,"height":180},"high":{"url":"https://i.ytimg.com/vi/ArCLMDHbGX8/hqdefault.jpg","width":480,"height":360},"default":{"url":"https://i.ytimg.com/vi/ArCLMDHbGX8/default.jpg","width":120,"height":90}},"url":"https://www.youtube.com/watch?v=ArCLMDHbGX8","searchQuery":"","pageNumber":""},{"videoId":"4RIvXnvhUPI","name":"The Father-in-Law's Inappropriate Gaze","title":"The Father-in-Law's Inappropriate Gaze","description":"ससुर की गलत नज़र: बहू की हिम्मत नहीं जो मना करदे दोनों की सहमती ह | Social ...","channelTitle":"Sort Movie Hits","channelId":"UC7Ab4rX5vexzVvKBJAxT9QQ","publishedAt":"2025-11-17T04:30:05","thumbnails":{"medium":{"url":"https://i.ytimg.com/vi/4RIvXnvhUPI/mqdefault.jpg","width":320,"height":180},"high":{"url":"https://i.ytimg.com/vi/4RIvXnvhUPI/hqdefault.jpg","width":480,"height":360},"default":{"url":"https://i.ytimg.com/vi/4RIvXnvhUPI/default.jpg","width":120,"height":90}},"url":"https://www.youtube.com/watch?v=4RIvXnvhUPI","searchQuery":"","pageNumber":""},{"videoId":"28siFA7qQFo","name":"The Viral Night","title":"The Viral Night","description":"ऐसी मूवी जो रातों-रात वायरल हो जाएगी | Hindi Movie | Hindi Short Movie | Bollywood Family Drama ...","channelTitle":"Blue Water Films","channelId":"UCDPJUbLct9lK_Jni3AcsgVA","publishedAt":"2025-11-16T10:57:00","thumbnails":{"medium":{"url":"https://i.ytimg.com/vi/28siFA7qQFo/mqdefault.jpg","width":320,"height":180},"high":{"url":"https://i.ytimg.com/vi/28siFA7qQFo/hqdefault.jpg","width":480,"height":360},"default":{"url":"https://i.ytimg.com/vi/28siFA7qQFo/default.jpg","width":120,"height":90}},"url":"https://www.youtube.com/watch?v=28siFA7qQFo","searchQuery":"","pageNumber":""},{"videoId":"gkdguRRshCU","name":"Nighttime Viral","title":"Nighttime Viral","description":"ऐसी मूवी जो रातों-रात वायरल हो जाएगी | Hindi Movie | Hindi Short Movie | Bollywood Family Drama ...","channelTitle":"Niya Films","channelId":"UCJv37RHvj_Mb0wkpF1lRTWQ","publishedAt":"2025-11-16T11:47:00","thumbnails":{"medium":{"url":"https://i.ytimg.com/vi/gkdguRRshCU/mqdefault.jpg","width":320,"height":180},"high":{"url":"https://i.ytimg.com/vi/gkdguRRshCU/hqdefault.jpg","width":480,"height":360},"default":{"url":"https://i.ytimg.com/vi/gkdguRRshCU/default.jpg","width":120,"height":90}},"url":"https://www.youtube.com/watch?v=gkdguRRshCU","searchQuery":"","pageNumber":""},{"videoId":"OsrH1JJv-Zg","name":"Viral Overnight","title":"Viral Overnight","description":"ऐसी मूवी जो रातों-रात वायरल हो जाएगी | Hindi Movie | Hindi Short Movie | Bollywood Family Drama ...","channelTitle":"Filmaxa","channelId":"UCzAWAVWRin0sBuSfDDXZLKA","publishedAt":"2025-11-17T04:30:16","thumbnails":{"medium":{"url":"https://i.ytimg.com/vi/OsrH1JJv-Zg/mqdefault.jpg","width":320,"height":180},"high":{"url":"https://i.ytimg.com/vi/OsrH1JJv-Zg/hqdefault.jpg","width":480,"height":360},"default":{"url":"https://i.ytimg.com/vi/OsrH1JJv-Zg/default.jpg","width":120,"height":90}},"url":"https://www.youtube.com/watch?v=OsrH1JJv-Zg","searchQuery":"","pageNumber":""},{"videoId":"m_l_wRGBxU8","name":"The Girl Who Shook the Village","title":"The Girl Who Shook the Village","description":"southmovie एक लड़की की ऐसी कहानी जो पूरे गाँव को हिला गई | Emotional Drama 2025 एक ...","channelTitle":"Swar Masti Short Film","channelId":"UC18fmuN-yuwhhgS17mV6Dbw","publishedAt":"2025-11-16T22:45:03","thumbnails":{"medium":{"url":"https://i.ytimg.com/vi/m_l_wRGBxU8/mqdefault.jpg","width":320,"height":180},"high":{"url":"https://i.ytimg.com/vi/m_l_wRGBxU8/hqdefault.jpg","width":480,"height":360},"default":{"url":"https://i.ytimg.com/vi/m_l_wRGBxU8/default.jpg","width":120,"height":90}},"url":"https://www.youtube.com/watch?v=m_l_wRGBxU8","searchQuery":"","pageNumber":""}]