[{"videoId":"epxXjiJlBrw","name":"Time Loop","title":"Time Loop","description":"experimental short film Sci-Fi Time travel Full movie | Hindi -------------------------------------------- This movie is based on the Time ...","channelTitle":"MXO Studio","channelId":"UCdq4-QWhx_kUx4T_xdnjcOA","publishedAt":"2024-09-29T08:27:26","thumbnails":{"medium":{"url":"https://i.ytimg.com/vi/epxXjiJlBrw/mqdefault.jpg","width":320,"height":180},"high":{"url":"https://i.ytimg.com/vi/epxXjiJlBrw/hqdefault.jpg","width":480,"height":360},"default":{"url":"https://i.ytimg.com/vi/epxXjiJlBrw/default.jpg","width":120,"height":90}},"url":"https://www.youtube.com/watch?v=epxXjiJlBrw","searchQuery":"","pageNumber":""},{"videoId":"8gOdM4qCWj8","name":"I Am Time - Time Travel","title":"I Am Time - Time Travel","description":"Geyan Latest Album Cd has been stolen, find out who did and why? Geyan की लेटेस्ट एल्बम की Cd चोरी ...","channelTitle":"DK FILMS","channelId":"UCRyPaFUlmyHRumjkz8IbDVQ","publishedAt":"2022-10-14T14:22:41","thumbnails":{"medium":{"url":"https://i.ytimg.com/vi/8gOdM4qCWj8/mqdefault.jpg","width":320,"height":180},"high":{"url":"https://i.ytimg.com/vi/8gOdM4qCWj8/hqdefault.jpg","width":480,"height":360},"default":{"url":"https://i.ytimg.com/vi/8gOdM4qCWj8/default.jpg","width":120,"height":90}},"url":"https://www.youtube.com/watch?v=8gOdM4qCWj8","searchQuery":"","pageNumber":""},{"videoId":"v4KOFx00_UE","name":"समय का खेल","title":"समय का खेल","description":"Screenplay presents, Tick Tock: A kannada short film Cast: Sugosha Ram, Disha Shetty, Sachin kumar pawar, Santosh, Prakash ...","channelTitle":"Screenplay","channelId":"UC0sdJ0F86znFoxYUoSeHSrQ","publishedAt":"2024-12-14T12:30:59","thumbnails":{"medium":{"url":"https://i.ytimg.com/vi/v4KOFx00_UE/mqdefault.jpg","width":320,"height":180},"high":{"url":"https://i.ytimg.com/vi/v4KOFx00_UE/hqdefault.jpg","width":480,"height":360},"default":{"url":"https://i.ytimg.com/vi/v4KOFx00_UE/default.jpg","width":120,"height":90}},"url":"https://www.youtube.com/watch?v=v4KOFx00_UE","searchQuery":"","pageNumber":""},{"videoId":"vZJASzdeH-s","name":"Is Time Travel Possible?","title":"Is Time Travel Possible?","description":"क्या दोस्त और एक टाइम ट्रेवल वाली गुफा, क्या होगा जब ये धोखेबाज समय में पीछे चले जाएंगे? जानें कि @Round2Hell ...","channelTitle":"Netflix India","channelId":"UCZSNzBgFub_WWil6TOTYwAg","publishedAt":"2023-01-16T06:30:08","thumbnails":{"medium":{"url":"https://i.ytimg.com/vi/vZJASzdeH-s/mqdefault.jpg","width":320,"height":180},"high":{"url":"https://i.ytimg.com/vi/vZJASzdeH-s/hqdefault.jpg","width":480,"height":360},"default":{"url":"https://i.ytimg.com/vi/vZJASzdeH-s/default.jpg","width":120,"height":90}},"url":"https://www.youtube.com/watch?v=vZJASzdeH-s","searchQuery":"","pageNumber":""},{"videoId":"To6T_GYeLdY","name":"Paradox","title":"Paradox","description":"PARADOX | Malayalam Short Film 2023 | Time Travel mystery thriller | A film by Amjad Shan & Team Script & Direction - Amjad ...","channelTitle":"THIRD EYE FRAMES","channelId":"UCE5f6vmx9pAixOk5ubhH0Mg","publishedAt":"2023-08-27T12:30:09","thumbnails":{"medium":{"url":"https://i.ytimg.com/vi/To6T_GYeLdY/mqdefault.jpg","width":320,"height":180},"high":{"url":"https://i.ytimg.com/vi/To6T_GYeLdY/hqdefault.jpg","width":480,"height":360},"default":{"url":"https://i.ytimg.com/vi/To6T_GYeLdY/default.jpg","width":120,"height":90}},"url":"https://www.youtube.com/watch?v=To6T_GYeLdY","searchQuery":"","pageNumber":""},{"videoId":"TPhk7s7sjvc","name":"The Boy Who Drank Time","title":"The Boy Who Drank Time","description":"moviesexplainhindi​ #endingexplainhindi​ #moviesexplainedinhindi​ #storypodcast #movierecapinhindi #movierecap ...","channelTitle":"Mr Hindi Rockers","channelId":"UCWA5c-eNEUAwWnsz-6izHZQ","publishedAt":"2025-04-17T02:00:06","thumbnails":{"medium":{"url":"https://i.ytimg.com/vi/TPhk7s7sjvc/mqdefault.jpg","width":320,"height":180},"high":{"url":"https://i.ytimg.com/vi/TPhk7s7sjvc/hqdefault.jpg","width":480,"height":360},"default":{"url":"https://i.ytimg.com/vi/TPhk7s7sjvc/default.jpg","width":120,"height":90}},"url":"https://www.youtube.com/watch?v=TPhk7s7sjvc","searchQuery":"","pageNumber":""},{"videoId":"lMvPdKsLNPg","name":"वक़्त का सफ़र","title":"वक़्त का सफ़र","description":"In this captivating movie review, we delve into the enchanting world of \"Somewhere in Time,\" a timeless romantic fantasy film ...","channelTitle":"Stories of Movies","channelId":"UCNx70TnPaKYPa8JXgK2YoRQ","publishedAt":"2023-10-05T18:28:06","thumbnails":{"medium":{"url":"https://i.ytimg.com/vi/lMvPdKsLNPg/mqdefault.jpg","width":320,"height":180},"high":{"url":"https://i.ytimg.com/vi/lMvPdKsLNPg/hqdefault.jpg","width":480,"height":360},"default":{"url":"https://i.ytimg.com/vi/lMvPdKsLNPg/default.jpg","width":120,"height":90}},"url":"https://www.youtube.com/watch?v=lMvPdKsLNPg","searchQuery":"","pageNumber":""},{"videoId":"DUlbGPSPY3o","name":"Time Machine","title":"Time Machine","description":"TimeMachine #TimeMachineFullMovie #MishriMovies #TimeMachineHindiDubbedMovie #TimeMachineHindiMovie ...","channelTitle":"Mishri Movies - South Dubbed","channelId":"UCVRQ8Zd2R3l0qB81cKLv-2g","publishedAt":"2019-12-13T08:16:00","thumbnails":{"medium":{"url":"https://i.ytimg.com/vi/DUlbGPSPY3o/mqdefault.jpg","width":320,"height":180},"high":{"url":"https://i.ytimg.com/vi/DUlbGPSPY3o/hqdefault.jpg","width":480,"height":360},"default":{"url":"https://i.ytimg.com/vi/DUlbGPSPY3o/default.jpg","width":120,"height":90}},"url":"https://www.youtube.com/watch?v=DUlbGPSPY3o","searchQuery":"","pageNumber":""},{"videoId":"FnDJIGEWt7o","name":"","title":"","description":"Movie : First Love (Weekend Love Telugu Movie) Starring : Srihari, Adith and Supriya Sailaja in lead roles. Directed by : Naagu ...","channelTitle":"Priya Studios","channelId":"UCR6-0ANB3H4IBLJx5bxJ9tg","publishedAt":"2023-12-25T11:30:04","thumbnails":{"medium":{"url":"https://i.ytimg.com/vi/FnDJIGEWt7o/mqdefault.jpg","width":320,"height":180},"high":{"url":"https://i.ytimg.com/vi/FnDJIGEWt7o/hqdefault.jpg","width":480,"height":360},"default":{"url":"https://i.ytimg.com/vi/FnDJIGEWt7o/default.jpg","width":120,"height":90}},"url":"https://www.youtube.com/watch?v=FnDJIGEWt7o","searchQuery":"","pageNumber":""},{"videoId":"kJZJOVHtKPI","name":"TIME MACHINE","title":"TIME MACHINE","description":"Time Machine Is A Short Film About A Boy Ashu And His Fascination About Time Machine And How He Discover His ...","channelTitle":"Mohak Meet","channelId":"UCt202UCaf_94idCk4AJ-sXw","publishedAt":"2020-04-04T06:42:13","thumbnails":{"medium":{"url":"https://i.ytimg.com/vi/kJZJOVHtKPI/mqdefault.jpg","width":320,"height":180},"high":{"url":"https://i.ytimg.com/vi/kJZJOVHtKPI/hqdefault.jpg","width":480,"height":360},"default":{"url":"https://i.ytimg.com/vi/kJZJOVHtKPI/default.jpg","width":120,"height":90}},"url":"https://www.youtube.com/watch?v=kJZJOVHtKPI","searchQuery":"","pageNumber":""},{"videoId":"UMhvLvUPfow","name":"Courage to Fly","title":"Courage to Fly","description":"7:11 PM Full Length Telugu Movie. Tess Walsh, Saahas Pagadala's 7:11 PM Telugu Language Sci-fi Action Thriller Film. Directed ...","channelTitle":"TeluguOne","channelId":"UCXjhJbviBl0M4JAC3cxDXqA","publishedAt":"2025-03-11T14:10:06","thumbnails":{"medium":{"url":"https://i.ytimg.com/vi/UMhvLvUPfow/mqdefault.jpg","width":320,"height":180},"high":{"url":"https://i.ytimg.com/vi/UMhvLvUPfow/hqdefault.jpg","width":480,"height":360},"default":{"url":"https://i.ytimg.com/vi/UMhvLvUPfow/default.jpg","width":120,"height":90}},"url":"https://www.youtube.com/watch?v=UMhvLvUPfow","searchQuery":"","pageNumber":""},{"videoId":"mf5965Bj5Kk","name":"Time Story","title":"Time Story","description":"New Released South Indian Hindi Dubbed Movies 2025 New Released South Indian Hindi Dubbed Movies 2025 New South ...","channelTitle":"Wamindia Movies","channelId":"UCt7_pnSRPKU3bu2GqmgH8gQ","publishedAt":"2024-08-30T14:30:30","thumbnails":{"medium":{"url":"https://i.ytimg.com/vi/mf5965Bj5Kk/mqdefault.jpg","width":320,"height":180},"high":{"url":"https://i.ytimg.com/vi/mf5965Bj5Kk/hqdefault.jpg","width":480,"height":360},"default":{"url":"https://i.ytimg.com/vi/mf5965Bj5Kk/default.jpg","width":120,"height":90}},"url":"https://www.youtube.com/watch?v=mf5965Bj5Kk","searchQuery":"","pageNumber":""},{"videoId":"e70yf6Cqldc","name":"The Time Travel Thriller","title":"The Time Travel Thriller","description":"711 #BharathReddy #TessWalsh #Deepikareddy #SaahasPagadala #CharanKurugonda #ThrillerDrama #ThanthiOne The ...","channelTitle":"Thanthi One","channelId":"UCFYqIFxANnSDsnz6qDH01Hw","publishedAt":"2024-06-16T15:30:09","thumbnails":{"medium":{"url":"https://i.ytimg.com/vi/e70yf6Cqldc/mqdefault.jpg","width":320,"height":180},"high":{"url":"https://i.ytimg.com/vi/e70yf6Cqldc/hqdefault.jpg","width":480,"height":360},"default":{"url":"https://i.ytimg.com/vi/e70yf6Cqldc/default.jpg","width":120,"height":90}},"url":"https://www.youtube.com/watch?v=e70yf6Cqldc","searchQuery":"","pageNumber":""},{"videoId":"9ZjkQclaHGA","name":"A Week To Time Travel","title":"A Week To Time Travel","description":"In the near future, Ankit a common man living in the city is shortlisted for a Time Travel program by the Intellectual Society. He has ...","channelTitle":"A Random Thing","channelId":"UCRFExn5i3-4zi8SL8lX6MSw","publishedAt":"2024-05-24T20:05:57","thumbnails":{"medium":{"url":"https://i.ytimg.com/vi/9ZjkQclaHGA/mqdefault.jpg","width":320,"height":180},"high":{"url":"https://i.ytimg.com/vi/9ZjkQclaHGA/hqdefault.jpg","width":480,"height":360},"default":{"url":"https://i.ytimg.com/vi/9ZjkQclaHGA/default.jpg","width":120,"height":90}},"url":"https://www.youtube.com/watch?v=9ZjkQclaHGA","searchQuery":"","pageNumber":""},{"videoId":"1cgIxDzNIRU","name":"Escape 2120","title":"Escape 2120","description":"Escape 2120 | Full Time Travel Sc-Fi Movie | Free Si-Fi Movie | Free Time Travel Movie | Deskpop Entertainment Dave's ...","channelTitle":"Free4All","channelId":"UC3ue8n8y4WJJ6SJHzLCpvJg","publishedAt":"2023-12-03T01:30:01","thumbnails":{"medium":{"url":"https://i.ytimg.com/vi/1cgIxDzNIRU/mqdefault.jpg","width":320,"height":180},"high":{"url":"https://i.ytimg.com/vi/1cgIxDzNIRU/hqdefault.jpg","width":480,"height":360},"default":{"url":"https://i.ytimg.com/vi/1cgIxDzNIRU/default.jpg","width":120,"height":90}},"url":"https://www.youtube.com/watch?v=1cgIxDzNIRU","searchQuery":"","pageNumber":""},{"videoId":"SPlZfBqBwA4","name":"The Chrononaut Sci","title":"The Chrononaut Sci","description":"The Chrononaut Sci Fi Full Length Movie 2015 Time Travel Science Fiction Film 4k Produced by Empire Motion Pictures around ...","channelTitle":"Empire Motion Pictures","channelId":"UCRgC2nrXLFR5NPH7ZuUjpsA","publishedAt":"2024-11-09T22:30:05","thumbnails":{"medium":{"url":"https://i.ytimg.com/vi/SPlZfBqBwA4/mqdefault.jpg","width":320,"height":180},"high":{"url":"https://i.ytimg.com/vi/SPlZfBqBwA4/hqdefault.jpg","width":480,"height":360},"default":{"url":"https://i.ytimg.com/vi/SPlZfBqBwA4/default.jpg","width":120,"height":90}},"url":"https://www.youtube.com/watch?v=SPlZfBqBwA4","searchQuery":"","pageNumber":""},{"videoId":"GGsgmrHurN8","name":"2nd Door (Official Short Film 2017) ","title":"2nd Door (Official Short Film 2017) ","description":"2nd Door_Time travel scientific fiction Synopsis - A sci-fi that gives you the thrills of a parallel world in sync with the real world.","channelTitle":"Vlogify","channelId":"UCMDaJ9hBVSoVBTw1O544sFQ","publishedAt":"2017-12-08T13:38:31","thumbnails":{"medium":{"url":"https://i.ytimg.com/vi/GGsgmrHurN8/mqdefault.jpg","width":320,"height":180},"high":{"url":"https://i.ytimg.com/vi/GGsgmrHurN8/hqdefault.jpg","width":480,"height":360},"default":{"url":"https://i.ytimg.com/vi/GGsgmrHurN8/default.jpg","width":120,"height":90}},"url":"https://www.youtube.com/watch?v=GGsgmrHurN8","searchQuery":"","pageNumber":""},{"videoId":"Vm1CPzfty2o","name":"Time Jumpers","title":"Time Jumpers","description":"Time Jumpers - When a young man finds a time machine device, his life spins out of control. This is an anthology movie, ...","channelTitle":"Sci-Fi Central","channelId":"UCOpzwVUNsep7FpN5687XYEA","publishedAt":"2021-11-06T13:00:27","thumbnails":{"medium":{"url":"https://i.ytimg.com/vi/Vm1CPzfty2o/mqdefault.jpg","width":320,"height":180},"high":{"url":"https://i.ytimg.com/vi/Vm1CPzfty2o/hqdefault.jpg","width":480,"height":360},"default":{"url":"https://i.ytimg.com/vi/Vm1CPzfty2o/default.jpg","width":120,"height":90}},"url":"https://www.youtube.com/watch?v=Vm1CPzfty2o","searchQuery":"","pageNumber":""}]