[{"videoId":"1YtNxxqCg6Y","name":"The Truth of a Wrongful Gaze: A Daughter-in-Law's Courage and Family's Support","title":"The Truth of a Wrongful Gaze: A Daughter-in-Law's Courage and Family's Support","description":"hindilovestory गलत नज़र का सच: बहू की हिम्मत और परिवार का साथ | Hindi Short Film South Full ...","channelTitle":"Sawriya Sarkar Studio","channelId":"UCWmJ-U6FV9FDda3I3K0wtJQ","publishedAt":"2025-11-16T23:30:01","thumbnails":{"medium":{"url":"https://i.ytimg.com/vi/1YtNxxqCg6Y/mqdefault.jpg","width":320,"height":180},"high":{"url":"https://i.ytimg.com/vi/1YtNxxqCg6Y/hqdefault.jpg","width":480,"height":360},"default":{"url":"https://i.ytimg.com/vi/1YtNxxqCg6Y/default.jpg","width":120,"height":90}},"url":"https://www.youtube.com/watch?v=1YtNxxqCg6Y","searchQuery":"","pageNumber":""},{"videoId":"-OxktOxI1LI","name":"Nomad – Love Story of a Mela Girl","title":"Nomad – Love Story of a Mela Girl","description":"Banjaran – Love Story of Mela Girl | Emotional Short Film 2025 | Nizami Film Entertainment Banjaran – Ek Gareeb Ladki Ki ...","channelTitle":"Nizami Film Entertainment","channelId":"UCf7PIeTY-zFGm_RCuB9MxmA","publishedAt":"2025-10-25T12:30:01","thumbnails":{"medium":{"url":"https://i.ytimg.com/vi/-OxktOxI1LI/mqdefault.jpg","width":320,"height":180},"high":{"url":"https://i.ytimg.com/vi/-OxktOxI1LI/hqdefault.jpg","width":480,"height":360},"default":{"url":"https://i.ytimg.com/vi/-OxktOxI1LI/default.jpg","width":120,"height":90}},"url":"https://www.youtube.com/watch?v=-OxktOxI1LI","searchQuery":"","pageNumber":""},{"videoId":"l-79Oqcmof4","name":"Finding Your Voice","title":"Finding Your Voice","description":"Dream Merchant | A Hindi Short Film About Dreams, MLM & Finding Your Voice Final YouTube Description (SEO + Emotional + ...","channelTitle":"Vinay Shakya’s Let’s Act","channelId":"UC0ofXD6bqb9iZC3TmpyA-XA","publishedAt":"2025-06-19T06:39:54","thumbnails":{"medium":{"url":"https://i.ytimg.com/vi/l-79Oqcmof4/mqdefault.jpg","width":320,"height":180},"high":{"url":"https://i.ytimg.com/vi/l-79Oqcmof4/hqdefault.jpg","width":480,"height":360},"default":{"url":"https://i.ytimg.com/vi/l-79Oqcmof4/default.jpg","width":120,"height":90}},"url":"https://www.youtube.com/watch?v=l-79Oqcmof4","searchQuery":"","pageNumber":""},{"videoId":"zfuY_a6l7Ns","name":"Injustice of Love","title":"Injustice of Love","description":"Inspired by real events, Qaidi No.312 is a cry for justice for the innocent who suffer imprisonment in silence. Qaidi No.","channelTitle":"Tandra Pictures","channelId":"UCN3jEJOyT6iUCrMtV9ykA6g","publishedAt":"2025-09-15T09:31:34","thumbnails":{"medium":{"url":"https://i.ytimg.com/vi/zfuY_a6l7Ns/mqdefault.jpg","width":320,"height":180},"high":{"url":"https://i.ytimg.com/vi/zfuY_a6l7Ns/hqdefault.jpg","width":480,"height":360},"default":{"url":"https://i.ytimg.com/vi/zfuY_a6l7Ns/default.jpg","width":120,"height":90}},"url":"https://www.youtube.com/watch?v=zfuY_a6l7Ns","searchQuery":"","pageNumber":""},{"videoId":"LdaFFtD5Bv8","name":"The Story of Cyber Crime","title":"The Story of Cyber Crime","description":"The Story of Cyber Crime – ek short film jo digital duniya ke chhupay huye khatron ko dikhati hai. Aaj ke time me app fraud, ...","channelTitle":"YF Films iProduction","channelId":"UCMVg-dZe5CWexVNsaI-0j-g","publishedAt":"2025-11-01T07:10:23","thumbnails":{"medium":{"url":"https://i.ytimg.com/vi/LdaFFtD5Bv8/mqdefault.jpg","width":320,"height":180},"high":{"url":"https://i.ytimg.com/vi/LdaFFtD5Bv8/hqdefault.jpg","width":480,"height":360},"default":{"url":"https://i.ytimg.com/vi/LdaFFtD5Bv8/default.jpg","width":120,"height":90}},"url":"https://www.youtube.com/watch?v=LdaFFtD5Bv8","searchQuery":"","pageNumber":""},{"videoId":"fBz22VDoF9s","name":"Wish..","title":"Wish..","description":"Awards winning Hindi Short film. #SproutingSeedProduction presents the story of Arnav and his father, Arnav a young guy, an IT ...","channelTitle":"ViralWarp","channelId":"UCScGStTke1iIUMb8CM1nrCw","publishedAt":"2020-08-07T13:58:22","thumbnails":{"medium":{"url":"https://i.ytimg.com/vi/fBz22VDoF9s/mqdefault.jpg","width":320,"height":180},"high":{"url":"https://i.ytimg.com/vi/fBz22VDoF9s/hqdefault.jpg","width":480,"height":360},"default":{"url":"https://i.ytimg.com/vi/fBz22VDoF9s/default.jpg","width":120,"height":90}},"url":"https://www.youtube.com/watch?v=fBz22VDoF9s","searchQuery":"","pageNumber":""},{"videoId":"TUHsn-P1wls","name":"What Was My Fault?","title":"What Was My Fault?","description":"Mera Kya Kasoor | Hindi Short Film | Sanjay Soni, Kajal | Sonotek Video Mera Kya Kasoor एक इमोशनल हिंदी ...","channelTitle":"Chanda Film","channelId":"UCt0gFdChm1pkbm-ubsr2c0w","publishedAt":"2025-09-26T12:30:42","thumbnails":{"medium":{"url":"https://i.ytimg.com/vi/TUHsn-P1wls/mqdefault.jpg","width":320,"height":180},"high":{"url":"https://i.ytimg.com/vi/TUHsn-P1wls/hqdefault.jpg","width":480,"height":360},"default":{"url":"https://i.ytimg.com/vi/TUHsn-P1wls/default.jpg","width":120,"height":90}},"url":"https://www.youtube.com/watch?v=TUHsn-P1wls","searchQuery":"","pageNumber":""},{"videoId":"YQvY46RG8eY","name":"Happy Life","title":"Happy Life","description":"PavraEntertainment In this captivating movie, we follow the story of Aarifa, a young woman who embarks on a journey towards ...","channelTitle":"Pavra Entertainment","channelId":"UCj_LZEJrEp-GkqSgVS3cGHQ","publishedAt":"2023-05-12T03:30:08","thumbnails":{"medium":{"url":"https://i.ytimg.com/vi/YQvY46RG8eY/mqdefault.jpg","width":320,"height":180},"high":{"url":"https://i.ytimg.com/vi/YQvY46RG8eY/hqdefault.jpg","width":480,"height":360},"default":{"url":"https://i.ytimg.com/vi/YQvY46RG8eY/default.jpg","width":120,"height":90}},"url":"https://www.youtube.com/watch?v=YQvY46RG8eY","searchQuery":"","pageNumber":""},{"videoId":"jvgaCfwAfnw","name":"M2R Entertainment","title":"M2R Entertainment","description":"सरकारी शादी - THE DARK TRUTH OF SOCIETY is inspiring short film for the young buds of our nation with a beautiful ...","channelTitle":"M2R Entertainment","channelId":"UCe-2JX7OetoG0PUuzBy0szQ","publishedAt":"2024-05-17T14:30:08","thumbnails":{"medium":{"url":"https://i.ytimg.com/vi/jvgaCfwAfnw/mqdefault.jpg","width":320,"height":180},"high":{"url":"https://i.ytimg.com/vi/jvgaCfwAfnw/hqdefault.jpg","width":480,"height":360},"default":{"url":"https://i.ytimg.com/vi/jvgaCfwAfnw/default.jpg","width":120,"height":90}},"url":"https://www.youtube.com/watch?v=jvgaCfwAfnw","searchQuery":"","pageNumber":""},{"videoId":"Agt_FM15lyw","name":"The Vernacooler","title":"The Vernacooler","description":"In this Film, we follow Siddhesh, a vernacular student who has recently left his job and is feeling upset for reasons unknown.","channelTitle":"फिलमबाझ Film Company","channelId":"UCxbhZKSdWN6fUEuAdkk-A5g","publishedAt":"2024-03-15T14:30:09","thumbnails":{"medium":{"url":"https://i.ytimg.com/vi/Agt_FM15lyw/mqdefault.jpg","width":320,"height":180},"high":{"url":"https://i.ytimg.com/vi/Agt_FM15lyw/hqdefault.jpg","width":480,"height":360},"default":{"url":"https://i.ytimg.com/vi/Agt_FM15lyw/default.jpg","width":120,"height":90}},"url":"https://www.youtube.com/watch?v=Agt_FM15lyw","searchQuery":"","pageNumber":""},{"videoId":"JZjNXKNyN-A","name":"The Punishment of Marriage","title":"The Punishment of Marriage","description":"शादी कि सजा पार्ट All Parts  || #shorts​ #story​ #drama​ #youtube​ #explore​ #youtubeshorts​ ...","channelTitle":"dhrama story","channelId":"UCUwZFuS2XwwfDaUHtJwlspQ","publishedAt":"2025-10-28T03:53:44","thumbnails":{"medium":{"url":"https://i.ytimg.com/vi/JZjNXKNyN-A/mqdefault.jpg","width":320,"height":180},"high":{"url":"https://i.ytimg.com/vi/JZjNXKNyN-A/hqdefault.jpg","width":480,"height":360},"default":{"url":"https://i.ytimg.com/vi/JZjNXKNyN-A/default.jpg","width":120,"height":90}},"url":"https://www.youtube.com/watch?v=JZjNXKNyN-A","searchQuery":"","pageNumber":""},{"videoId":"xWVcRJ-6Rms","name":"Bollywood's Biggest Emotional Drama","title":"Bollywood's Biggest Emotional Drama","description":"बॉलीवुड का सबसे बड़ा इमोशनल ड्रामा | Bollywood South Hindi Dubbed Movie | New Short Hindi Film ...","channelTitle":"Krishna Movie Hd","channelId":"UCqmmk-b4TJwlZN5bcyJfzow","publishedAt":"2025-09-29T21:30:11","thumbnails":{"medium":{"url":"https://i.ytimg.com/vi/xWVcRJ-6Rms/mqdefault.jpg","width":320,"height":180},"high":{"url":"https://i.ytimg.com/vi/xWVcRJ-6Rms/hqdefault.jpg","width":480,"height":360},"default":{"url":"https://i.ytimg.com/vi/xWVcRJ-6Rms/default.jpg","width":120,"height":90}},"url":"https://www.youtube.com/watch?v=xWVcRJ-6Rms","searchQuery":"","pageNumber":""},{"videoId":"iw3junwdUTc","name":"Coming Home to Life","title":"Coming Home to Life","description":"Story of a girl who is set to bring about change in the society and the system by her efforts through Sankalp - an NGO run by her to ...","channelTitle":"PALCO VIDEO","channelId":"UCs8YmQaE3AKjQeaA-k6BP1Q","publishedAt":"2023-12-14T14:24:59","thumbnails":{"medium":{"url":"https://i.ytimg.com/vi/iw3junwdUTc/mqdefault.jpg","width":320,"height":180},"high":{"url":"https://i.ytimg.com/vi/iw3junwdUTc/hqdefault.jpg","width":480,"height":360},"default":{"url":"https://i.ytimg.com/vi/iw3junwdUTc/default.jpg","width":120,"height":90}},"url":"https://www.youtube.com/watch?v=iw3junwdUTc","searchQuery":"","pageNumber":""},{"videoId":"NAADpwOI568","name":"The Naughty Servant","title":"The Naughty Servant","description":"Naukar Malkin | Bhole Naukar Ki Chalu Malkin | Natkhat Naukar | New Hindi Short Film 2025 Natkhat Naukar लेकर आया ...","channelTitle":"Natkhat Naukar","channelId":"UClrEWPvw9FpfZW3nn3TfNvQ","publishedAt":"2025-08-28T13:30:19","thumbnails":{"medium":{"url":"https://i.ytimg.com/vi/NAADpwOI568/mqdefault.jpg","width":320,"height":180},"high":{"url":"https://i.ytimg.com/vi/NAADpwOI568/hqdefault.jpg","width":480,"height":360},"default":{"url":"https://i.ytimg.com/vi/NAADpwOI568/default.jpg","width":120,"height":90}},"url":"https://www.youtube.com/watch?v=NAADpwOI568","searchQuery":"","pageNumber":""},{"videoId":"sUJfEI-SIzk","name":"A Story That Touches The Heart","title":"A Story That Touches The Heart","description":"दिल को हिला देने वाली कहानी | Hindi Short Film | Bollywood Movie | Heart Touching Story 2025 दिल को ...","channelTitle":"Krishna Movie Hd","channelId":"UCqmmk-b4TJwlZN5bcyJfzow","publishedAt":"2025-10-10T17:30:13","thumbnails":{"medium":{"url":"https://i.ytimg.com/vi/sUJfEI-SIzk/mqdefault.jpg","width":320,"height":180},"high":{"url":"https://i.ytimg.com/vi/sUJfEI-SIzk/hqdefault.jpg","width":480,"height":360},"default":{"url":"https://i.ytimg.com/vi/sUJfEI-SIzk/default.jpg","width":120,"height":90}},"url":"https://www.youtube.com/watch?v=sUJfEI-SIzk","searchQuery":"","pageNumber":""},{"videoId":"85W8GUHDwB4","name":"A Film That Will Shake You to the Core","title":"A Film That Will Shake You to the Core","description":"New Movie : एक ऐसी फिल्म जो आपको अंदर तक झकझोर देगी | Hindi Emotional Short Movie 2025 New ...","channelTitle":"MoviRas","channelId":"UCN9U_WQv6_sdz47J9P_k1sw","publishedAt":"2025-11-06T21:30:01","thumbnails":{"medium":{"url":"https://i.ytimg.com/vi/85W8GUHDwB4/mqdefault.jpg","width":320,"height":180},"high":{"url":"https://i.ytimg.com/vi/85W8GUHDwB4/hqdefault.jpg","width":480,"height":360},"default":{"url":"https://i.ytimg.com/vi/85W8GUHDwB4/default.jpg","width":120,"height":90}},"url":"https://www.youtube.com/watch?v=85W8GUHDwB4","searchQuery":"","pageNumber":""},{"videoId":"Jc3f31GzYr4","name":"The Viral Night","title":"The Viral Night","description":"ऐसी मूवी जो रातों रात वायरल हो गई - Hindi Short Film - Bollywood 2025 - South Hindi Dubbed Movie ...","channelTitle":"Krishna Movie Hd","channelId":"UCqmmk-b4TJwlZN5bcyJfzow","publishedAt":"2025-10-08T15:30:10","thumbnails":{"medium":{"url":"https://i.ytimg.com/vi/Jc3f31GzYr4/mqdefault.jpg","width":320,"height":180},"high":{"url":"https://i.ytimg.com/vi/Jc3f31GzYr4/hqdefault.jpg","width":480,"height":360},"default":{"url":"https://i.ytimg.com/vi/Jc3f31GzYr4/default.jpg","width":120,"height":90}},"url":"https://www.youtube.com/watch?v=Jc3f31GzYr4","searchQuery":"","pageNumber":""},{"videoId":"u3b7rfj6Lws","name":"Overnight Viral","title":"Overnight Viral","description":"ऐसी मूवी जो रातों-रात वायरल हो जाएगी | Hindi Movie | Hindi Short Movie | Bollywood Family Drama ...","channelTitle":"Krishna Movie Hd","channelId":"UCqmmk-b4TJwlZN5bcyJfzow","publishedAt":"2025-11-01T18:31:13","thumbnails":{"medium":{"url":"https://i.ytimg.com/vi/u3b7rfj6Lws/mqdefault.jpg","width":320,"height":180},"high":{"url":"https://i.ytimg.com/vi/u3b7rfj6Lws/hqdefault.jpg","width":480,"height":360},"default":{"url":"https://i.ytimg.com/vi/u3b7rfj6Lws/default.jpg","width":120,"height":90}},"url":"https://www.youtube.com/watch?v=u3b7rfj6Lws","searchQuery":"","pageNumber":""},{"videoId":"PYZtf2HNlT4","name":"The Mistake That Changed a Life","title":"The Mistake That Changed a Life","description":"एक गलती जिसने जिंदगी बदल दी | True Story 2025 | Hindi Short Movie | | Hindi Hot Web Series 2025 एक ...","channelTitle":"Krishna Movie Hd","channelId":"UCqmmk-b4TJwlZN5bcyJfzow","publishedAt":"2025-10-11T19:30:11","thumbnails":{"medium":{"url":"https://i.ytimg.com/vi/PYZtf2HNlT4/mqdefault.jpg","width":320,"height":180},"high":{"url":"https://i.ytimg.com/vi/PYZtf2HNlT4/hqdefault.jpg","width":480,"height":360},"default":{"url":"https://i.ytimg.com/vi/PYZtf2HNlT4/default.jpg","width":120,"height":90}},"url":"https://www.youtube.com/watch?v=PYZtf2HNlT4","searchQuery":"","pageNumber":""},{"videoId":"-UHsQ0Q_Ti0","name":"Unprecedented Suspense","title":"Unprecedented Suspense","description":"ऐसा सस्पेंस जो आज तक नहीं देखा | Bollywood South Hindi Dubbed Movie | New Short Hindi Film ऐसा ...","channelTitle":"Krishna Movie Hd","channelId":"UCqmmk-b4TJwlZN5bcyJfzow","publishedAt":"2025-09-29T17:30:00","thumbnails":{"medium":{"url":"https://i.ytimg.com/vi/-UHsQ0Q_Ti0/mqdefault.jpg","width":320,"height":180},"high":{"url":"https://i.ytimg.com/vi/-UHsQ0Q_Ti0/hqdefault.jpg","width":480,"height":360},"default":{"url":"https://i.ytimg.com/vi/-UHsQ0Q_Ti0/default.jpg","width":120,"height":90}},"url":"https://www.youtube.com/watch?v=-UHsQ0Q_Ti0","searchQuery":"","pageNumber":""},{"videoId":"WHCQYosAa2k","name":"The Most Watched Movie of 2025","title":"The Most Watched Movie of 2025","description":"2025 की सबसे ज्यादा देखी जाने वाली मूवी | Hindi Short Film | South Dubbed Full Movie 2025 की ...","channelTitle":"Krishna Movie Hd","channelId":"UCqmmk-b4TJwlZN5bcyJfzow","publishedAt":"2025-10-16T15:30:17","thumbnails":{"medium":{"url":"https://i.ytimg.com/vi/WHCQYosAa2k/mqdefault.jpg","width":320,"height":180},"high":{"url":"https://i.ytimg.com/vi/WHCQYosAa2k/hqdefault.jpg","width":480,"height":360},"default":{"url":"https://i.ytimg.com/vi/WHCQYosAa2k/default.jpg","width":120,"height":90}},"url":"https://www.youtube.com/watch?v=WHCQYosAa2k","searchQuery":"","pageNumber":""},{"videoId":"NJ5bE5g3DGs","name":"Unique Love","title":"Unique Love","description":"Anokha Pyar (HD) Blockbuster Indian Hindi Dubbed Action Romantic Movie | New Hindi Short Film Anokha Pyar (HD) Blockbuster ...","channelTitle":"Krishna Movie Hd","channelId":"UCqmmk-b4TJwlZN5bcyJfzow","publishedAt":"2025-09-30T19:00:20","thumbnails":{"medium":{"url":"https://i.ytimg.com/vi/NJ5bE5g3DGs/mqdefault.jpg","width":320,"height":180},"high":{"url":"https://i.ytimg.com/vi/NJ5bE5g3DGs/hqdefault.jpg","width":480,"height":360},"default":{"url":"https://i.ytimg.com/vi/NJ5bE5g3DGs/default.jpg","width":120,"height":90}},"url":"https://www.youtube.com/watch?v=NJ5bE5g3DGs","searchQuery":"","pageNumber":""},{"videoId":"wWSKEu7qvZY","name":"The Story That Made Everyone Cry","title":"The Story That Made Everyone Cry","description":"ऐसी कहानी जिसे देखकर सब रो पड़े | South Hindi Movie 2025 | Short Film 2025 | A Heart touching Story ...","channelTitle":"Krishna Movie Hd","channelId":"UCqmmk-b4TJwlZN5bcyJfzow","publishedAt":"2025-10-15T19:30:06","thumbnails":{"medium":{"url":"https://i.ytimg.com/vi/wWSKEu7qvZY/mqdefault.jpg","width":320,"height":180},"high":{"url":"https://i.ytimg.com/vi/wWSKEu7qvZY/hqdefault.jpg","width":480,"height":360},"default":{"url":"https://i.ytimg.com/vi/wWSKEu7qvZY/default.jpg","width":120,"height":90}},"url":"https://www.youtube.com/watch?v=wWSKEu7qvZY","searchQuery":"","pageNumber":""},{"videoId":"7130jfeDGQ0","name":"Touched Millions of Hearts","title":"Touched Millions of Hearts","description":"इस मूवी ने लाखों दिलों को छू लिया | South Hindi Dubbed | Short Movie | Web Indian Series इस ...","channelTitle":"Krishna Movie Hd","channelId":"UCqmmk-b4TJwlZN5bcyJfzow","publishedAt":"2025-10-23T15:30:10","thumbnails":{"medium":{"url":"https://i.ytimg.com/vi/7130jfeDGQ0/mqdefault.jpg","width":320,"height":180},"high":{"url":"https://i.ytimg.com/vi/7130jfeDGQ0/hqdefault.jpg","width":480,"height":360},"default":{"url":"https://i.ytimg.com/vi/7130jfeDGQ0/default.jpg","width":120,"height":90}},"url":"https://www.youtube.com/watch?v=7130jfeDGQ0","searchQuery":"","pageNumber":""},{"videoId":"PZrECUplPac","name":"A Film That Will Shake You to the Core","title":"A Film That Will Shake You to the Core","description":"New Movie : एक ऐसी फिल्म जो आपको अंदर तक झकझोर देगी | Hindi Emotional Short Movie 2025 New ...","channelTitle":"SK Films studio Bhilwara","channelId":"UCHboK-DwkuEOihzm2OUknOg","publishedAt":"2025-11-06T19:30:05","thumbnails":{"medium":{"url":"https://i.ytimg.com/vi/PZrECUplPac/mqdefault.jpg","width":320,"height":180},"high":{"url":"https://i.ytimg.com/vi/PZrECUplPac/hqdefault.jpg","width":480,"height":360},"default":{"url":"https://i.ytimg.com/vi/PZrECUplPac/default.jpg","width":120,"height":90}},"url":"https://www.youtube.com/watch?v=PZrECUplPac","searchQuery":"","pageNumber":""},{"videoId":"Ax7Jeq3VHQs","name":"The Truth Will Bring Tears to Your Eyes","title":"The Truth Will Bring Tears to Your Eyes","description":"सच जानकर आंखों में आ जाएंगे आंसू | Heart Touching Story | South Hindi Dubbed 2025 सच जानकर ...","channelTitle":"Krishna Movie Hd","channelId":"UCqmmk-b4TJwlZN5bcyJfzow","publishedAt":"2025-10-16T21:30:02","thumbnails":{"medium":{"url":"https://i.ytimg.com/vi/Ax7Jeq3VHQs/mqdefault.jpg","width":320,"height":180},"high":{"url":"https://i.ytimg.com/vi/Ax7Jeq3VHQs/hqdefault.jpg","width":480,"height":360},"default":{"url":"https://i.ytimg.com/vi/Ax7Jeq3VHQs/default.jpg","width":120,"height":90}},"url":"https://www.youtube.com/watch?v=Ax7Jeq3VHQs","searchQuery":"","pageNumber":""},{"videoId":"fvy0Qw8f3f4","name":"The Puzzled Witness","title":"The Puzzled Witness","description":"जिसने देखा वो सोच में पड़ गया | Moral Story | Hindi Short Movie 2025 | New South Hindi Dubbed Film ...","channelTitle":"Krishna Movie Hd","channelId":"UCqmmk-b4TJwlZN5bcyJfzow","publishedAt":"2025-10-25T01:30:38","thumbnails":{"medium":{"url":"https://i.ytimg.com/vi/fvy0Qw8f3f4/mqdefault.jpg","width":320,"height":180},"high":{"url":"https://i.ytimg.com/vi/fvy0Qw8f3f4/hqdefault.jpg","width":480,"height":360},"default":{"url":"https://i.ytimg.com/vi/fvy0Qw8f3f4/default.jpg","width":120,"height":90}},"url":"https://www.youtube.com/watch?v=fvy0Qw8f3f4","searchQuery":"","pageNumber":""},{"videoId":"SENFHkLxjTo","name":"The Rich Mother's Alms: A Heartbreaking Truth","title":"The Rich Mother's Alms: A Heartbreaking Truth","description":"जब करोड़पति माँ ने अपने बेटे को भीख दी फिर जो सच सामने आया उसने सबको ...","channelTitle":"Neha Story Voice","channelId":"UCSyfW1x22V7R3WwM52cfAyw","publishedAt":"2025-10-22T08:00:35","thumbnails":{"medium":{"url":"https://i.ytimg.com/vi/SENFHkLxjTo/mqdefault.jpg","width":320,"height":180},"high":{"url":"https://i.ytimg.com/vi/SENFHkLxjTo/hqdefault.jpg","width":480,"height":360},"default":{"url":"https://i.ytimg.com/vi/SENFHkLxjTo/default.jpg","width":120,"height":90}},"url":"https://www.youtube.com/watch?v=SENFHkLxjTo","searchQuery":"","pageNumber":""}]