[{"videoId":"LCMDKSut2Yk","name":"Planned Love","title":"Planned Love","description":"A relationship based on lies... but will love change the game? He got into the relationship for revenge. But what happens when ...","channelTitle":"Film Town","channelId":"UCZeVXaldvyE7KIAj5IJ5oFA","publishedAt":"2025-06-18T12:25:22","thumbnails":{"medium":{"url":"https://i.ytimg.com/vi/LCMDKSut2Yk/mqdefault.jpg","width":320,"height":180},"high":{"url":"https://i.ytimg.com/vi/LCMDKSut2Yk/hqdefault.jpg","width":480,"height":360},"default":{"url":"https://i.ytimg.com/vi/LCMDKSut2Yk/default.jpg","width":120,"height":90}},"url":"https://www.youtube.com/watch?v=LCMDKSut2Yk","searchQuery":"","pageNumber":""},{"videoId":"UV6V_ptpLD0","name":"Rajesh Kumar","title":"Rajesh Kumar","description":"Subscribe Now: RR FILMS #Viral Short Film | Love Revenge In Hindi | लव रिवेंज | RR Films | Rajesh Kumar Story/ ...","channelTitle":"RR Films","channelId":"UCAgO2126YIdXndUviJiE1cg","publishedAt":"2025-04-23T00:45:06","thumbnails":{"medium":{"url":"https://i.ytimg.com/vi/UV6V_ptpLD0/mqdefault.jpg","width":320,"height":180},"high":{"url":"https://i.ytimg.com/vi/UV6V_ptpLD0/hqdefault.jpg","width":480,"height":360},"default":{"url":"https://i.ytimg.com/vi/UV6V_ptpLD0/default.jpg","width":120,"height":90}},"url":"https://www.youtube.com/watch?v=UV6V_ptpLD0","searchQuery":"","pageNumber":""},{"videoId":"5ZfByVxF-pI","name":"What Happens When LOVE Turns Into REVENGE?","title":"What Happens When LOVE Turns Into REVENGE?","description":"ভূতমুখী | Bhootmukhi Short Film | BMS new short film | New Bengali Film | New Bangla Natok | Unmesh Ganguly short film ...","channelTitle":"BMS","channelId":"UCh3cjyEVMRjVOP6akR_f9mg","publishedAt":"2024-11-22T06:30:29","thumbnails":{"medium":{"url":"https://i.ytimg.com/vi/5ZfByVxF-pI/mqdefault.jpg","width":320,"height":180},"high":{"url":"https://i.ytimg.com/vi/5ZfByVxF-pI/hqdefault.jpg","width":480,"height":360},"default":{"url":"https://i.ytimg.com/vi/5ZfByVxF-pI/default.jpg","width":120,"height":90}},"url":"https://www.youtube.com/watch?v=5ZfByVxF-pI","searchQuery":"","pageNumber":""},{"videoId":"pW8YSXNjGDQ","name":"Revenge","title":"Revenge","description":"Movie name: Revenge Hero: Salman ali Directed by: Ishtiaq Ahmad Produced by: Qaisar ali & Arslan barkat Team_227: Saifullah ...","channelTitle":"Team_227","channelId":"UCfK8p45DOooKD6Bodzzq-Hw","publishedAt":"2024-09-07T02:31:12","thumbnails":{"medium":{"url":"https://i.ytimg.com/vi/pW8YSXNjGDQ/mqdefault.jpg","width":320,"height":180},"high":{"url":"https://i.ytimg.com/vi/pW8YSXNjGDQ/hqdefault.jpg","width":480,"height":360},"default":{"url":"https://i.ytimg.com/vi/pW8YSXNjGDQ/default.jpg","width":120,"height":90}},"url":"https://www.youtube.com/watch?v=pW8YSXNjGDQ","searchQuery":"","pageNumber":""},{"videoId":"Dn5anaq9RKE","name":"The Patwari's Revenge","title":"The Patwari's Revenge","description":"Haryanvi comedy video patwari Ka badla Rajender ki comedy Haryanvi comedy video #patwari #rajenderkicomedy #comedy ...","channelTitle":"Rajender ki Comedy","channelId":"UCYmyX8UpySadEcvzLhxitFg","publishedAt":"2025-10-10T13:40:30","thumbnails":{"medium":{"url":"https://i.ytimg.com/vi/Dn5anaq9RKE/mqdefault.jpg","width":320,"height":180},"high":{"url":"https://i.ytimg.com/vi/Dn5anaq9RKE/hqdefault.jpg","width":480,"height":360},"default":{"url":"https://i.ytimg.com/vi/Dn5anaq9RKE/default.jpg","width":120,"height":90}},"url":"https://www.youtube.com/watch?v=Dn5anaq9RKE","searchQuery":"","pageNumber":""},{"videoId":"X3addMRU06s","name":"My Russian Girlfriend","title":"My Russian Girlfriend","description":"New Short Film from Content Ka Keeda. My Russian Girlfriend is an emotional Hindi Short movie which will make you smile.","channelTitle":"ContentkaKeeda","channelId":"UCkE6ZzUxUY_XMP688ib-RWA","publishedAt":"2025-07-01T07:00:07","thumbnails":{"medium":{"url":"https://i.ytimg.com/vi/X3addMRU06s/mqdefault.jpg","width":320,"height":180},"high":{"url":"https://i.ytimg.com/vi/X3addMRU06s/hqdefault.jpg","width":480,"height":360},"default":{"url":"https://i.ytimg.com/vi/X3addMRU06s/default.jpg","width":120,"height":90}},"url":"https://www.youtube.com/watch?v=X3addMRU06s","searchQuery":"","pageNumber":""},{"videoId":"V5dwtmSaE5o","name":"Revenge","title":"Revenge","description":"After Releasing On MX Player Here AV Entertainment Presents \"Revenge\" Hindi Short Film Only On AV Entertainment Youtube ...","channelTitle":"AV Entertainment ","channelId":"UCsqLzRBhozoIa2tP2mcXxrw","publishedAt":"2024-09-03T10:55:08","thumbnails":{"medium":{"url":"https://i.ytimg.com/vi/V5dwtmSaE5o/mqdefault.jpg","width":320,"height":180},"high":{"url":"https://i.ytimg.com/vi/V5dwtmSaE5o/hqdefault.jpg","width":480,"height":360},"default":{"url":"https://i.ytimg.com/vi/V5dwtmSaE5o/default.jpg","width":120,"height":90}},"url":"https://www.youtube.com/watch?v=V5dwtmSaE5o","searchQuery":"","pageNumber":""},{"videoId":"5egZTgeLlLU","name":"मीठा बदला","title":"मीठा बदला","description":"Ek Haseen Intiqam also called Sweet Revenge or Tatlı İntikam is a Turkish Drama in Urdu Dubbing & Hindi Dubbing Subscribe ...","channelTitle":"Urdu 1 Official","channelId":"UC_LdgZiGPqhvkOlSQR1H1cA","publishedAt":"2025-04-12T18:00:09","thumbnails":{"medium":{"url":"https://i.ytimg.com/vi/5egZTgeLlLU/mqdefault.jpg","width":320,"height":180},"high":{"url":"https://i.ytimg.com/vi/5egZTgeLlLU/hqdefault.jpg","width":480,"height":360},"default":{"url":"https://i.ytimg.com/vi/5egZTgeLlLU/default.jpg","width":120,"height":90}},"url":"https://www.youtube.com/watch?v=5egZTgeLlLU","searchQuery":"","pageNumber":""},{"videoId":"kfyOIu0X3ww","name":"A Man Who Broke The Boundaries","title":"A Man Who Broke The Boundaries","description":"संकल्प - A Man Who Broke The Boundries is inspirational short film a child who was separated from her mother in ...","channelTitle":"M2R Entertainment","channelId":"UCe-2JX7OetoG0PUuzBy0szQ","publishedAt":"2025-07-11T14:30:07","thumbnails":{"medium":{"url":"https://i.ytimg.com/vi/kfyOIu0X3ww/mqdefault.jpg","width":320,"height":180},"high":{"url":"https://i.ytimg.com/vi/kfyOIu0X3ww/hqdefault.jpg","width":480,"height":360},"default":{"url":"https://i.ytimg.com/vi/kfyOIu0X3ww/default.jpg","width":120,"height":90}},"url":"https://www.youtube.com/watch?v=kfyOIu0X3ww","searchQuery":"","pageNumber":""},{"videoId":"jEzh5mkIBH4","name":"Reacher's Brutal Justice","title":"Reacher's Brutal Justice","description":"Bullies Tried To Humiliate Jack Reacher Unaware How Brutal He is Series - Reacher Season 3 Cast: Alan Ritchson Olivier ...","channelTitle":"Movies in Short","channelId":"UC_w3yPVKbPlbNMr8nwVvF3Q","publishedAt":"2025-07-11T18:59:50","thumbnails":{"medium":{"url":"https://i.ytimg.com/vi/jEzh5mkIBH4/mqdefault.jpg","width":320,"height":180},"high":{"url":"https://i.ytimg.com/vi/jEzh5mkIBH4/hqdefault.jpg","width":480,"height":360},"default":{"url":"https://i.ytimg.com/vi/jEzh5mkIBH4/default.jpg","width":120,"height":90}},"url":"https://www.youtube.com/watch?v=jEzh5mkIBH4","searchQuery":"","pageNumber":""},{"videoId":"AbV4d0Dusi8","name":"Reacher's Prison Justice","title":"Reacher's Prison Justice","description":"Police Put Jack Reacher in Prison Unaware He Will Kill All Inmates Series - Reacher Season 1 Cast: Alan Ritchson Willa ...","channelTitle":"Movies in Short","channelId":"UC_w3yPVKbPlbNMr8nwVvF3Q","publishedAt":"2025-06-08T18:00:23","thumbnails":{"medium":{"url":"https://i.ytimg.com/vi/AbV4d0Dusi8/mqdefault.jpg","width":320,"height":180},"high":{"url":"https://i.ytimg.com/vi/AbV4d0Dusi8/hqdefault.jpg","width":480,"height":360},"default":{"url":"https://i.ytimg.com/vi/AbV4d0Dusi8/default.jpg","width":120,"height":90}},"url":"https://www.youtube.com/watch?v=AbV4d0Dusi8","searchQuery":"","pageNumber":""},{"videoId":"umhNGspjHPc","name":"Collector साहिबा ","title":"Collector साहिबा ","description":"Collector साहिबा - A journey of UPSC Aspirant is a real story of Sejal who later become an IAS Officer through his hard work ...","channelTitle":"M2R Entertainment","channelId":"UCe-2JX7OetoG0PUuzBy0szQ","publishedAt":"2024-06-03T14:30:08","thumbnails":{"medium":{"url":"https://i.ytimg.com/vi/umhNGspjHPc/mqdefault.jpg","width":320,"height":180},"high":{"url":"https://i.ytimg.com/vi/umhNGspjHPc/hqdefault.jpg","width":480,"height":360},"default":{"url":"https://i.ytimg.com/vi/umhNGspjHPc/default.jpg","width":120,"height":90}},"url":"https://www.youtube.com/watch?v=umhNGspjHPc","searchQuery":"","pageNumber":""},{"videoId":"PwuspagNH60","name":"R1: The Revenge of One","title":"R1: The Revenge of One","description":"'R1' is a Hindi Short Film written & directed by Sahil Tamboli & produced by SST Creations. This is a Social film indicating the ...","channelTitle":"Sahil Tamboli","channelId":"UCWHDYhjXaAy1BcL-exJgduQ","publishedAt":"2022-10-20T16:08:33","thumbnails":{"medium":{"url":"https://i.ytimg.com/vi/PwuspagNH60/mqdefault.jpg","width":320,"height":180},"high":{"url":"https://i.ytimg.com/vi/PwuspagNH60/hqdefault.jpg","width":480,"height":360},"default":{"url":"https://i.ytimg.com/vi/PwuspagNH60/default.jpg","width":120,"height":90}},"url":"https://www.youtube.com/watch?v=PwuspagNH60","searchQuery":"","pageNumber":""},{"videoId":"EvhBfF-dw-g","name":"IAS BABU","title":"IAS BABU","description":"IAS BABU - Officer On Duty is inspirational film based on a student who is preparing for civil services with any resources. For his ...","channelTitle":"M2R Entertainment","channelId":"UCe-2JX7OetoG0PUuzBy0szQ","publishedAt":"2025-05-22T14:30:06","thumbnails":{"medium":{"url":"https://i.ytimg.com/vi/EvhBfF-dw-g/mqdefault.jpg","width":320,"height":180},"high":{"url":"https://i.ytimg.com/vi/EvhBfF-dw-g/hqdefault.jpg","width":480,"height":360},"default":{"url":"https://i.ytimg.com/vi/EvhBfF-dw-g/default.jpg","width":120,"height":90}},"url":"https://www.youtube.com/watch?v=EvhBfF-dw-g","searchQuery":"","pageNumber":""},{"videoId":"VEbfknr5kI4","name":"Wife Cheated! ","title":"Wife Cheated! ","description":"drama #chinesedrama #chinesedramaengsub #shuangwen #love #romantic #rich #ceo #reversal #revengedrama ...","channelTitle":"Spark ShortDrama","channelId":"UC8ivmRrKtXQR3VViPuid6kQ","publishedAt":"2025-07-30T11:00:59","thumbnails":{"medium":{"url":"https://i.ytimg.com/vi/VEbfknr5kI4/mqdefault.jpg","width":320,"height":180},"high":{"url":"https://i.ytimg.com/vi/VEbfknr5kI4/hqdefault.jpg","width":480,"height":360},"default":{"url":"https://i.ytimg.com/vi/VEbfknr5kI4/default.jpg","width":120,"height":90}},"url":"https://www.youtube.com/watch?v=VEbfknr5kI4","searchQuery":"","pageNumber":""},{"videoId":"2uwqFUrU-mI","name":"ZERO RPIME","title":"ZERO RPIME","description":"KHUL JA SIM SIM | SHORT FILM ROMANTIC REVENGE HINDI | HOT WEB SERIES | FULL MOVIE HINDI | ZERO RPIME ZERO ...","channelTitle":"ZERO PRIME","channelId":"UCWuQ1kxh-FgY7sAolybCSEw","publishedAt":"2020-04-05T12:53:33","thumbnails":{"medium":{"url":"https://i.ytimg.com/vi/2uwqFUrU-mI/mqdefault.jpg","width":320,"height":180},"high":{"url":"https://i.ytimg.com/vi/2uwqFUrU-mI/hqdefault.jpg","width":480,"height":360},"default":{"url":"https://i.ytimg.com/vi/2uwqFUrU-mI/default.jpg","width":120,"height":90}},"url":"https://www.youtube.com/watch?v=2uwqFUrU-mI","searchQuery":"","pageNumber":""},{"videoId":"fPPnReO8Cj8","name":"Pratishodh The Revenge ","title":"Pratishodh The Revenge ","description":"Having heard numerous ghost stories as a child, Lawrence grows up to be afraid of the dark. Eventually, by sheer mischance, ...","channelTitle":"Goldmines","channelId":"UCyoXW-Dse7fURq30EWl_CUA","publishedAt":"2022-09-03T09:30:07","thumbnails":{"medium":{"url":"https://i.ytimg.com/vi/fPPnReO8Cj8/mqdefault.jpg","width":320,"height":180},"high":{"url":"https://i.ytimg.com/vi/fPPnReO8Cj8/hqdefault.jpg","width":480,"height":360},"default":{"url":"https://i.ytimg.com/vi/fPPnReO8Cj8/default.jpg","width":120,"height":90}},"url":"https://www.youtube.com/watch?v=fPPnReO8Cj8","searchQuery":"","pageNumber":""},{"videoId":"WFfIzcrpy7A","name":"Royal Stag Barrel ","title":"Royal Stag Barrel ","description":"A businessman. A housekeeping lady. One business trip and everything changes for the worst. Watch #Shame directed by ...","channelTitle":"Royal Stag Barrel Select Shorts","channelId":"UCKdX5TtJb6urNG1xEcDOeuQ","publishedAt":"2019-01-14T13:42:37","thumbnails":{"medium":{"url":"https://i.ytimg.com/vi/WFfIzcrpy7A/mqdefault.jpg","width":320,"height":180},"high":{"url":"https://i.ytimg.com/vi/WFfIzcrpy7A/hqdefault.jpg","width":480,"height":360},"default":{"url":"https://i.ytimg.com/vi/WFfIzcrpy7A/default.jpg","width":120,"height":90}},"url":"https://www.youtube.com/watch?v=WFfIzcrpy7A","searchQuery":"","pageNumber":""},{"videoId":"Y2xJMlYrYeU","name":"Revenge of the Mask ","title":"Revenge of the Mask ","description":"Revenge of the MasK 2 TRAILER NOW ONLINE!!!! Based on the Dark Horse comic series \"The Mask\". This movie follows a new ...","channelTitle":"Revengeofthemask Film","channelId":"UC-HQ0-wMVBw3ncUcAZ1meOw","publishedAt":"2018-12-01T03:41:52","thumbnails":{"medium":{"url":"https://i.ytimg.com/vi/Y2xJMlYrYeU/mqdefault.jpg","width":320,"height":180},"high":{"url":"https://i.ytimg.com/vi/Y2xJMlYrYeU/hqdefault.jpg","width":480,"height":360},"default":{"url":"https://i.ytimg.com/vi/Y2xJMlYrYeU/default.jpg","width":120,"height":90}},"url":"https://www.youtube.com/watch?v=Y2xJMlYrYeU","searchQuery":"","pageNumber":""},{"videoId":"8AwkxvLCt1w","name":"FORCED RAPE 2","title":"FORCED RAPE 2","description":"FORCED RAPE 2 - SHORT FILM | DESI KAHANI | REVENGE | HOT WEB SERIES | ZERO PRIME | SHORT MOVIE 2022 ZERO ...","channelTitle":"ZERO PRIME","channelId":"UCWuQ1kxh-FgY7sAolybCSEw","publishedAt":"2022-06-29T17:00:12","thumbnails":{"medium":{"url":"https://i.ytimg.com/vi/8AwkxvLCt1w/mqdefault.jpg","width":320,"height":180},"high":{"url":"https://i.ytimg.com/vi/8AwkxvLCt1w/hqdefault.jpg","width":480,"height":360},"default":{"url":"https://i.ytimg.com/vi/8AwkxvLCt1w/default.jpg","width":120,"height":90}},"url":"https://www.youtube.com/watch?v=8AwkxvLCt1w","searchQuery":"","pageNumber":""}]