[{"videoId":"w5s6yM_Qu10","name":"নীলিমা","title":"নীলিমা","description":"AP CREATION PRESENTS Neelima - নীলিমা অসমীয়া চুটি ছবি। Story / Screenplay /Direction : Avinob ...","channelTitle":"AP Creations","channelId":"UCHv0K67V0MpFwjh2oaGMQ_w","publishedAt":"2025-11-04T10:39:28","thumbnails":{"medium":{"url":"https://i.ytimg.com/vi/w5s6yM_Qu10/mqdefault.jpg","width":320,"height":180},"high":{"url":"https://i.ytimg.com/vi/w5s6yM_Qu10/hqdefault.jpg","width":480,"height":360},"default":{"url":"https://i.ytimg.com/vi/w5s6yM_Qu10/default.jpg","width":120,"height":90}},"url":"https://www.youtube.com/watch?v=w5s6yM_Qu10","searchQuery":"","pageNumber":""},{"videoId":"WjEJKTCbzHk","name":"You Are My Friend","title":"You Are My Friend","description":"Tumi Mur Koneng~তুমি মোৰ কনেং /part 2 /New assamese short film / Time pass 2.0 / new love story 2025 Story ...","channelTitle":"Time pass 2.0","channelId":"UCvjBPGG9wotDsTIU5fLkJ9w","publishedAt":"2025-05-24T13:30:02","thumbnails":{"medium":{"url":"https://i.ytimg.com/vi/WjEJKTCbzHk/mqdefault.jpg","width":320,"height":180},"high":{"url":"https://i.ytimg.com/vi/WjEJKTCbzHk/hqdefault.jpg","width":480,"height":360},"default":{"url":"https://i.ytimg.com/vi/WjEJKTCbzHk/default.jpg","width":120,"height":90}},"url":"https://www.youtube.com/watch?v=WjEJKTCbzHk","searchQuery":"","pageNumber":""},{"videoId":"Q5W_P89AnU4","name":"Two Girls","title":"Two Girls","description":"Dujoni Gabhoro~দুজনী গাভৰু || New Assamese short film || NEW Assamese Love story || Timepass2.0 ...","channelTitle":"Time pass 2.0","channelId":"UCvjBPGG9wotDsTIU5fLkJ9w","publishedAt":"2025-10-25T12:29:21","thumbnails":{"medium":{"url":"https://i.ytimg.com/vi/Q5W_P89AnU4/mqdefault.jpg","width":320,"height":180},"high":{"url":"https://i.ytimg.com/vi/Q5W_P89AnU4/hqdefault.jpg","width":480,"height":360},"default":{"url":"https://i.ytimg.com/vi/Q5W_P89AnU4/default.jpg","width":120,"height":90}},"url":"https://www.youtube.com/watch?v=Q5W_P89AnU4","searchQuery":"","pageNumber":""},{"videoId":"F5hKDZ2EgOE","name":"ৰৈ আছো","title":"ৰৈ আছো","description":"FOR BRAND COLLABORATION, CONTACT - 7637918404 PRODUCER - NE FILMS & SERIES LEAD ACTOR , CONCEPT ...","channelTitle":"NE FILMS & SERIES","channelId":"UCi1P6KBRX5GjnPLG9G8Nu2w","publishedAt":"2025-11-03T12:16:31","thumbnails":{"medium":{"url":"https://i.ytimg.com/vi/F5hKDZ2EgOE/mqdefault.jpg","width":320,"height":180},"high":{"url":"https://i.ytimg.com/vi/F5hKDZ2EgOE/hqdefault.jpg","width":480,"height":360},"default":{"url":"https://i.ytimg.com/vi/F5hKDZ2EgOE/default.jpg","width":120,"height":90}},"url":"https://www.youtube.com/watch?v=F5hKDZ2EgOE","searchQuery":"","pageNumber":""},{"videoId":"0bXlbHDwQEk","name":"Junuka","title":"Junuka","description":"জুনুকা - Junuka || New Assamese Short Film By The Team Of LoL || Assamese Love Story 2025 For Businesses Quaries ...","channelTitle":"The Team Of LoL","channelId":"UCThMb1nPUbESDki-nbICIDQ","publishedAt":"2025-08-04T13:01:16","thumbnails":{"medium":{"url":"https://i.ytimg.com/vi/0bXlbHDwQEk/mqdefault.jpg","width":320,"height":180},"high":{"url":"https://i.ytimg.com/vi/0bXlbHDwQEk/hqdefault.jpg","width":480,"height":360},"default":{"url":"https://i.ytimg.com/vi/0bXlbHDwQEk/default.jpg","width":120,"height":90}},"url":"https://www.youtube.com/watch?v=0bXlbHDwQEk","searchQuery":"","pageNumber":""},{"videoId":"WPBP43pZhbQ","name":"MUN & SAMARIA","title":"MUN & SAMARIA","description":"A FILM BY MUN CINEMATOGRAPHY - PRAKASH SARANIA EDITOR - PRAKASH SARANIA DIRECTION - BITUPON MEDHI ...","channelTitle":"KPB Brothers","channelId":"UCU5oGl2aAp6dDvfkaxZogWA","publishedAt":"2024-07-30T13:52:05","thumbnails":{"medium":{"url":"https://i.ytimg.com/vi/WPBP43pZhbQ/mqdefault.jpg","width":320,"height":180},"high":{"url":"https://i.ytimg.com/vi/WPBP43pZhbQ/hqdefault.jpg","width":480,"height":360},"default":{"url":"https://i.ytimg.com/vi/WPBP43pZhbQ/default.jpg","width":120,"height":90}},"url":"https://www.youtube.com/watch?v=WPBP43pZhbQ","searchQuery":"","pageNumber":""},{"videoId":"axyix32nE0Y","name":"Golden Girl","title":"Golden Girl","description":"Hunjoni part 2~সোণজনী || New Assamese short film by Unique Entertainment || Bikash bailung ⚫️STORY/SCRIPT: BIKASH ...","channelTitle":"Assamese short Film","channelId":"UCrjgNXQ4o54mlWewTpkeyyg","publishedAt":"2025-10-16T12:30:15","thumbnails":{"medium":{"url":"https://i.ytimg.com/vi/axyix32nE0Y/mqdefault.jpg","width":320,"height":180},"high":{"url":"https://i.ytimg.com/vi/axyix32nE0Y/hqdefault.jpg","width":480,"height":360},"default":{"url":"https://i.ytimg.com/vi/axyix32nE0Y/default.jpg","width":120,"height":90}},"url":"https://www.youtube.com/watch?v=axyix32nE0Y","searchQuery":"","pageNumber":""},{"videoId":"d8KQ2rzUns4","name":"The Pedestrian","title":"The Pedestrian","description":"Pothochari ( পথচারী ) | Bengali Short Film | Arunava D | Rituja D | Bangla Natok | RD Epic Frames \"Pothochari\" follows ...","channelTitle":"Rituja Dholey Official","channelId":"UCJOPkAMrWxMFFopgmA5_OUQ","publishedAt":"2025-01-02T06:30:06","thumbnails":{"medium":{"url":"https://i.ytimg.com/vi/d8KQ2rzUns4/mqdefault.jpg","width":320,"height":180},"high":{"url":"https://i.ytimg.com/vi/d8KQ2rzUns4/hqdefault.jpg","width":480,"height":360},"default":{"url":"https://i.ytimg.com/vi/d8KQ2rzUns4/default.jpg","width":120,"height":90}},"url":"https://www.youtube.com/watch?v=d8KQ2rzUns4","searchQuery":"","pageNumber":""},{"videoId":"8NmVcPYy9-A","name":"Sweet Love","title":"Sweet Love","description":"Quick to start, easy to use - trade on Binomo and earn up to ₹5000 per day: https://binomo.click/theteamoflol Free tutorials, fast ...","channelTitle":"The Team Of LoL","channelId":"UCThMb1nPUbESDki-nbICIDQ","publishedAt":"2025-04-28T14:23:16","thumbnails":{"medium":{"url":"https://i.ytimg.com/vi/8NmVcPYy9-A/mqdefault.jpg","width":320,"height":180},"high":{"url":"https://i.ytimg.com/vi/8NmVcPYy9-A/hqdefault.jpg","width":480,"height":360},"default":{"url":"https://i.ytimg.com/vi/8NmVcPYy9-A/default.jpg","width":120,"height":90}},"url":"https://www.youtube.com/watch?v=8NmVcPYy9-A","searchQuery":"","pageNumber":""},{"videoId":"gSFEMlk6E2A","name":"Love Story 2022 ","title":"Love Story 2022 ","description":"CINEBIRDS presents - \" BLIND 👁️ \" - Short Film Film Credits : Directed By - Nirjon Nahuel Shot By - Kausarthemaker Story ...","channelTitle":"CINEBIRDS","channelId":"UCWu7TI3xY5pXs33lailPzEQ","publishedAt":"2022-01-28T10:00:13","thumbnails":{"medium":{"url":"https://i.ytimg.com/vi/gSFEMlk6E2A/mqdefault.jpg","width":320,"height":180},"high":{"url":"https://i.ytimg.com/vi/gSFEMlk6E2A/hqdefault.jpg","width":480,"height":360},"default":{"url":"https://i.ytimg.com/vi/gSFEMlk6E2A/default.jpg","width":120,"height":90}},"url":"https://www.youtube.com/watch?v=gSFEMlk6E2A","searchQuery":"","pageNumber":""},{"videoId":"XERaFubOh-0","name":"The Zoom Studios","title":"The Zoom Studios","description":"After many years, Priyanshu and Anshul old schoolmates bump into each other in Shillong. Nazara hai, gaana hai aur hain bohott ...","channelTitle":"The Zoom Studios","channelId":"UCsgWoBLs-ykdP8QiBzvXRag","publishedAt":"2022-05-11T06:33:51","thumbnails":{"medium":{"url":"https://i.ytimg.com/vi/XERaFubOh-0/mqdefault.jpg","width":320,"height":180},"high":{"url":"https://i.ytimg.com/vi/XERaFubOh-0/hqdefault.jpg","width":480,"height":360},"default":{"url":"https://i.ytimg.com/vi/XERaFubOh-0/default.jpg","width":120,"height":90}},"url":"https://www.youtube.com/watch?v=XERaFubOh-0","searchQuery":"","pageNumber":""},{"videoId":"2JR_0a3schw","name":"When You Propose to Your School Crush","title":"When You Propose to Your School Crush","description":"Proposing to your school crush is a mix of excitement and nerves. Your heart races as you finally share your feelings, hoping they ...","channelTitle":"BINGE! ","channelId":"UC29-r7SdeuG3Peh54MEADWA","publishedAt":"2024-09-29T08:34:43","thumbnails":{"medium":{"url":"https://i.ytimg.com/vi/2JR_0a3schw/mqdefault.jpg","width":320,"height":180},"high":{"url":"https://i.ytimg.com/vi/2JR_0a3schw/hqdefault.jpg","width":480,"height":360},"default":{"url":"https://i.ytimg.com/vi/2JR_0a3schw/default.jpg","width":120,"height":90}},"url":"https://www.youtube.com/watch?v=2JR_0a3schw","searchQuery":"","pageNumber":""},{"videoId":"R4P0LQSJ32g","name":"Alright Couple Series ","title":"Alright Couple Series ","description":"Watch best of Alright's romantic web series - School Love Story episode 1 starring Abhishek Kapoor and Mugdha Agarwal.","channelTitle":"BINGE! ","channelId":"UC29-r7SdeuG3Peh54MEADWA","publishedAt":"2024-07-12T10:16:04","thumbnails":{"medium":{"url":"https://i.ytimg.com/vi/R4P0LQSJ32g/mqdefault.jpg","width":320,"height":180},"high":{"url":"https://i.ytimg.com/vi/R4P0LQSJ32g/hqdefault.jpg","width":480,"height":360},"default":{"url":"https://i.ytimg.com/vi/R4P0LQSJ32g/default.jpg","width":120,"height":90}},"url":"https://www.youtube.com/watch?v=R4P0LQSJ32g","searchQuery":"","pageNumber":""},{"videoId":"5fknTY6dkU0","name":"10th Class Diaries ","title":"10th Class Diaries ","description":"10thClassDiaries #talltalezproductions #LoveStory #tejaswshinirathod #mokshamonika Our other projects: Dil Patang ...","channelTitle":"Tall Talez Productions","channelId":"UCALS86JvgVmWRQtbSyonEoA","publishedAt":"2024-11-15T15:34:27","thumbnails":{"medium":{"url":"https://i.ytimg.com/vi/5fknTY6dkU0/mqdefault.jpg","width":320,"height":180},"high":{"url":"https://i.ytimg.com/vi/5fknTY6dkU0/hqdefault.jpg","width":480,"height":360},"default":{"url":"https://i.ytimg.com/vi/5fknTY6dkU0/default.jpg","width":120,"height":90}},"url":"https://www.youtube.com/watch?v=5fknTY6dkU0","searchQuery":"","pageNumber":""},{"videoId":"QBDrvbTeHac","name":"My School Love","title":"My School Love","description":"Watch:- My School Love Story Full Movie | Neeraj Bandari | Ananya Jinka | Telugu Movies | Infinitum Media My School Love Story ...","channelTitle":"Dora Sai Teja","channelId":"UC9cpaBjhse6B76HP_gn4Rew","publishedAt":"2024-10-31T11:30:21","thumbnails":{"medium":{"url":"https://i.ytimg.com/vi/QBDrvbTeHac/mqdefault.jpg","width":320,"height":180},"high":{"url":"https://i.ytimg.com/vi/QBDrvbTeHac/hqdefault.jpg","width":480,"height":360},"default":{"url":"https://i.ytimg.com/vi/QBDrvbTeHac/default.jpg","width":120,"height":90}},"url":"https://www.youtube.com/watch?v=QBDrvbTeHac","searchQuery":"","pageNumber":""},{"videoId":"nAgjWGDBRuQ","name":"Reborn to Tame the CEO","title":"Reborn to Tame the CEO","description":"After Rebirth, Dangerous   CEO Madly Obsessed with Innocent Girl but She turned him into Caring Lover 30 years old Gentle ...","channelTitle":"Sick 4 Drama","channelId":"UCwV8cCjK3Z1Yv3QbIpdvNRg","publishedAt":"2025-11-10T05:41:04","thumbnails":{"medium":{"url":"https://i.ytimg.com/vi/nAgjWGDBRuQ/mqdefault.jpg","width":320,"height":180},"high":{"url":"https://i.ytimg.com/vi/nAgjWGDBRuQ/hqdefault.jpg","width":480,"height":360},"default":{"url":"https://i.ytimg.com/vi/nAgjWGDBRuQ/default.jpg","width":120,"height":90}},"url":"https://www.youtube.com/watch?v=nAgjWGDBRuQ","searchQuery":"","pageNumber":""},{"videoId":"9Go64J0ScgQ","name":"18 years old Cute","title":"18 years old Cute","description":"Dangerous MAFIA CEO UNCLE Obsessed with Cute Little Girl | New Korean Chinese drama Most Dangerous Mafia ...","channelTitle":"Sick 4 Drama","channelId":"UCwV8cCjK3Z1Yv3QbIpdvNRg","publishedAt":"2025-10-08T05:41:00","thumbnails":{"medium":{"url":"https://i.ytimg.com/vi/9Go64J0ScgQ/mqdefault.jpg","width":320,"height":180},"high":{"url":"https://i.ytimg.com/vi/9Go64J0ScgQ/hqdefault.jpg","width":480,"height":360},"default":{"url":"https://i.ytimg.com/vi/9Go64J0ScgQ/default.jpg","width":120,"height":90}},"url":"https://www.youtube.com/watch?v=9Go64J0ScgQ","searchQuery":"","pageNumber":""},{"videoId":"GsOFslnX708","name":"Undying Love Story","title":"Undying Love Story","description":"https://www.youtube.com/watch?v=6oISPxCAdhI&list=PLvRtEF4PzNn9ZAJEf_F4EKEyNyIUCKNaU - Watch #fullepisodes of ...","channelTitle":"Zing","channelId":"UC1BpLo2iuRGken9ow0YjHlQ","publishedAt":"2019-09-18T06:13:41","thumbnails":{"medium":{"url":"https://i.ytimg.com/vi/GsOFslnX708/mqdefault.jpg","width":320,"height":180},"high":{"url":"https://i.ytimg.com/vi/GsOFslnX708/hqdefault.jpg","width":480,"height":360},"default":{"url":"https://i.ytimg.com/vi/GsOFslnX708/default.jpg","width":120,"height":90}},"url":"https://www.youtube.com/watch?v=GsOFslnX708","searchQuery":"","pageNumber":""}]