[{"videoId":"O3A7DcU7w3s","name":"The Last Date","title":"The Last Date","description":"क्या ये प्यार था... या एक जुनूनी खतरनाक खेल? Kapil और Riya की अधूरी मोहब्बत ...","channelTitle":"The Little Cinema Company","channelId":"UCqKkoCQ1cErPIa1yxYaHLyA","publishedAt":"2025-04-19T11:32:48","thumbnails":{"medium":{"url":"https://i.ytimg.com/vi/O3A7DcU7w3s/mqdefault.jpg","width":320,"height":180},"high":{"url":"https://i.ytimg.com/vi/O3A7DcU7w3s/hqdefault.jpg","width":480,"height":360},"default":{"url":"https://i.ytimg.com/vi/O3A7DcU7w3s/default.jpg","width":120,"height":90}},"url":"https://www.youtube.com/watch?v=O3A7DcU7w3s","searchQuery":"","pageNumber":""},{"videoId":"yK0rpbE1lIM","name":"Double Crossed","title":"Double Crossed","description":"Double Crossed: A Heist Gone Wrong | Full Hindi Short Film | Crime Thriller | FilmTown | JoinFilms A high-stakes heist. A deadly ...","channelTitle":"Film Town","channelId":"UCZeVXaldvyE7KIAj5IJ5oFA","publishedAt":"2025-03-03T12:32:19","thumbnails":{"medium":{"url":"https://i.ytimg.com/vi/yK0rpbE1lIM/mqdefault.jpg","width":320,"height":180},"high":{"url":"https://i.ytimg.com/vi/yK0rpbE1lIM/hqdefault.jpg","width":480,"height":360},"default":{"url":"https://i.ytimg.com/vi/yK0rpbE1lIM/default.jpg","width":120,"height":90}},"url":"https://www.youtube.com/watch?v=yK0rpbE1lIM","searchQuery":"","pageNumber":""},{"videoId":"X69yLmvRBfU","name":"Shunyata","title":"Shunyata","description":"Shunyata is an intense #shortfilm that dives deep into the life of a gangster, brought to life by the legendary #JackieShroff. In this ...","channelTitle":"Royal Stag Barrel Select Shorts","channelId":"UCKdX5TtJb6urNG1xEcDOeuQ","publishedAt":"2017-08-04T13:13:48","thumbnails":{"medium":{"url":"https://i.ytimg.com/vi/X69yLmvRBfU/mqdefault.jpg","width":320,"height":180},"high":{"url":"https://i.ytimg.com/vi/X69yLmvRBfU/hqdefault.jpg","width":480,"height":360},"default":{"url":"https://i.ytimg.com/vi/X69yLmvRBfU/default.jpg","width":120,"height":90}},"url":"https://www.youtube.com/watch?v=X69yLmvRBfU","searchQuery":"","pageNumber":""},{"videoId":"URhQjyTzhDc","name":"Parindey","title":"Parindey","description":"Parindey – Episode 1 | Watch Now Date: June 28 | Time: 5:00 PM IST Only on The Little Cinema Company's YouTube Channel ...","channelTitle":"The Little Cinema Company","channelId":"UCqKkoCQ1cErPIa1yxYaHLyA","publishedAt":"2025-06-28T13:59:26","thumbnails":{"medium":{"url":"https://i.ytimg.com/vi/URhQjyTzhDc/mqdefault.jpg","width":320,"height":180},"high":{"url":"https://i.ytimg.com/vi/URhQjyTzhDc/hqdefault.jpg","width":480,"height":360},"default":{"url":"https://i.ytimg.com/vi/URhQjyTzhDc/default.jpg","width":120,"height":90}},"url":"https://www.youtube.com/watch?v=URhQjyTzhDc","searchQuery":"","pageNumber":""},{"videoId":"jr6hcfUy71g","name":"बातों का जादू","title":"बातों का जादू","description":"Set in a quaint town in Maharashtra - Palghar. We follow Jeet, a young documentary filmmaker as he spends the day with Mrs.","channelTitle":"Madmidaas Films","channelId":"UC2D-xdwyj-xKkYEne9Xqe5w","publishedAt":"2019-12-29T07:26:51","thumbnails":{"medium":{"url":"https://i.ytimg.com/vi/jr6hcfUy71g/mqdefault.jpg","width":320,"height":180},"high":{"url":"https://i.ytimg.com/vi/jr6hcfUy71g/hqdefault.jpg","width":480,"height":360},"default":{"url":"https://i.ytimg.com/vi/jr6hcfUy71g/default.jpg","width":120,"height":90}},"url":"https://www.youtube.com/watch?v=jr6hcfUy71g","searchQuery":"","pageNumber":""},{"videoId":"gWuc01odGOQ","name":"Gulabo Rani ","title":"Gulabo Rani ","description":"Gulabo Rani is an Internationally acclaimed short film about a young boy, Akhtar, is accepted into a 150 year old university and ...","channelTitle":"Eastern Terrestrial Studios","channelId":"UCw7mV7m2IaRz4gYah8nlGoA","publishedAt":"2023-03-20T14:00:09","thumbnails":{"medium":{"url":"https://i.ytimg.com/vi/gWuc01odGOQ/mqdefault.jpg","width":320,"height":180},"high":{"url":"https://i.ytimg.com/vi/gWuc01odGOQ/hqdefault.jpg","width":480,"height":360},"default":{"url":"https://i.ytimg.com/vi/gWuc01odGOQ/default.jpg","width":120,"height":90}},"url":"https://www.youtube.com/watch?v=gWuc01odGOQ","searchQuery":"","pageNumber":""},{"videoId":"SEqAqrLpRHg","name":"Slut","title":"Slut","description":"Subscribe and enjoy more horror on SCREAMFEST https://bit.ly/2MYvdFt Maddy is 16 years old. She lives alone with her sick ...","channelTitle":"Screamfest","channelId":"UCXLfJIEp91L-fD0gP131IaQ","publishedAt":"2017-07-13T17:22:56","thumbnails":{"medium":{"url":"https://i.ytimg.com/vi/SEqAqrLpRHg/mqdefault.jpg","width":320,"height":180},"high":{"url":"https://i.ytimg.com/vi/SEqAqrLpRHg/hqdefault.jpg","width":480,"height":360},"default":{"url":"https://i.ytimg.com/vi/SEqAqrLpRHg/default.jpg","width":120,"height":90}},"url":"https://www.youtube.com/watch?v=SEqAqrLpRHg","searchQuery":"","pageNumber":""},{"videoId":"I1BWnG0QrW0","name":"Chandrabhediya Ep2","title":"Chandrabhediya Ep2","description":"कुछ श्राप समय के साथ मिटते नहीं… वे पीढ़ियों तक शिकार करते हैं।","channelTitle":"Infusion Multimedia Studios","channelId":"UCqFHKieQ-SHr674MrkJOoIg","publishedAt":"2025-10-17T12:30:22","thumbnails":{"medium":{"url":"https://i.ytimg.com/vi/I1BWnG0QrW0/mqdefault.jpg","width":320,"height":180},"high":{"url":"https://i.ytimg.com/vi/I1BWnG0QrW0/hqdefault.jpg","width":480,"height":360},"default":{"url":"https://i.ytimg.com/vi/I1BWnG0QrW0/default.jpg","width":120,"height":90}},"url":"https://www.youtube.com/watch?v=I1BWnG0QrW0","searchQuery":"","pageNumber":""},{"videoId":"MtQffE09TCs","name":"The Fisherwoman","title":"The Fisherwoman","description":"MAANCHORI is a poignant tale that explores the desperation of poverty and the innate goodness in people. it reminds us that ...","channelTitle":"Akshay Arun Films ","channelId":"UCfS28b7EHjNI7IpMd-UEn3g","publishedAt":"2025-05-12T10:17:41","thumbnails":{"medium":{"url":"https://i.ytimg.com/vi/MtQffE09TCs/mqdefault.jpg","width":320,"height":180},"high":{"url":"https://i.ytimg.com/vi/MtQffE09TCs/hqdefault.jpg","width":480,"height":360},"default":{"url":"https://i.ytimg.com/vi/MtQffE09TCs/default.jpg","width":120,"height":90}},"url":"https://www.youtube.com/watch?v=MtQffE09TCs","searchQuery":"","pageNumber":""},{"videoId":"QzyMvHF4YjI","name":"Maya Puthagam","title":"Maya Puthagam","description":"Click here to Subscribe the channel: https://bit.ly/3pXq2Kt Click Here To Watch Full Movie:- ...","channelTitle":"Zee Cinema","channelId":"UCxz2c50dBGCGDbbbZ8LesNQ","publishedAt":"2025-11-10T14:30:06","thumbnails":{"medium":{"url":"https://i.ytimg.com/vi/QzyMvHF4YjI/mqdefault.jpg","width":320,"height":180},"high":{"url":"https://i.ytimg.com/vi/QzyMvHF4YjI/hqdefault.jpg","width":480,"height":360},"default":{"url":"https://i.ytimg.com/vi/QzyMvHF4YjI/default.jpg","width":120,"height":90}},"url":"https://www.youtube.com/watch?v=QzyMvHF4YjI","searchQuery":"","pageNumber":""},{"videoId":"exiQ-gSQWL0","name":"Zero164","title":"Zero164","description":"Download Now - https://play.google.com/store/apps/details?id=in.pocketfilms.app Download Now ...","channelTitle":"Pocket Films","channelId":"UCWnTC8o8AycL6a2eRrKSdBg","publishedAt":"2020-06-06T05:30:02","thumbnails":{"medium":{"url":"https://i.ytimg.com/vi/exiQ-gSQWL0/mqdefault.jpg","width":320,"height":180},"high":{"url":"https://i.ytimg.com/vi/exiQ-gSQWL0/hqdefault.jpg","width":480,"height":360},"default":{"url":"https://i.ytimg.com/vi/exiQ-gSQWL0/default.jpg","width":120,"height":90}},"url":"https://www.youtube.com/watch?v=exiQ-gSQWL0","searchQuery":"","pageNumber":""},{"videoId":"nLqF-JfNKzE","name":"Meeting You","title":"Meeting You","description":"Download Now - https://play.google.com/store/apps/details?id=in.pocketfilms.app Download Now ...","channelTitle":"Pocket Films","channelId":"UCWnTC8o8AycL6a2eRrKSdBg","publishedAt":"2021-12-23T11:30:09","thumbnails":{"medium":{"url":"https://i.ytimg.com/vi/nLqF-JfNKzE/mqdefault.jpg","width":320,"height":180},"high":{"url":"https://i.ytimg.com/vi/nLqF-JfNKzE/hqdefault.jpg","width":480,"height":360},"default":{"url":"https://i.ytimg.com/vi/nLqF-JfNKzE/default.jpg","width":120,"height":90}},"url":"https://www.youtube.com/watch?v=nLqF-JfNKzE","searchQuery":"","pageNumber":""},{"videoId":"_3mhfMw7CZI","name":" Contact (1997) ","title":" Contact (1997) ","description":"Contact (1997) Movie Explained in Hindi/Urdu. Contact is Sci-fi, Mystery, Thriller Hollywood movie released in year 1997.","channelTitle":"Shortflix","channelId":"UC62BPvyM5VCOwKAPVEEKgvw","publishedAt":"2025-04-17T14:00:51","thumbnails":{"medium":{"url":"https://i.ytimg.com/vi/_3mhfMw7CZI/mqdefault.jpg","width":320,"height":180},"high":{"url":"https://i.ytimg.com/vi/_3mhfMw7CZI/hqdefault.jpg","width":480,"height":360},"default":{"url":"https://i.ytimg.com/vi/_3mhfMw7CZI/default.jpg","width":120,"height":90}},"url":"https://www.youtube.com/watch?v=_3mhfMw7CZI","searchQuery":"","pageNumber":""},{"videoId":"q9kqm18yG5w","name":"Mindhunters (2004) ","title":"Mindhunters (2004) ","description":"Mindhunters movie explained in Hindi/Urdu. Mindhunters is Horror, Suspense, Mystery Hollywood movie released in year 2004.","channelTitle":"Shortflix","channelId":"UC62BPvyM5VCOwKAPVEEKgvw","publishedAt":"2024-09-14T13:00:32","thumbnails":{"medium":{"url":"https://i.ytimg.com/vi/q9kqm18yG5w/mqdefault.jpg","width":320,"height":180},"high":{"url":"https://i.ytimg.com/vi/q9kqm18yG5w/hqdefault.jpg","width":480,"height":360},"default":{"url":"https://i.ytimg.com/vi/q9kqm18yG5w/default.jpg","width":120,"height":90}},"url":"https://www.youtube.com/watch?v=q9kqm18yG5w","searchQuery":"","pageNumber":""},{"videoId":"4Z5RlXYz3DE","name":"Will-O-The-Wissp","title":"Will-O-The-Wissp","description":"This murder mystery is about a case in which court judgment is still pending due to unavailability of evidence and mysterious ...","channelTitle":"Six Sigma Films","channelId":"UCpmlqW9RIQPqdwh-u0jNPiw","publishedAt":"2021-01-05T06:17:58","thumbnails":{"medium":{"url":"https://i.ytimg.com/vi/4Z5RlXYz3DE/mqdefault.jpg","width":320,"height":180},"high":{"url":"https://i.ytimg.com/vi/4Z5RlXYz3DE/hqdefault.jpg","width":480,"height":360},"default":{"url":"https://i.ytimg.com/vi/4Z5RlXYz3DE/default.jpg","width":120,"height":90}},"url":"https://www.youtube.com/watch?v=4Z5RlXYz3DE","searchQuery":"","pageNumber":""},{"videoId":"U4BNhtZOk9w","name":"The Curse of the Dark One","title":"The Curse of the Dark One","description":"Plot: Four university students summon an ancient spirit from a different dimension with a liturgical notebook they found. They will ...","channelTitle":"Octifox Horror Movie Time","channelId":"UC2t09LxeJaERepwLdogT7UA","publishedAt":"2025-11-14T04:23:05","thumbnails":{"medium":{"url":"https://i.ytimg.com/vi/U4BNhtZOk9w/mqdefault.jpg","width":320,"height":180},"high":{"url":"https://i.ytimg.com/vi/U4BNhtZOk9w/hqdefault.jpg","width":480,"height":360},"default":{"url":"https://i.ytimg.com/vi/U4BNhtZOk9w/default.jpg","width":120,"height":90}},"url":"https://www.youtube.com/watch?v=U4BNhtZOk9w","searchQuery":"","pageNumber":""},{"videoId":"0K6Ntbfja5M","name":"One day in a Bollywood star's life","title":"One day in a Bollywood star's life","description":"Download Now - https://play.google.com/store/apps/details?id=in.pocketfilms.app Download Now ...","channelTitle":"Pocket Films","channelId":"UCWnTC8o8AycL6a2eRrKSdBg","publishedAt":"2020-02-25T03:38:33","thumbnails":{"medium":{"url":"https://i.ytimg.com/vi/0K6Ntbfja5M/mqdefault.jpg","width":320,"height":180},"high":{"url":"https://i.ytimg.com/vi/0K6Ntbfja5M/hqdefault.jpg","width":480,"height":360},"default":{"url":"https://i.ytimg.com/vi/0K6Ntbfja5M/default.jpg","width":120,"height":90}},"url":"https://www.youtube.com/watch?v=0K6Ntbfja5M","searchQuery":"","pageNumber":""},{"videoId":"5ZlUscgb2VA","name":"Horror Mystery Thriller","title":"Horror Mystery Thriller","description":"1408 movie explained in hindi/urdu. 1408 is Horror, Mystery, thriller film released in year 2007. I explained movies in hindi like ...","channelTitle":"Shortflix","channelId":"UC62BPvyM5VCOwKAPVEEKgvw","publishedAt":"2024-11-20T13:30:04","thumbnails":{"medium":{"url":"https://i.ytimg.com/vi/5ZlUscgb2VA/mqdefault.jpg","width":320,"height":180},"high":{"url":"https://i.ytimg.com/vi/5ZlUscgb2VA/hqdefault.jpg","width":480,"height":360},"default":{"url":"https://i.ytimg.com/vi/5ZlUscgb2VA/default.jpg","width":120,"height":90}},"url":"https://www.youtube.com/watch?v=5ZlUscgb2VA","searchQuery":"","pageNumber":""},{"videoId":"4sHNTjGR9u4","name":"Darshan Kumaar","title":"Darshan Kumaar","description":"Subscribe To Watch Best Hindi Full Movies - https://bit.ly/3SWko4F #indiancinemalegends Watch NH10 (Full Movie) starring ...","channelTitle":"Mzaalo Big Picture","channelId":"UCCo9xACnSNwW1m6zjJkzSgQ","publishedAt":"2025-10-16T13:30:08","thumbnails":{"medium":{"url":"https://i.ytimg.com/vi/4sHNTjGR9u4/mqdefault.jpg","width":320,"height":180},"high":{"url":"https://i.ytimg.com/vi/4sHNTjGR9u4/hqdefault.jpg","width":480,"height":360},"default":{"url":"https://i.ytimg.com/vi/4sHNTjGR9u4/default.jpg","width":120,"height":90}},"url":"https://www.youtube.com/watch?v=4sHNTjGR9u4","searchQuery":"","pageNumber":""},{"videoId":"UXHpqVTMyjA","name":"Damaged","title":"Damaged","description":"Damaged Full Movie | Todays Episode | LEAKED Hina Khan | Hungama OTT | Latest Hindi Web Series 2025 Watch the latest ...","channelTitle":"Hungama OTT","channelId":"UCZ1FdDVpzknsQSV7hMfSNcw","publishedAt":"2025-11-07T13:30:35","thumbnails":{"medium":{"url":"https://i.ytimg.com/vi/UXHpqVTMyjA/mqdefault.jpg","width":320,"height":180},"high":{"url":"https://i.ytimg.com/vi/UXHpqVTMyjA/hqdefault.jpg","width":480,"height":360},"default":{"url":"https://i.ytimg.com/vi/UXHpqVTMyjA/default.jpg","width":120,"height":90}},"url":"https://www.youtube.com/watch?v=UXHpqVTMyjA","searchQuery":"","pageNumber":""},{"videoId":"Fj2tJK0ySfM","name":"A Rainy Night ","title":"A Rainy Night ","description":"On this terribly rainy night, Rain Host Shikha welcomes an apparent stranger, Rohan, into her home. As soon as the two of them ...","channelTitle":"CineShorts Premiere","channelId":"UCmXl_L-MmCUnmp3grg65YhA","publishedAt":"2023-03-01T12:30:17","thumbnails":{"medium":{"url":"https://i.ytimg.com/vi/Fj2tJK0ySfM/mqdefault.jpg","width":320,"height":180},"high":{"url":"https://i.ytimg.com/vi/Fj2tJK0ySfM/hqdefault.jpg","width":480,"height":360},"default":{"url":"https://i.ytimg.com/vi/Fj2tJK0ySfM/default.jpg","width":120,"height":90}},"url":"https://www.youtube.com/watch?v=Fj2tJK0ySfM","searchQuery":"","pageNumber":""},{"videoId":"W6M75xmRc5Y","name":"Parindey – Pehla Padaav ","title":"Parindey – Pehla Padaav ","description":"The journey begins… Witness the full episode of Parindey – Pehla Padaav, where secrets, lies, and suspense intertwine.","channelTitle":"The Little Cinema Company","channelId":"UCqKkoCQ1cErPIa1yxYaHLyA","publishedAt":"2025-08-16T11:30:06","thumbnails":{"medium":{"url":"https://i.ytimg.com/vi/W6M75xmRc5Y/mqdefault.jpg","width":320,"height":180},"high":{"url":"https://i.ytimg.com/vi/W6M75xmRc5Y/hqdefault.jpg","width":480,"height":360},"default":{"url":"https://i.ytimg.com/vi/W6M75xmRc5Y/default.jpg","width":120,"height":90}},"url":"https://www.youtube.com/watch?v=W6M75xmRc5Y","searchQuery":"","pageNumber":""},{"videoId":"RoUkvIlcrmI","name":"Magic Spell","title":"Magic Spell","description":"Movie : Fisher King (Maguva Majaka) Star Cast : Madhu Priya, Ravindra Narayan etc... Producer : Jitender Gulati Plot: A woman is ...","channelTitle":"Budha Subba Shorts Video","channelId":"UCudizMyeN9fkMRPAOgVs9yg","publishedAt":"2025-04-26T10:09:44","thumbnails":{"medium":{"url":"https://i.ytimg.com/vi/RoUkvIlcrmI/mqdefault.jpg","width":320,"height":180},"high":{"url":"https://i.ytimg.com/vi/RoUkvIlcrmI/hqdefault.jpg","width":480,"height":360},"default":{"url":"https://i.ytimg.com/vi/RoUkvIlcrmI/default.jpg","width":120,"height":90}},"url":"https://www.youtube.com/watch?v=RoUkvIlcrmI","searchQuery":"","pageNumber":""},{"videoId":"kKQx_rR4MAQ","name":"Disconnected","title":"Disconnected","description":"Dive into the world of “#Disconnected,” a compelling #shortfilm directed by Suhail Tatari, brought to you by ...","channelTitle":"Royal Stag Barrel Select Shorts","channelId":"UCKdX5TtJb6urNG1xEcDOeuQ","publishedAt":"2020-11-04T09:30:12","thumbnails":{"medium":{"url":"https://i.ytimg.com/vi/kKQx_rR4MAQ/mqdefault.jpg","width":320,"height":180},"high":{"url":"https://i.ytimg.com/vi/kKQx_rR4MAQ/hqdefault.jpg","width":480,"height":360},"default":{"url":"https://i.ytimg.com/vi/kKQx_rR4MAQ/default.jpg","width":120,"height":90}},"url":"https://www.youtube.com/watch?v=kKQx_rR4MAQ","searchQuery":"","pageNumber":""},{"videoId":"FZ-gGfjE4jw","name":"The Warriorr","title":"The Warriorr","description":"Vikram, a police officer, is investigating robberies in a jewelery shop and a bank, which seem like an inside job until he realizes ...","channelTitle":"Goldmines","channelId":"UCyoXW-Dse7fURq30EWl_CUA","publishedAt":"2021-04-08T07:30:00","thumbnails":{"medium":{"url":"https://i.ytimg.com/vi/FZ-gGfjE4jw/mqdefault.jpg","width":320,"height":180},"high":{"url":"https://i.ytimg.com/vi/FZ-gGfjE4jw/hqdefault.jpg","width":480,"height":360},"default":{"url":"https://i.ytimg.com/vi/FZ-gGfjE4jw/default.jpg","width":120,"height":90}},"url":"https://www.youtube.com/watch?v=FZ-gGfjE4jw","searchQuery":"","pageNumber":""},{"videoId":"jAn35E0szTQ","name":"Vikrama","title":"Vikrama","description":"Welcome to our YouTube channel, WOW ShortFilms. Watch the most original and inspiring short films.","channelTitle":"WOW Short Films","channelId":"UCYK9lHbsWBmtpbKO4D5X7gQ","publishedAt":"2025-11-01T14:01:25","thumbnails":{"medium":{"url":"https://i.ytimg.com/vi/jAn35E0szTQ/mqdefault.jpg","width":320,"height":180},"high":{"url":"https://i.ytimg.com/vi/jAn35E0szTQ/hqdefault.jpg","width":480,"height":360},"default":{"url":"https://i.ytimg.com/vi/jAn35E0szTQ/default.jpg","width":120,"height":90}},"url":"https://www.youtube.com/watch?v=jAn35E0szTQ","searchQuery":"","pageNumber":""},{"videoId":"0aRkl56Fbx8","name":"The Cobra","title":"The Cobra","description":"Welcome to our YouTube channel, WOW ShortFilms. Watch the most original and inspiring short films.","channelTitle":"WOW Short Films","channelId":"UCYK9lHbsWBmtpbKO4D5X7gQ","publishedAt":"2025-11-03T14:08:22","thumbnails":{"medium":{"url":"https://i.ytimg.com/vi/0aRkl56Fbx8/mqdefault.jpg","width":320,"height":180},"high":{"url":"https://i.ytimg.com/vi/0aRkl56Fbx8/hqdefault.jpg","width":480,"height":360},"default":{"url":"https://i.ytimg.com/vi/0aRkl56Fbx8/default.jpg","width":120,"height":90}},"url":"https://www.youtube.com/watch?v=0aRkl56Fbx8","searchQuery":"","pageNumber":""},{"videoId":"6xWAh_06aH4","name":"HAUNTED CABIN ","title":"HAUNTED CABIN ","description":"Haunted Cabin” – The Ultimate Haunted House Horror Anthology | Full Horror Movie 2025 Step inside The Horror Anthology of ...","channelTitle":"Jiya Kapur Films","channelId":"UCtR2ZYNAwcaOUzOVS-N99CA","publishedAt":"2025-11-16T16:52:23","thumbnails":{"medium":{"url":"https://i.ytimg.com/vi/6xWAh_06aH4/mqdefault.jpg","width":320,"height":180},"high":{"url":"https://i.ytimg.com/vi/6xWAh_06aH4/hqdefault.jpg","width":480,"height":360},"default":{"url":"https://i.ytimg.com/vi/6xWAh_06aH4/default.jpg","width":120,"height":90}},"url":"https://www.youtube.com/watch?v=6xWAh_06aH4","searchQuery":"","pageNumber":""},{"videoId":"6PyQQEdSqpw","name":"Pizza Boys Part- 2","title":"Pizza Boys Part- 2","description":"The story is now reached to an interesting situation with crime drama thriller. The entire situation depends on Rajiv's survival.","channelTitle":"Jollywood Films","channelId":"UCoPdFeaRw3rPUJJg8pURD-Q","publishedAt":"2017-08-28T11:30:01","thumbnails":{"medium":{"url":"https://i.ytimg.com/vi/6PyQQEdSqpw/mqdefault.jpg","width":320,"height":180},"high":{"url":"https://i.ytimg.com/vi/6PyQQEdSqpw/hqdefault.jpg","width":480,"height":360},"default":{"url":"https://i.ytimg.com/vi/6PyQQEdSqpw/default.jpg","width":120,"height":90}},"url":"https://www.youtube.com/watch?v=6PyQQEdSqpw","searchQuery":"","pageNumber":""},{"videoId":"BO9jRBQIQ1A","name":"LIE Hindi Dubbed Action ","title":"LIE Hindi Dubbed Action ","description":"Here's presenting \"LIE\", the Hindi Dubbed Version of the latest Telugu BLOCKBUSTER Film \"LIE\", starring Nithin, Arjun Sarja, ...","channelTitle":"RKD Studios","channelId":"UCjBwQ6M9QyCgO5Pp-TQRFUA","publishedAt":"2023-08-24T13:30:04","thumbnails":{"medium":{"url":"https://i.ytimg.com/vi/BO9jRBQIQ1A/mqdefault.jpg","width":320,"height":180},"high":{"url":"https://i.ytimg.com/vi/BO9jRBQIQ1A/hqdefault.jpg","width":480,"height":360},"default":{"url":"https://i.ytimg.com/vi/BO9jRBQIQ1A/default.jpg","width":120,"height":90}},"url":"https://www.youtube.com/watch?v=BO9jRBQIQ1A","searchQuery":"","pageNumber":""},{"videoId":"6olmUpDMLnQ","name":"Nail Polish","title":"Nail Polish","description":"Nail Polish is a Hindi ZEE5 Original courtroom thriller film starring Arjun Rampal, Manav Kaul, Anand Tiwari, Madhoo, and Rajit ...","channelTitle":"Zee Cinema","channelId":"UCxz2c50dBGCGDbbbZ8LesNQ","publishedAt":"2023-08-20T15:30:01","thumbnails":{"medium":{"url":"https://i.ytimg.com/vi/6olmUpDMLnQ/mqdefault.jpg","width":320,"height":180},"high":{"url":"https://i.ytimg.com/vi/6olmUpDMLnQ/hqdefault.jpg","width":480,"height":360},"default":{"url":"https://i.ytimg.com/vi/6olmUpDMLnQ/default.jpg","width":120,"height":90}},"url":"https://www.youtube.com/watch?v=6olmUpDMLnQ","searchQuery":"","pageNumber":""},{"videoId":"kZuJxqw6OJU","name":"","title":"","description":"Subscribe To Watch Best Hindi Full Movies - https://bit.ly/3dx5OR4 Mehak - a talented artist, a victim of assault, and agoraphobic ...","channelTitle":"Mzaalo Showtime","channelId":"UCF2KsJriYzifyuNYnQppUGw","publishedAt":"2022-10-14T14:30:20","thumbnails":{"medium":{"url":"https://i.ytimg.com/vi/kZuJxqw6OJU/mqdefault.jpg","width":320,"height":180},"high":{"url":"https://i.ytimg.com/vi/kZuJxqw6OJU/hqdefault.jpg","width":480,"height":360},"default":{"url":"https://i.ytimg.com/vi/kZuJxqw6OJU/default.jpg","width":120,"height":90}},"url":"https://www.youtube.com/watch?v=kZuJxqw6OJU","searchQuery":"","pageNumber":""},{"videoId":"QTwMF68cLR8","name":"","title":"","description":"Welcome to Shree International! Watch the thrilling Hindi-dubbed action movie \"Operation Ravaan\" in full HD! Get ready for ...","channelTitle":"Shree International","channelId":"UCCybhFQq_cSGhRuY3i97I3w","publishedAt":"2025-03-08T13:00:06","thumbnails":{"medium":{"url":"https://i.ytimg.com/vi/QTwMF68cLR8/mqdefault.jpg","width":320,"height":180},"high":{"url":"https://i.ytimg.com/vi/QTwMF68cLR8/hqdefault.jpg","width":480,"height":360},"default":{"url":"https://i.ytimg.com/vi/QTwMF68cLR8/default.jpg","width":120,"height":90}},"url":"https://www.youtube.com/watch?v=QTwMF68cLR8","searchQuery":"","pageNumber":""},{"videoId":"6QgD8vWqme8","name":"The Lovers ","title":"The Lovers ","description":"'#TheLovers' is a gripping #shortfilm that explores the complex emotions of love, hate, and revenge. Directed by #PreetiSingh, the ...","channelTitle":"Royal Stag Barrel Select Shorts","channelId":"UCKdX5TtJb6urNG1xEcDOeuQ","publishedAt":"2020-02-24T15:18:52","thumbnails":{"medium":{"url":"https://i.ytimg.com/vi/6QgD8vWqme8/mqdefault.jpg","width":320,"height":180},"high":{"url":"https://i.ytimg.com/vi/6QgD8vWqme8/hqdefault.jpg","width":480,"height":360},"default":{"url":"https://i.ytimg.com/vi/6QgD8vWqme8/default.jpg","width":120,"height":90}},"url":"https://www.youtube.com/watch?v=6QgD8vWqme8","searchQuery":"","pageNumber":""},{"videoId":"IvppudVakog","name":"Award Winning","title":"Award Winning","description":"Nikhil's quarantine spirals into a mind-bending adventure when a mysterious girl appears at his door. As day turns into night, their ...","channelTitle":"Six Sigma Films","channelId":"UCpmlqW9RIQPqdwh-u0jNPiw","publishedAt":"2024-07-28T06:30:07","thumbnails":{"medium":{"url":"https://i.ytimg.com/vi/IvppudVakog/mqdefault.jpg","width":320,"height":180},"high":{"url":"https://i.ytimg.com/vi/IvppudVakog/hqdefault.jpg","width":480,"height":360},"default":{"url":"https://i.ytimg.com/vi/IvppudVakog/default.jpg","width":120,"height":90}},"url":"https://www.youtube.com/watch?v=IvppudVakog","searchQuery":"","pageNumber":""},{"videoId":"W4yiJwruQqs","name":"Wrighters","title":"Wrighters","description":"This is story of three friends Aanav, Antonio(tony) and Aadhvik who are struggling writers. One day Tony recieves a parcel in ...","channelTitle":"Six Sigma Films","channelId":"UCpmlqW9RIQPqdwh-u0jNPiw","publishedAt":"2019-02-21T14:22:29","thumbnails":{"medium":{"url":"https://i.ytimg.com/vi/W4yiJwruQqs/mqdefault.jpg","width":320,"height":180},"high":{"url":"https://i.ytimg.com/vi/W4yiJwruQqs/hqdefault.jpg","width":480,"height":360},"default":{"url":"https://i.ytimg.com/vi/W4yiJwruQqs/default.jpg","width":120,"height":90}},"url":"https://www.youtube.com/watch?v=W4yiJwruQqs","searchQuery":"","pageNumber":""},{"videoId":"AdtVlUOUmWM","name":"Surya Lover","title":"Surya Lover","description":"Welcome to our YouTube channel, WOW ShortFilms. Watch the most original and inspiring short films.","channelTitle":"WOW Short Films","channelId":"UCYK9lHbsWBmtpbKO4D5X7gQ","publishedAt":"2025-10-22T12:52:54","thumbnails":{"medium":{"url":"https://i.ytimg.com/vi/AdtVlUOUmWM/mqdefault.jpg","width":320,"height":180},"high":{"url":"https://i.ytimg.com/vi/AdtVlUOUmWM/hqdefault.jpg","width":480,"height":360},"default":{"url":"https://i.ytimg.com/vi/AdtVlUOUmWM/default.jpg","width":120,"height":90}},"url":"https://www.youtube.com/watch?v=AdtVlUOUmWM","searchQuery":"","pageNumber":""},{"videoId":"WgJuAsnsZoc","name":"On The See Saw ","title":"On The See Saw ","description":"Richa Malhotra always thought that she built a perfect life until the occasion of her 25th Wedding anniversary. The happy evening ...","channelTitle":"humaramovie","channelId":"UCHre8gfhcLXnUd714oBJfyQ","publishedAt":"2025-07-01T09:00:07","thumbnails":{"medium":{"url":"https://i.ytimg.com/vi/WgJuAsnsZoc/mqdefault.jpg","width":320,"height":180},"high":{"url":"https://i.ytimg.com/vi/WgJuAsnsZoc/hqdefault.jpg","width":480,"height":360},"default":{"url":"https://i.ytimg.com/vi/WgJuAsnsZoc/default.jpg","width":120,"height":90}},"url":"https://www.youtube.com/watch?v=WgJuAsnsZoc","searchQuery":"","pageNumber":""},{"videoId":"Pmc7VLJiPnE","name":"Latest Bollywood ","title":"Latest Bollywood ","description":"Welcome to our YouTube channel, WOW ShortFilms. Watch the most original and inspiring short films.","channelTitle":"WOW Short Films","channelId":"UCYK9lHbsWBmtpbKO4D5X7gQ","publishedAt":"2025-11-05T05:30:23","thumbnails":{"medium":{"url":"https://i.ytimg.com/vi/Pmc7VLJiPnE/mqdefault.jpg","width":320,"height":180},"high":{"url":"https://i.ytimg.com/vi/Pmc7VLJiPnE/hqdefault.jpg","width":480,"height":360},"default":{"url":"https://i.ytimg.com/vi/Pmc7VLJiPnE/default.jpg","width":120,"height":90}},"url":"https://www.youtube.com/watch?v=Pmc7VLJiPnE","searchQuery":"","pageNumber":""},{"videoId":"EUSUluFsLoo","name":"Suriya Commando","title":"Suriya Commando","description":"Welcome to our YouTube channel, WOW ShortFilms. Watch the most original and inspiring short films.","channelTitle":"WOW Short Films","channelId":"UCYK9lHbsWBmtpbKO4D5X7gQ","publishedAt":"2025-10-26T11:02:12","thumbnails":{"medium":{"url":"https://i.ytimg.com/vi/EUSUluFsLoo/mqdefault.jpg","width":320,"height":180},"high":{"url":"https://i.ytimg.com/vi/EUSUluFsLoo/hqdefault.jpg","width":480,"height":360},"default":{"url":"https://i.ytimg.com/vi/EUSUluFsLoo/default.jpg","width":120,"height":90}},"url":"https://www.youtube.com/watch?v=EUSUluFsLoo","searchQuery":"","pageNumber":""},{"videoId":"JJWKuj2oH0Y","name":"Father","title":"Father","description":"Paappan south indian hindi Full movie #thriller #bumpermovie \"Paappan\" (2022) is a Malayalam crime thriller directed by Joshiy.","channelTitle":"4k MOVIE STUDIO ","channelId":"UCPgb1k11-y5vz8wNjMU4gPg","publishedAt":"2025-04-30T16:20:58","thumbnails":{"medium":{"url":"https://i.ytimg.com/vi/JJWKuj2oH0Y/mqdefault.jpg","width":320,"height":180},"high":{"url":"https://i.ytimg.com/vi/JJWKuj2oH0Y/hqdefault.jpg","width":480,"height":360},"default":{"url":"https://i.ytimg.com/vi/JJWKuj2oH0Y/default.jpg","width":120,"height":90}},"url":"https://www.youtube.com/watch?v=JJWKuj2oH0Y","searchQuery":"","pageNumber":""},{"videoId":"2D6kUWe4ASQ","name":"South Superhit","title":"South Superhit","description":"forensic #tovinothomas #mamtamohandas Movie Name- Forensic Starring- Tovino Thomas, Mamta Mohandas, Saiju Kurup, Renji ...","channelTitle":"B4U Movies","channelId":"UCAB29sl-DN4Gq3GL1Cj_OlQ","publishedAt":"2023-07-07T07:36:36","thumbnails":{"medium":{"url":"https://i.ytimg.com/vi/2D6kUWe4ASQ/mqdefault.jpg","width":320,"height":180},"high":{"url":"https://i.ytimg.com/vi/2D6kUWe4ASQ/hqdefault.jpg","width":480,"height":360},"default":{"url":"https://i.ytimg.com/vi/2D6kUWe4ASQ/default.jpg","width":120,"height":90}},"url":"https://www.youtube.com/watch?v=2D6kUWe4ASQ","searchQuery":"","pageNumber":""},{"videoId":"gDQKCgoTHLQ","name":"Pindam 2023 (HD)","title":"Pindam 2023 (HD)","description":"New South Hindi dubbed movie most horror film bhoot ki film New movie 2025 Title: Pindam (2023) Review: Is this the scariest ...","channelTitle":"Sarthak Mods","channelId":"UC83P3YQ6WdaJJSuJzO_ysyg","publishedAt":"2025-09-03T12:21:36","thumbnails":{"medium":{"url":"https://i.ytimg.com/vi/gDQKCgoTHLQ/mqdefault.jpg","width":320,"height":180},"high":{"url":"https://i.ytimg.com/vi/gDQKCgoTHLQ/hqdefault.jpg","width":480,"height":360},"default":{"url":"https://i.ytimg.com/vi/gDQKCgoTHLQ/default.jpg","width":120,"height":90}},"url":"https://www.youtube.com/watch?v=gDQKCgoTHLQ","searchQuery":"","pageNumber":""},{"videoId":"IhQmHGSJNmM","name":"Railway Murder Case -","title":"Railway Murder Case -","description":"Watch the gripping crime thriller — Odela: The First Case (Railway Station) — now streaming in full HD! Dive into the mystery that ...","channelTitle":"Adwise Movieplex","channelId":"UCJZmCyKNhSRPfRbn55N0ivw","publishedAt":"2025-09-07T13:30:24","thumbnails":{"medium":{"url":"https://i.ytimg.com/vi/IhQmHGSJNmM/mqdefault.jpg","width":320,"height":180},"high":{"url":"https://i.ytimg.com/vi/IhQmHGSJNmM/hqdefault.jpg","width":480,"height":360},"default":{"url":"https://i.ytimg.com/vi/IhQmHGSJNmM/default.jpg","width":120,"height":90}},"url":"https://www.youtube.com/watch?v=IhQmHGSJNmM","searchQuery":"","pageNumber":""},{"videoId":"8Bx51brremA","name":"Sundari","title":"Sundari","description":"Watch Sundari Starring Poorna, ArjunAmbati, Sri Sudha Bhimireddy, Rakendu Mouli Music Composed by Suresh Bobbili, ...","channelTitle":"MIX Movies Entertainment","channelId":"UC14vNyspzSHt8t9SQ-MkBrg","publishedAt":"2025-10-26T13:00:26","thumbnails":{"medium":{"url":"https://i.ytimg.com/vi/8Bx51brremA/mqdefault.jpg","width":320,"height":180},"high":{"url":"https://i.ytimg.com/vi/8Bx51brremA/hqdefault.jpg","width":480,"height":360},"default":{"url":"https://i.ytimg.com/vi/8Bx51brremA/default.jpg","width":120,"height":90}},"url":"https://www.youtube.com/watch?v=8Bx51brremA","searchQuery":"","pageNumber":""},{"videoId":"yrGcVuhG5k4","name":"Chakravyuh(चक्रव्यूह)","title":"Chakravyuh(चक्रव्यूह)","description":"Chakravyuh(चक्रव्यूह) | Manoj Bajpayee, Arjun Rampal, Abhay Deol | Superhit Hindi Thriller Movie Adil enlists the ...","channelTitle":"Mzaalo Showtime","channelId":"UCF2KsJriYzifyuNYnQppUGw","publishedAt":"2022-08-12T15:30:12","thumbnails":{"medium":{"url":"https://i.ytimg.com/vi/yrGcVuhG5k4/mqdefault.jpg","width":320,"height":180},"high":{"url":"https://i.ytimg.com/vi/yrGcVuhG5k4/hqdefault.jpg","width":480,"height":360},"default":{"url":"https://i.ytimg.com/vi/yrGcVuhG5k4/default.jpg","width":120,"height":90}},"url":"https://www.youtube.com/watch?v=yrGcVuhG5k4","searchQuery":"","pageNumber":""},{"videoId":"GO8-Aw-arb0","name":"Latest Kannada ","title":"Latest Kannada ","description":"bhavanihdmovies Watch #Hubballi Daba Full Movie. Starring: Naveen Chandra, Divya Pillai, Ananaya Raj, Pooja Gandhi, ...","channelTitle":"BhavaniHD Movies","channelId":"UCgFyj4ZYwFOhaosUvrYne_w","publishedAt":"2025-10-17T10:30:08","thumbnails":{"medium":{"url":"https://i.ytimg.com/vi/GO8-Aw-arb0/mqdefault.jpg","width":320,"height":180},"high":{"url":"https://i.ytimg.com/vi/GO8-Aw-arb0/hqdefault.jpg","width":480,"height":360},"default":{"url":"https://i.ytimg.com/vi/GO8-Aw-arb0/default.jpg","width":120,"height":90}},"url":"https://www.youtube.com/watch?v=GO8-Aw-arb0","searchQuery":"","pageNumber":""},{"videoId":"f00Hs7drKrQ","name":"Kee (HD) ","title":"Kee (HD) ","description":"Siddharth is a hacker who is blessed with a happy family life, which includes his father Ganeshwara Rao and mother Valli.","channelTitle":"Goldmines Premiere","channelId":"UCvUctuMp58UD_kQtcWcNCjw","publishedAt":"2023-09-24T12:30:31","thumbnails":{"medium":{"url":"https://i.ytimg.com/vi/f00Hs7drKrQ/mqdefault.jpg","width":320,"height":180},"high":{"url":"https://i.ytimg.com/vi/f00Hs7drKrQ/hqdefault.jpg","width":480,"height":360},"default":{"url":"https://i.ytimg.com/vi/f00Hs7drKrQ/default.jpg","width":120,"height":90}},"url":"https://www.youtube.com/watch?v=f00Hs7drKrQ","searchQuery":"","pageNumber":""},{"videoId":"BQ3VvFRKELc","name":"The Labyrinth","title":"The Labyrinth","description":"Watch & Enjoy Veekam - The Chakravyuh (4K UHD) Latest Hindi Crime & Thriller Dubbed Full Movie Presented by Sri Balaji ...","channelTitle":"Sri Balaji Hindi Movies","channelId":"UCrOfzpH1sWPu1IqHnVhojKA","publishedAt":"2023-08-25T11:02:29","thumbnails":{"medium":{"url":"https://i.ytimg.com/vi/BQ3VvFRKELc/mqdefault.jpg","width":320,"height":180},"high":{"url":"https://i.ytimg.com/vi/BQ3VvFRKELc/hqdefault.jpg","width":480,"height":360},"default":{"url":"https://i.ytimg.com/vi/BQ3VvFRKELc/default.jpg","width":120,"height":90}},"url":"https://www.youtube.com/watch?v=BQ3VvFRKELc","searchQuery":"","pageNumber":""},{"videoId":"mK4vKAfgeHM","name":"Robbery (2025) ","title":"Robbery (2025) ","description":"New (2025) Released Full Hindi Dubbed Movie New (2025) Released Full Hindi Dubbed Movie South New Movies 2024 South ...","channelTitle":"Plus Action","channelId":"UCflCNzVLlDseP3slhGs_Ekw","publishedAt":"2025-10-17T12:55:00","thumbnails":{"medium":{"url":"https://i.ytimg.com/vi/mK4vKAfgeHM/mqdefault.jpg","width":320,"height":180},"high":{"url":"https://i.ytimg.com/vi/mK4vKAfgeHM/hqdefault.jpg","width":480,"height":360},"default":{"url":"https://i.ytimg.com/vi/mK4vKAfgeHM/default.jpg","width":120,"height":90}},"url":"https://www.youtube.com/watch?v=mK4vKAfgeHM","searchQuery":"","pageNumber":""},{"videoId":"LVyyi-_6J-o","name":"Yashaswani Dayama","title":"Yashaswani Dayama","description":"Mehak - a talented artist, a victim of assault, and agoraphobic - feels she's possessed when she has visions in her new house.","channelTitle":"Mzaalo Supercinema","channelId":"UCRi_CW2h1PATEqiuyZdmSwA","publishedAt":"2024-10-29T13:30:17","thumbnails":{"medium":{"url":"https://i.ytimg.com/vi/LVyyi-_6J-o/mqdefault.jpg","width":320,"height":180},"high":{"url":"https://i.ytimg.com/vi/LVyyi-_6J-o/hqdefault.jpg","width":480,"height":360},"default":{"url":"https://i.ytimg.com/vi/LVyyi-_6J-o/default.jpg","width":120,"height":90}},"url":"https://www.youtube.com/watch?v=LVyyi-_6J-o","searchQuery":"","pageNumber":""},{"videoId":"rkm-USmR2wU","name":"Kalkki","title":"Kalkki","description":"Subscribe us : https://www.youtube.com/channel/UCs9zh1atdeEiXaFvPB3Lz9g Short film : Kalkki T (he Remover Of Darkness) ...","channelTitle":"South Movie Full Hindi Dubbed","channelId":"UCs9zh1atdeEiXaFvPB3Lz9g","publishedAt":"2025-01-24T08:30:19","thumbnails":{"medium":{"url":"https://i.ytimg.com/vi/rkm-USmR2wU/mqdefault.jpg","width":320,"height":180},"high":{"url":"https://i.ytimg.com/vi/rkm-USmR2wU/hqdefault.jpg","width":480,"height":360},"default":{"url":"https://i.ytimg.com/vi/rkm-USmR2wU/default.jpg","width":120,"height":90}},"url":"https://www.youtube.com/watch?v=rkm-USmR2wU","searchQuery":"","pageNumber":""},{"videoId":"xA8l4CMGwg4","name":"Test Drive ","title":"Test Drive ","description":"Experience the gripping narrative of #TestDrive, a remarkable #shortfilm featuring the talented #AshutoshRana and directed by ...","channelTitle":"Royal Stag Barrel Select Shorts","channelId":"UCKdX5TtJb6urNG1xEcDOeuQ","publishedAt":"2017-12-06T13:39:20","thumbnails":{"medium":{"url":"https://i.ytimg.com/vi/xA8l4CMGwg4/mqdefault.jpg","width":320,"height":180},"high":{"url":"https://i.ytimg.com/vi/xA8l4CMGwg4/hqdefault.jpg","width":480,"height":360},"default":{"url":"https://i.ytimg.com/vi/xA8l4CMGwg4/default.jpg","width":120,"height":90}},"url":"https://www.youtube.com/watch?v=xA8l4CMGwg4","searchQuery":"","pageNumber":""},{"videoId":"FmeAYrXg0kw","name":"Scream","title":"Scream","description":"Watch Full-Length Horror Thriller HD Movie \" CHEEKH \" on our channel @VidEvolutionEntertainment #hindidubbedmovies ...","channelTitle":"Vid Evolution Entertainment","channelId":"UCuO5F-lYzfCKnwVY4UNkgEA","publishedAt":"2025-10-24T14:30:24","thumbnails":{"medium":{"url":"https://i.ytimg.com/vi/FmeAYrXg0kw/mqdefault.jpg","width":320,"height":180},"high":{"url":"https://i.ytimg.com/vi/FmeAYrXg0kw/hqdefault.jpg","width":480,"height":360},"default":{"url":"https://i.ytimg.com/vi/FmeAYrXg0kw/default.jpg","width":120,"height":90}},"url":"https://www.youtube.com/watch?v=FmeAYrXg0kw","searchQuery":"","pageNumber":""},{"videoId":"DZr8rJMwdYg","name":"The Karthika Missing Case","title":"The Karthika Missing Case","description":"BhavaniHDMovies Watch Karthika Missing Case Suspense Thriller Full Movie #KarthikaMissingCase #anandhi #Kathir Starring ...","channelTitle":"BhavaniHD Movies","channelId":"UCgFyj4ZYwFOhaosUvrYne_w","publishedAt":"2025-08-29T10:30:07","thumbnails":{"medium":{"url":"https://i.ytimg.com/vi/DZr8rJMwdYg/mqdefault.jpg","width":320,"height":180},"high":{"url":"https://i.ytimg.com/vi/DZr8rJMwdYg/hqdefault.jpg","width":480,"height":360},"default":{"url":"https://i.ytimg.com/vi/DZr8rJMwdYg/default.jpg","width":120,"height":90}},"url":"https://www.youtube.com/watch?v=DZr8rJMwdYg","searchQuery":"","pageNumber":""},{"videoId":"sHmQA137It8","name":"The Lady Lost in the Mirage","title":"The Lady Lost in the Mirage","description":"Memsahab is a Hindi film released in 2008. The film stars Yukta Mookhey and Vijay Raaz. Mookhey plays the role of a Sikh ...","channelTitle":"HINDI ACTION MASALA","channelId":"UCHeUhI_i_a0BG2PZ_SSKz0g","publishedAt":"2024-07-16T08:03:58","thumbnails":{"medium":{"url":"https://i.ytimg.com/vi/sHmQA137It8/mqdefault.jpg","width":320,"height":180},"high":{"url":"https://i.ytimg.com/vi/sHmQA137It8/hqdefault.jpg","width":480,"height":360},"default":{"url":"https://i.ytimg.com/vi/sHmQA137It8/default.jpg","width":120,"height":90}},"url":"https://www.youtube.com/watch?v=sHmQA137It8","searchQuery":"","pageNumber":""},{"videoId":"CP4kp3I2OhM","name":"Saya","title":"Saya","description":"Leave a Like if you Loved the Movie and Do Not forget to Subscribe to Our Channel.","channelTitle":"KK Telefilms","channelId":"UC064l0KvHEqSCdClmxVJDOQ","publishedAt":"2025-08-13T14:30:16","thumbnails":{"medium":{"url":"https://i.ytimg.com/vi/CP4kp3I2OhM/mqdefault.jpg","width":320,"height":180},"high":{"url":"https://i.ytimg.com/vi/CP4kp3I2OhM/hqdefault.jpg","width":480,"height":360},"default":{"url":"https://i.ytimg.com/vi/CP4kp3I2OhM/default.jpg","width":120,"height":90}},"url":"https://www.youtube.com/watch?v=CP4kp3I2OhM","searchQuery":"","pageNumber":""},{"videoId":"gBux9cBFxP0","name":"The 2025 Protocol","title":"The 2025 Protocol","description":"Watch “Dackalti” Full Movie in Hindi Dubbed A New South (Sauth) Indian Movie Dubbed in Hindi 2025 Full | Action Drama Movie ...","channelTitle":"Digital Movie Flix","channelId":"UCY05WFQ5yq5f_bbNxkCkoWg","publishedAt":"2025-11-04T13:30:52","thumbnails":{"medium":{"url":"https://i.ytimg.com/vi/gBux9cBFxP0/mqdefault.jpg","width":320,"height":180},"high":{"url":"https://i.ytimg.com/vi/gBux9cBFxP0/hqdefault.jpg","width":480,"height":360},"default":{"url":"https://i.ytimg.com/vi/gBux9cBFxP0/default.jpg","width":120,"height":90}},"url":"https://www.youtube.com/watch?v=gBux9cBFxP0","searchQuery":"","pageNumber":""},{"videoId":"ut5HsiR1xAg","name":"Latest Spy","title":"Latest Spy","description":"Watch Latest Spy Thriller Mukhbiir - मुखबीर Full Movie | Sunil Shetty | Sameer Dattani | TVNXT Hindi #tvnxthindi ...","channelTitle":"TVNXT Hindi","channelId":"UCjKEN88-TUqzy2tVRE4l4FQ","publishedAt":"2024-12-07T14:00:07","thumbnails":{"medium":{"url":"https://i.ytimg.com/vi/ut5HsiR1xAg/mqdefault.jpg","width":320,"height":180},"high":{"url":"https://i.ytimg.com/vi/ut5HsiR1xAg/hqdefault.jpg","width":480,"height":360},"default":{"url":"https://i.ytimg.com/vi/ut5HsiR1xAg/default.jpg","width":120,"height":90}},"url":"https://www.youtube.com/watch?v=ut5HsiR1xAg","searchQuery":"","pageNumber":""},{"videoId":"SkGnQLJuheQ","name":"Not a Man","title":"Not a Man","description":"A couple is making every effort to have a child . But something else was written in their fate , Watch the full video to know that .","channelTitle":"TELE WIDE FILMS","channelId":"UCHsDh6hboIyeO6o30aocjCw","publishedAt":"2023-06-29T12:30:08","thumbnails":{"medium":{"url":"https://i.ytimg.com/vi/SkGnQLJuheQ/mqdefault.jpg","width":320,"height":180},"high":{"url":"https://i.ytimg.com/vi/SkGnQLJuheQ/hqdefault.jpg","width":480,"height":360},"default":{"url":"https://i.ytimg.com/vi/SkGnQLJuheQ/default.jpg","width":120,"height":90}},"url":"https://www.youtube.com/watch?v=SkGnQLJuheQ","searchQuery":"","pageNumber":""},{"videoId":"0Wo8MHqOrH8","name":"7 to 4","title":"7 to 4","description":"Movie : 7 To 4 Star Cast : Anand Batchu, Raj Bala, Radhika Loukya, Balakrishna, and Srinivas. Directed by : Vijay Sekhar ...","channelTitle":"South Hindi Cinema","channelId":"UCY11BUb7r1U7m_A-Hj_xVVA","publishedAt":"2024-01-09T14:25:00","thumbnails":{"medium":{"url":"https://i.ytimg.com/vi/0Wo8MHqOrH8/mqdefault.jpg","width":320,"height":180},"high":{"url":"https://i.ytimg.com/vi/0Wo8MHqOrH8/hqdefault.jpg","width":480,"height":360},"default":{"url":"https://i.ytimg.com/vi/0Wo8MHqOrH8/default.jpg","width":120,"height":90}},"url":"https://www.youtube.com/watch?v=0Wo8MHqOrH8","searchQuery":"","pageNumber":""},{"videoId":"AhhFP_na1mo","name":"Deep Strategy","title":"Deep Strategy","description":"Movie :- Gehri Chaal Star Cast :- Ravi Kishan, Rashmi Ghosh, Krishna Abhishek, Vshesh Khanna Produced By :- Maann Singh ...","channelTitle":"Budha Subba Hindi Dubbed Movie","channelId":"UCz3zK42YqrteSt_XxD_sEdw","publishedAt":"2025-08-01T08:29:07","thumbnails":{"medium":{"url":"https://i.ytimg.com/vi/AhhFP_na1mo/mqdefault.jpg","width":320,"height":180},"high":{"url":"https://i.ytimg.com/vi/AhhFP_na1mo/hqdefault.jpg","width":480,"height":360},"default":{"url":"https://i.ytimg.com/vi/AhhFP_na1mo/default.jpg","width":120,"height":90}},"url":"https://www.youtube.com/watch?v=AhhFP_na1mo","searchQuery":"","pageNumber":""},{"videoId":"VkFRCvFmbRU","name":"D Block","title":"D Block","description":"Watch Now “D Block” Full Movie in Hindi (A New South (Sauth) Indian Movie Dubbed in Hindi 2025 Full, Thriller Movie, साउथ ...","channelTitle":"Big Banner Films","channelId":"UCCoJilcsa1ngLghifZnbAag","publishedAt":"2025-08-29T14:30:20","thumbnails":{"medium":{"url":"https://i.ytimg.com/vi/VkFRCvFmbRU/mqdefault.jpg","width":320,"height":180},"high":{"url":"https://i.ytimg.com/vi/VkFRCvFmbRU/hqdefault.jpg","width":480,"height":360},"default":{"url":"https://i.ytimg.com/vi/VkFRCvFmbRU/default.jpg","width":120,"height":90}},"url":"https://www.youtube.com/watch?v=VkFRCvFmbRU","searchQuery":"","pageNumber":""},{"videoId":"x7uYZSixpDw","name":"The Escape","title":"The Escape","description":"Movie: The Escape Cast: Sanjeev Sharma, Nir Singh, Heena sabir Shaikh, Abhitash D. Singh Amit Goswami, Arvind Gharad, ...","channelTitle":"DRJ Records Specials ","channelId":"UCc3MkAZEckswe3SzdiVIvgA","publishedAt":"2019-04-16T15:27:59","thumbnails":{"medium":{"url":"https://i.ytimg.com/vi/x7uYZSixpDw/mqdefault.jpg","width":320,"height":180},"high":{"url":"https://i.ytimg.com/vi/x7uYZSixpDw/hqdefault.jpg","width":480,"height":360},"default":{"url":"https://i.ytimg.com/vi/x7uYZSixpDw/default.jpg","width":120,"height":90}},"url":"https://www.youtube.com/watch?v=x7uYZSixpDw","searchQuery":"","pageNumber":""},{"videoId":"o2jDljiaDl8","name":"TWINNY","title":"TWINNY","description":"NH Studioz, Grisu Media Arts & Sunil Sihag Gora Films Present : \"Twinny\" A psychological thriller of trauma and tragedy unfolds ...","channelTitle":"NH Studioz","channelId":"UCxtwjNPrymSvS4UD_6HgcxQ","publishedAt":"2025-02-11T12:30:47","thumbnails":{"medium":{"url":"https://i.ytimg.com/vi/o2jDljiaDl8/mqdefault.jpg","width":320,"height":180},"high":{"url":"https://i.ytimg.com/vi/o2jDljiaDl8/hqdefault.jpg","width":480,"height":360},"default":{"url":"https://i.ytimg.com/vi/o2jDljiaDl8/default.jpg","width":120,"height":90}},"url":"https://www.youtube.com/watch?v=o2jDljiaDl8","searchQuery":"","pageNumber":""},{"videoId":"6TguHslTZoI","name":"Webcam","title":"Webcam","description":"WEBCAM | New Release Hindi Full Movie | Latest Bollywood Hindi Thriller and Romantic Film 2024 A girl who is a college ...","channelTitle":"FWF Big Shorts","channelId":"UCvYjsskcPHTSKZq5jHX1R5g","publishedAt":"2024-10-23T12:30:09","thumbnails":{"medium":{"url":"https://i.ytimg.com/vi/6TguHslTZoI/mqdefault.jpg","width":320,"height":180},"high":{"url":"https://i.ytimg.com/vi/6TguHslTZoI/hqdefault.jpg","width":480,"height":360},"default":{"url":"https://i.ytimg.com/vi/6TguHslTZoI/default.jpg","width":120,"height":90}},"url":"https://www.youtube.com/watch?v=6TguHslTZoI","searchQuery":"","pageNumber":""},{"videoId":"lba9BJTKTjk","name":"Rakshana: A Protective Vengeance","title":"Rakshana: A Protective Vengeance","description":"Watch Rakshana (2025) Latest Malayalam Crime Thriller Full Movie on @SriBalajiVideoMalayalam Starring : Payal Rajput, ...","channelTitle":"Sri Balaji Malayalam Movies","channelId":"UCSXB8bPdtOsiqa4OjNWP9KA","publishedAt":"2025-06-14T12:30:08","thumbnails":{"medium":{"url":"https://i.ytimg.com/vi/lba9BJTKTjk/mqdefault.jpg","width":320,"height":180},"high":{"url":"https://i.ytimg.com/vi/lba9BJTKTjk/hqdefault.jpg","width":480,"height":360},"default":{"url":"https://i.ytimg.com/vi/lba9BJTKTjk/default.jpg","width":120,"height":90}},"url":"https://www.youtube.com/watch?v=lba9BJTKTjk","searchQuery":"","pageNumber":""},{"videoId":"1xyV_VCfKUg","name":"Thriller","title":"Thriller","description":"Watch “Matsya Rahasya” Full Movie in Hindi Dubbed – A New South (Sauth) Indian Movie Dubbed In Hindi 2025 Full | Action ...","channelTitle":"South Ki Cinema","channelId":"UCnpmuRNicBlmYUrCyFN0g2g","publishedAt":"2025-11-01T13:30:02","thumbnails":{"medium":{"url":"https://i.ytimg.com/vi/1xyV_VCfKUg/mqdefault.jpg","width":320,"height":180},"high":{"url":"https://i.ytimg.com/vi/1xyV_VCfKUg/hqdefault.jpg","width":480,"height":360},"default":{"url":"https://i.ytimg.com/vi/1xyV_VCfKUg/default.jpg","width":120,"height":90}},"url":"https://www.youtube.com/watch?v=1xyV_VCfKUg","searchQuery":"","pageNumber":""},{"videoId":"JDPA9ciFkMg","name":"The Conspirator","title":"The Conspirator","description":"Latest exclusive short story Film 'जालसाज़\" Synopsis: The story of an rich Indian housewife who was married two times ...","channelTitle":"V M Films","channelId":"UCv0-b4O9actut0_P7gId7SQ","publishedAt":"2021-04-16T15:30:16","thumbnails":{"medium":{"url":"https://i.ytimg.com/vi/JDPA9ciFkMg/mqdefault.jpg","width":320,"height":180},"high":{"url":"https://i.ytimg.com/vi/JDPA9ciFkMg/hqdefault.jpg","width":480,"height":360},"default":{"url":"https://i.ytimg.com/vi/JDPA9ciFkMg/default.jpg","width":120,"height":90}},"url":"https://www.youtube.com/watch?v=JDPA9ciFkMg","searchQuery":"","pageNumber":""},{"videoId":"sldqFmegg3s","name":"Misfortune","title":"Misfortune","description":"Sharing is Caring they say, but what if the sharing brings you DURBHAGYA ?! Suspense, thrill and everything that can amaze you ...","channelTitle":"Films By FNP Media","channelId":"UCRpHRrVqnvnUqI0N9-fBA_A","publishedAt":"2022-03-25T11:30:11","thumbnails":{"medium":{"url":"https://i.ytimg.com/vi/sldqFmegg3s/mqdefault.jpg","width":320,"height":180},"high":{"url":"https://i.ytimg.com/vi/sldqFmegg3s/hqdefault.jpg","width":480,"height":360},"default":{"url":"https://i.ytimg.com/vi/sldqFmegg3s/default.jpg","width":120,"height":90}},"url":"https://www.youtube.com/watch?v=sldqFmegg3s","searchQuery":"","pageNumber":""},{"videoId":"HNU4I_WcYCY","name":"Sizzling Suspense","title":"Sizzling Suspense","description":"8 #LekshmiDevan #VinodGuiness #IrfanImam #Aneeshaummer #FavazJalaludeen #Althwaf #ThrillerDrama #ActionDrama ...","channelTitle":"Thanthi One","channelId":"UCFYqIFxANnSDsnz6qDH01Hw","publishedAt":"2024-07-31T15:30:11","thumbnails":{"medium":{"url":"https://i.ytimg.com/vi/HNU4I_WcYCY/mqdefault.jpg","width":320,"height":180},"high":{"url":"https://i.ytimg.com/vi/HNU4I_WcYCY/hqdefault.jpg","width":480,"height":360},"default":{"url":"https://i.ytimg.com/vi/HNU4I_WcYCY/default.jpg","width":120,"height":90}},"url":"https://www.youtube.com/watch?v=HNU4I_WcYCY","searchQuery":"","pageNumber":""}]