[{"videoId":"mk8z-vEheyw","name":"卖鸡蛋的傻女孩","title":"卖鸡蛋的傻女孩","description":"Subscribe for more videos: https://www.youtube.com/channel/UCLkRCRHQL8kDRbaQav4v8bg? sub_confirmation=1 正版授权， ...","channelTitle":"橘子TV剧场 Tangerine TV Drama","channelId":"UCLkRCRHQL8kDRbaQav4v8bg","publishedAt":"2025-06-20T11:01:26","thumbnails":{"medium":{"url":"https://i.ytimg.com/vi/mk8z-vEheyw/mqdefault.jpg","width":320,"height":180},"high":{"url":"https://i.ytimg.com/vi/mk8z-vEheyw/hqdefault.jpg","width":480,"height":360},"default":{"url":"https://i.ytimg.com/vi/mk8z-vEheyw/default.jpg","width":120,"height":90}},"url":"https://www.youtube.com/watch?v=mk8z-vEheyw","searchQuery":"","pageNumber":""},{"videoId":"0P_OP8_JEVM","name":"獨寵皇后","title":"獨寵皇后","description":"短劇#甜劇#古裝短劇#穿越#重生復仇#大女主爽劇每日更新原創短劇，聚焦甜寵，穿越，重生各類題材歡迎訂閱我的頻道，第一時間 ...","channelTitle":"青鸾枕夢劇","channelId":"UC8kqQouREx6t8q5uGdKfRJA","publishedAt":"2024-12-04T06:26:49","thumbnails":{"medium":{"url":"https://i.ytimg.com/vi/0P_OP8_JEVM/mqdefault.jpg","width":320,"height":180},"high":{"url":"https://i.ytimg.com/vi/0P_OP8_JEVM/hqdefault.jpg","width":480,"height":360},"default":{"url":"https://i.ytimg.com/vi/0P_OP8_JEVM/default.jpg","width":120,"height":90}},"url":"https://www.youtube.com/watch?v=0P_OP8_JEVM","searchQuery":"","pageNumber":""},{"videoId":"84_F3clnL8k","name":"贵妃复仇宫斗录","title":"贵妃复仇宫斗录","description":"欢迎来到“追剧少女念念”！ 在这里，念念将为你呈现各种动人的爱情故事，无论是甜蜜的浪漫、虐心的爱恋，还是感人的亲情， ...","channelTitle":"追剧少女念念","channelId":"UChwIiZ-X4PdgE7sTI8lE7dw","publishedAt":"2024-09-27T02:45:50","thumbnails":{"medium":{"url":"https://i.ytimg.com/vi/84_F3clnL8k/mqdefault.jpg","width":320,"height":180},"high":{"url":"https://i.ytimg.com/vi/84_F3clnL8k/hqdefault.jpg","width":480,"height":360},"default":{"url":"https://i.ytimg.com/vi/84_F3clnL8k/default.jpg","width":120,"height":90}},"url":"https://www.youtube.com/watch?v=84_F3clnL8k","searchQuery":"","pageNumber":""},{"videoId":"335DHUiGWyc","name":"萌娃医皇子","title":"萌娃医皇子","description":"欢迎来到甜梦剧场！   超多题材，超甜剧情霸总、古装、复仇、爽文、追妻火葬场、逆袭…… 更多精彩短剧在这里等你！","channelTitle":"甜梦剧场","channelId":"UCYANeI_-jbGRXoZQrFBVY9w","publishedAt":"2025-06-13T04:21:24","thumbnails":{"medium":{"url":"https://i.ytimg.com/vi/335DHUiGWyc/mqdefault.jpg","width":320,"height":180},"high":{"url":"https://i.ytimg.com/vi/335DHUiGWyc/hqdefault.jpg","width":480,"height":360},"default":{"url":"https://i.ytimg.com/vi/335DHUiGWyc/default.jpg","width":120,"height":90}},"url":"https://www.youtube.com/watch?v=335DHUiGWyc","searchQuery":"","pageNumber":""},{"videoId":"EPA3UXTpPGs","name":"嫁首长幸福","title":"嫁首长幸福","description":"欢迎来到甜梦剧场！   超多题材，超甜剧情霸总、古装、复仇、爽文、追妻火葬场、逆袭…… 更多精彩短剧在这里等你！","channelTitle":"甜梦剧场","channelId":"UCYANeI_-jbGRXoZQrFBVY9w","publishedAt":"2025-06-20T02:48:18","thumbnails":{"medium":{"url":"https://i.ytimg.com/vi/EPA3UXTpPGs/mqdefault.jpg","width":320,"height":180},"high":{"url":"https://i.ytimg.com/vi/EPA3UXTpPGs/hqdefault.jpg","width":480,"height":360},"default":{"url":"https://i.ytimg.com/vi/EPA3UXTpPGs/default.jpg","width":120,"height":90}},"url":"https://www.youtube.com/watch?v=EPA3UXTpPGs","searchQuery":"","pageNumber":""},{"videoId":"Uxmp5v2tK7M","name":"傻妻神医圣","title":"傻妻神医圣","description":"逆襲#都市#反轉#情感#神醫#親情#情感#男頻#爽劇#柯淳#王凱沐#何聰睿#王道铁#王奕然#沉思#姚冠宇#于龙#曾辉#左一#钟熙#余 ...","channelTitle":"橙星剧场ShortTV","channelId":"UCeOxx1MtWJntQaC0Du-xm9A","publishedAt":"2025-06-13T14:00:56","thumbnails":{"medium":{"url":"https://i.ytimg.com/vi/Uxmp5v2tK7M/mqdefault.jpg","width":320,"height":180},"high":{"url":"https://i.ytimg.com/vi/Uxmp5v2tK7M/hqdefault.jpg","width":480,"height":360},"default":{"url":"https://i.ytimg.com/vi/Uxmp5v2tK7M/default.jpg","width":120,"height":90}},"url":"https://www.youtube.com/watch?v=Uxmp5v2tK7M","searchQuery":"","pageNumber":""},{"videoId":"rWE3d2L20Ps","name":"天才萌宝认亲记","title":"天才萌宝认亲记","description":"柯淳#王凱沐#何聰睿#王道铁#王奕然#沉思#姚冠宇#于龙#曾辉#左一#钟熙#余茵#孟娜#韩雨彤侯呈玥#赵慕颜#翟一莹#短劇#灰姑娘 ...","channelTitle":"朝朝短剧","channelId":"UCZG2RYht0TeVOpaIrQqC3XQ","publishedAt":"2025-04-25T12:01:36","thumbnails":{"medium":{"url":"https://i.ytimg.com/vi/rWE3d2L20Ps/mqdefault.jpg","width":320,"height":180},"high":{"url":"https://i.ytimg.com/vi/rWE3d2L20Ps/hqdefault.jpg","width":480,"height":360},"default":{"url":"https://i.ytimg.com/vi/rWE3d2L20Ps/default.jpg","width":120,"height":90}},"url":"https://www.youtube.com/watch?v=rWE3d2L20Ps","searchQuery":"","pageNumber":""},{"videoId":"AcLomQTy_MU","name":"豪门千金逆天宠","title":"豪门千金逆天宠","description":"flextv #女頻爽劇#霸總#全集短劇  这里是海棠短劇場~每日更新！喜歡就請關注喔  短劇內容來源：YUDER PTE. LTD。 （海棠短 ...","channelTitle":"海棠短劇場","channelId":"UC-54KHseYbPVoEBHzJae97Q","publishedAt":"2025-04-20T12:00:25","thumbnails":{"medium":{"url":"https://i.ytimg.com/vi/AcLomQTy_MU/mqdefault.jpg","width":320,"height":180},"high":{"url":"https://i.ytimg.com/vi/AcLomQTy_MU/hqdefault.jpg","width":480,"height":360},"default":{"url":"https://i.ytimg.com/vi/AcLomQTy_MU/default.jpg","width":120,"height":90}},"url":"https://www.youtube.com/watch?v=AcLomQTy_MU","searchQuery":"","pageNumber":""},{"videoId":"4JgR9QFgTGg","name":"千亿总裁爱仇女","title":"千亿总裁爱仇女","description":"Subscribe for more Videos 立即訂閱頻道：https://www.youtube.com/channel/UCAufWJloISH77dBCJuwlinQ?sub_confirmation=1 ...","channelTitle":"桔子好剧","channelId":"UCAufWJloISH77dBCJuwlinQ","publishedAt":"2025-06-20T11:47:29","thumbnails":{"medium":{"url":"https://i.ytimg.com/vi/4JgR9QFgTGg/mqdefault.jpg","width":320,"height":180},"high":{"url":"https://i.ytimg.com/vi/4JgR9QFgTGg/hqdefault.jpg","width":480,"height":360},"default":{"url":"https://i.ytimg.com/vi/4JgR9QFgTGg/default.jpg","width":120,"height":90}},"url":"https://www.youtube.com/watch?v=4JgR9QFgTGg","searchQuery":"","pageNumber":""},{"videoId":"bmiTAqerhoQ","name":"首富爷爷宠萌宝","title":"首富爷爷宠萌宝","description":"Subscribe Here : youtube.com/@HuashengDrama ✨More series: 【诱引她】：https://youtu.be/SUv9PibrSOI 【禁欲大佬爆宠三胎 ...","channelTitle":"花笙TV","channelId":"UCP187tqGV7_ZgK-V2m8Ki4Q","publishedAt":"2025-06-19T01:00:06","thumbnails":{"medium":{"url":"https://i.ytimg.com/vi/bmiTAqerhoQ/mqdefault.jpg","width":320,"height":180},"high":{"url":"https://i.ytimg.com/vi/bmiTAqerhoQ/hqdefault.jpg","width":480,"height":360},"default":{"url":"https://i.ytimg.com/vi/bmiTAqerhoQ/default.jpg","width":120,"height":90}},"url":"https://www.youtube.com/watch?v=bmiTAqerhoQ","searchQuery":"","pageNumber":""},{"videoId":"y0YOiWjVYMo","name":"皇帝为情折皇权","title":"皇帝为情折皇权","description":"欢迎来到小妹爲大家準備的超爽短劇，中國劇   超多题材，超甜剧情~霸总、古装、复仇、爽文全都有~英文字幕✧* ٩(ˊᗜˋ*)و✧* ...","channelTitle":"独播中剧","channelId":"UCCmg--gxdPL3S-cnD9wBO7w","publishedAt":"2025-05-21T09:01:23","thumbnails":{"medium":{"url":"https://i.ytimg.com/vi/y0YOiWjVYMo/mqdefault.jpg","width":320,"height":180},"high":{"url":"https://i.ytimg.com/vi/y0YOiWjVYMo/hqdefault.jpg","width":480,"height":360},"default":{"url":"https://i.ytimg.com/vi/y0YOiWjVYMo/default.jpg","width":120,"height":90}},"url":"https://www.youtube.com/watch?v=y0YOiWjVYMo","searchQuery":"","pageNumber":""},{"videoId":"Vd5UEfmEYMw","name":"废太子科技无敌","title":"废太子科技无敌","description":"【正版授权】 Subscribe for more Videos 訂閱 ...","channelTitle":"爆燃短剧","channelId":"UCiUGixkUlxVKYJc1tMEbNYQ","publishedAt":"2025-06-13T11:15:07","thumbnails":{"medium":{"url":"https://i.ytimg.com/vi/Vd5UEfmEYMw/mqdefault.jpg","width":320,"height":180},"high":{"url":"https://i.ytimg.com/vi/Vd5UEfmEYMw/hqdefault.jpg","width":480,"height":360},"default":{"url":"https://i.ytimg.com/vi/Vd5UEfmEYMw/default.jpg","width":120,"height":90}},"url":"https://www.youtube.com/watch?v=Vd5UEfmEYMw","searchQuery":"","pageNumber":""},{"videoId":"sOkg3b2GyxI","name":"萌娃带爹找上门","title":"萌娃带爹找上门","description":"【正版授權】 Subscribe for more Videos 订阅频道： ...","channelTitle":"独宠剧场","channelId":"UCao9fcO9ARxcutHU_g9d5cw","publishedAt":"2025-01-17T11:30:40","thumbnails":{"medium":{"url":"https://i.ytimg.com/vi/sOkg3b2GyxI/mqdefault.jpg","width":320,"height":180},"high":{"url":"https://i.ytimg.com/vi/sOkg3b2GyxI/hqdefault.jpg","width":480,"height":360},"default":{"url":"https://i.ytimg.com/vi/sOkg3b2GyxI/default.jpg","width":120,"height":90}},"url":"https://www.youtube.com/watch?v=sOkg3b2GyxI","searchQuery":"","pageNumber":""},{"videoId":"aZj3MzcSNvY","name":"萌寶助總裁認親","title":"萌寶助總裁認親","description":"柯淳#王凱沐#何聰睿#王道铁#王奕然#沉思#姚冠宇#于龙#曾辉#左一#钟熙#余茵#孟娜#韩雨彤侯呈玥#赵慕颜#翟一莹#短劇#灰姑娘 ...","channelTitle":"朝朝短剧","channelId":"UCZG2RYht0TeVOpaIrQqC3XQ","publishedAt":"2025-05-08T06:00:01","thumbnails":{"medium":{"url":"https://i.ytimg.com/vi/aZj3MzcSNvY/mqdefault.jpg","width":320,"height":180},"high":{"url":"https://i.ytimg.com/vi/aZj3MzcSNvY/hqdefault.jpg","width":480,"height":360},"default":{"url":"https://i.ytimg.com/vi/aZj3MzcSNvY/default.jpg","width":120,"height":90}},"url":"https://www.youtube.com/watch?v=aZj3MzcSNvY","searchQuery":"","pageNumber":""},{"videoId":"_-jsnDDUAYQ","name":"未來女兒救媽媽","title":"未來女兒救媽媽","description":"[FULL] 被丈夫抛弃、女儿重病，她绝望之际，未来女儿穿越而来，逆转妈妈人生？！ “남편에게 버림받고 딸까지 아픈 그녀… 그런데 ...","channelTitle":"SueSue Drama","channelId":"UCBp6qCEkhTW3SJaA5Aerqaw","publishedAt":"2025-05-21T01:30:35","thumbnails":{"medium":{"url":"https://i.ytimg.com/vi/_-jsnDDUAYQ/mqdefault.jpg","width":320,"height":180},"high":{"url":"https://i.ytimg.com/vi/_-jsnDDUAYQ/hqdefault.jpg","width":480,"height":360},"default":{"url":"https://i.ytimg.com/vi/_-jsnDDUAYQ/default.jpg","width":120,"height":90}},"url":"https://www.youtube.com/watch?v=_-jsnDDUAYQ","searchQuery":"","pageNumber":""},{"videoId":"djdhD2KYBRY","name":"嫌惡離婚他後悔","title":"嫌惡離婚他後悔","description":"放慢0.75倍速可提升观看效果哦~ Slow down 0.75 times to improve viewing effect~ 【ANBNY】 #云朗短剧#灰姑娘#霸總#追妻 ...","channelTitle":"云朗短剧","channelId":"UCQF_OX6ISwaMbxLJEklyk-g","publishedAt":"2025-06-19T12:30:51","thumbnails":{"medium":{"url":"https://i.ytimg.com/vi/djdhD2KYBRY/mqdefault.jpg","width":320,"height":180},"high":{"url":"https://i.ytimg.com/vi/djdhD2KYBRY/hqdefault.jpg","width":480,"height":360},"default":{"url":"https://i.ytimg.com/vi/djdhD2KYBRY/default.jpg","width":120,"height":90}},"url":"https://www.youtube.com/watch?v=djdhD2KYBRY","searchQuery":"","pageNumber":""},{"videoId":"Ix-ervdIhi4","name":"戰神父親復仇記","title":"戰神父親復仇記","description":"親情催淚、萌娃出擊、逆襲打臉一氣呵成！ 從家庭溫情到命運反轉，每一集都讓你笑中帶淚、拳頭硬了又軟！ 每天更新，陪你上頭 ...","channelTitle":"龍帝劇場 - 短剧热播","channelId":"UCp4dCWyjDEvn-tjQuQq_GwA","publishedAt":"2025-06-19T10:32:04","thumbnails":{"medium":{"url":"https://i.ytimg.com/vi/Ix-ervdIhi4/mqdefault.jpg","width":320,"height":180},"high":{"url":"https://i.ytimg.com/vi/Ix-ervdIhi4/hqdefault.jpg","width":480,"height":360},"default":{"url":"https://i.ytimg.com/vi/Ix-ervdIhi4/default.jpg","width":120,"height":90}},"url":"https://www.youtube.com/watch?v=Ix-ervdIhi4","searchQuery":"","pageNumber":""},{"videoId":"WshQNV7JfnY","name":"真千金墳場復仇","title":"真千金墳場復仇","description":"Subscribe for more videos: https://www.youtube.com/channel/UCmZHuajT1zjl2vYfbL5EmUg? sub_confirmation=1 HZCZY ...","channelTitle":"上瘾毒剧场","channelId":"UCmZHuajT1zjl2vYfbL5EmUg","publishedAt":"2025-06-18T11:15:42","thumbnails":{"medium":{"url":"https://i.ytimg.com/vi/WshQNV7JfnY/mqdefault.jpg","width":320,"height":180},"high":{"url":"https://i.ytimg.com/vi/WshQNV7JfnY/hqdefault.jpg","width":480,"height":360},"default":{"url":"https://i.ytimg.com/vi/WshQNV7JfnY/default.jpg","width":120,"height":90}},"url":"https://www.youtube.com/watch?v=WshQNV7JfnY","searchQuery":"","pageNumber":""},{"videoId":"41YSVfWP8RE","name":"初夜賣給總裁寵","title":"初夜賣給總裁寵","description":"點擊訂閱，精彩好劇等你來解鎖~ #女頻爽劇#霸道總裁#灰姑娘#追妻火葬場#chinesedrama #短劇#愛情#申浩男#柯淳#何健麒#舒童# ...","channelTitle":"星星追剧","channelId":"UCZhO3CdEnkTipB6sjy2jwCw","publishedAt":"2025-06-20T09:00:18","thumbnails":{"medium":{"url":"https://i.ytimg.com/vi/41YSVfWP8RE/mqdefault.jpg","width":320,"height":180},"high":{"url":"https://i.ytimg.com/vi/41YSVfWP8RE/hqdefault.jpg","width":480,"height":360},"default":{"url":"https://i.ytimg.com/vi/41YSVfWP8RE/default.jpg","width":120,"height":90}},"url":"https://www.youtube.com/watch?v=41YSVfWP8RE","searchQuery":"","pageNumber":""},{"videoId":"02up8mfj0Gw","name":"相親閃婚試真心","title":"相親閃婚試真心","description":"最新精彩短劇每日更新，訂閱我們Subscribe Now☞https://shorturl.at/ymQvo ▷▷更多免費短劇More Free Dramas: ...","channelTitle":"剧开心","channelId":"UCmr4ISDQJHL9B9KeUADtIPg","publishedAt":"2025-01-13T06:58:00","thumbnails":{"medium":{"url":"https://i.ytimg.com/vi/02up8mfj0Gw/mqdefault.jpg","width":320,"height":180},"high":{"url":"https://i.ytimg.com/vi/02up8mfj0Gw/hqdefault.jpg","width":480,"height":360},"default":{"url":"https://i.ytimg.com/vi/02up8mfj0Gw/default.jpg","width":120,"height":90}},"url":"https://www.youtube.com/watch?v=02up8mfj0Gw","searchQuery":"","pageNumber":""},{"videoId":"W4Pngzp6BBc","name":"玉佩尋命中注定","title":"玉佩尋命中注定","description":"欢迎来到追剧酱的频道~ 分享最新鲜的女频小短剧！   如果你也短剧的忠实观众，欢迎点点订阅哦   声明：本频道短剧内容已获正版 ...","channelTitle":"追剧酱来啦💖Here Comes Drama-chan","channelId":"UCE5OpyuylKqxV4YSXRj58ZQ","publishedAt":"2025-06-18T02:00:23","thumbnails":{"medium":{"url":"https://i.ytimg.com/vi/W4Pngzp6BBc/mqdefault.jpg","width":320,"height":180},"high":{"url":"https://i.ytimg.com/vi/W4Pngzp6BBc/hqdefault.jpg","width":480,"height":360},"default":{"url":"https://i.ytimg.com/vi/W4Pngzp6BBc/default.jpg","width":120,"height":90}},"url":"https://www.youtube.com/watch?v=W4Pngzp6BBc","searchQuery":"","pageNumber":""},{"videoId":"LVsGiTM8Tps","name":"求婚九十九次離","title":"求婚九十九次離","description":"頻道內容都已獲得授權，每天更新正版短劇，歡迎訂閱劇上頭！   #逆襲#爽劇#窮小子翻身【一口氣看完系列】點看看全集       ...","channelTitle":"劇上頭","channelId":"UCYr0mNeXJmhtGiAYPdCwAIA","publishedAt":"2025-05-08T10:00:28","thumbnails":{"medium":{"url":"https://i.ytimg.com/vi/LVsGiTM8Tps/mqdefault.jpg","width":320,"height":180},"high":{"url":"https://i.ytimg.com/vi/LVsGiTM8Tps/hqdefault.jpg","width":480,"height":360},"default":{"url":"https://i.ytimg.com/vi/LVsGiTM8Tps/default.jpg","width":120,"height":90}},"url":"https://www.youtube.com/watch?v=LVsGiTM8Tps","searchQuery":"","pageNumber":""},{"videoId":"sJ11hB9bi0E","name":"都挺好倪大紅作","title":"都挺好倪大紅作","description":"好看的电视剧#ChineseDrama DTH Welcome to subscribe us！we owns the exclusive copyright of all the contents published on ...","channelTitle":"经典好剧TV","channelId":"UCO1PY3M6NxyiquHW62B-HMg","publishedAt":"2023-05-12T01:00:14","thumbnails":{"medium":{"url":"https://i.ytimg.com/vi/sJ11hB9bi0E/mqdefault.jpg","width":320,"height":180},"high":{"url":"https://i.ytimg.com/vi/sJ11hB9bi0E/hqdefault.jpg","width":480,"height":360},"default":{"url":"https://i.ytimg.com/vi/sJ11hB9bi0E/default.jpg","width":120,"height":90}},"url":"https://www.youtube.com/watch?v=sJ11hB9bi0E","searchQuery":"","pageNumber":""},{"videoId":"MWxC1ncNiis","name":"買房先驗還是付","title":"買房先驗還是付","description":"买房前该先验房还是先付物业费？当律师遇上奇葩物业，剧情瞬间反转！ 买房，向来是大事！但在签约前，你真的了解每一个细节吗 ...","channelTitle":"吃瓜追热剧","channelId":"UCejh3rbXw14D29agmU4aHnA","publishedAt":"2025-04-24T21:56:44","thumbnails":{"medium":{"url":"https://i.ytimg.com/vi/MWxC1ncNiis/mqdefault.jpg","width":320,"height":180},"high":{"url":"https://i.ytimg.com/vi/MWxC1ncNiis/hqdefault.jpg","width":480,"height":360},"default":{"url":"https://i.ytimg.com/vi/MWxC1ncNiis/default.jpg","width":120,"height":90}},"url":"https://www.youtube.com/watch?v=MWxC1ncNiis","searchQuery":"","pageNumber":""},{"videoId":"C8WlFLWAylw","name":"服務生入維也納","title":"服務生入維也納","description":"大家好！欢迎来到【剧巨爽TV】 每日更新最新完结爽剧！ 正版授权，侵权必究！ 订阅频道，锁定最新短剧 ...","channelTitle":"剧巨爽TV","channelId":"UCXzPGxmHh00Ed8KaoZP3tdA","publishedAt":"2025-06-19T16:00:15","thumbnails":{"medium":{"url":"https://i.ytimg.com/vi/C8WlFLWAylw/mqdefault.jpg","width":320,"height":180},"high":{"url":"https://i.ytimg.com/vi/C8WlFLWAylw/hqdefault.jpg","width":480,"height":360},"default":{"url":"https://i.ytimg.com/vi/C8WlFLWAylw/default.jpg","width":120,"height":90}},"url":"https://www.youtube.com/watch?v=C8WlFLWAylw","searchQuery":"","pageNumber":""},{"videoId":"qOB9Wh-1IdU","name":"有房有車戀雙胞","title":"有房有車戀雙胞","description":"简介： 复员后选择自主创业的隋强在老板跑路之后勇于担当，替受骗群众维权，和误打误撞的模特肖佳一起组建了房车俱乐部。","channelTitle":"新剧抢鲜看","channelId":"UCj4WgY4d5-L69laovg-2X5A","publishedAt":"2019-04-17T05:17:12","thumbnails":{"medium":{"url":"https://i.ytimg.com/vi/qOB9Wh-1IdU/mqdefault.jpg","width":320,"height":180},"high":{"url":"https://i.ytimg.com/vi/qOB9Wh-1IdU/hqdefault.jpg","width":480,"height":360},"default":{"url":"https://i.ytimg.com/vi/qOB9Wh-1IdU/default.jpg","width":120,"height":90}},"url":"https://www.youtube.com/watch?v=qOB9Wh-1IdU","searchQuery":"","pageNumber":""},{"videoId":"sO9uODNYJQw","name":"傻夫俊妻遇四叔","title":"傻夫俊妻遇四叔","description":"从乡村到城市，一场投奔亲戚的旅程，竟揭开了四叔不为人知的可怕意图！ 他是一个憨厚的“傻夫”，外表朴实、性格憨厚； 她是美丽 ...","channelTitle":"吃瓜追热剧","channelId":"UCejh3rbXw14D29agmU4aHnA","publishedAt":"2025-04-25T11:20:08","thumbnails":{"medium":{"url":"https://i.ytimg.com/vi/sO9uODNYJQw/mqdefault.jpg","width":320,"height":180},"high":{"url":"https://i.ytimg.com/vi/sO9uODNYJQw/hqdefault.jpg","width":480,"height":360},"default":{"url":"https://i.ytimg.com/vi/sO9uODNYJQw/default.jpg","width":120,"height":90}},"url":"https://www.youtube.com/watch?v=sO9uODNYJQw","searchQuery":"","pageNumber":""},{"videoId":"QSnGTWht8aY","name":"好好說話初現故","title":"好好說話初現故","description":"陈晓与王晓晨用“沟通”解决问题最终互相谅解与治愈的故事。欢迎订阅【芒果TV季风频道】：https://bit.ly/MGTVMonsoon 加入频道 ...","channelTitle":"芒果TV季风频道 MangoTV Monsoon","channelId":"UCRz2q_Q5hEko-kmCE2KKM3w","publishedAt":"2022-05-13T03:26:47","thumbnails":{"medium":{"url":"https://i.ytimg.com/vi/QSnGTWht8aY/mqdefault.jpg","width":320,"height":180},"high":{"url":"https://i.ytimg.com/vi/QSnGTWht8aY/hqdefault.jpg","width":480,"height":360},"default":{"url":"https://i.ytimg.com/vi/QSnGTWht8aY/default.jpg","width":120,"height":90}},"url":"https://www.youtube.com/watch?v=QSnGTWht8aY","searchQuery":"","pageNumber":""},{"videoId":"xXb9bIb0N60","name":"總裁竟是親生父","title":"總裁竟是親生父","description":"所有内容皆为正版授权内容感謝您的訂閱支持： Subscribe for more Videos 订阅频道: ...","channelTitle":"戏剧研究所","channelId":"UCqxU4-4jxWBVbmWp--ZH3Bg","publishedAt":"2025-06-13T10:01:37","thumbnails":{"medium":{"url":"https://i.ytimg.com/vi/xXb9bIb0N60/mqdefault.jpg","width":320,"height":180},"high":{"url":"https://i.ytimg.com/vi/xXb9bIb0N60/hqdefault.jpg","width":480,"height":360},"default":{"url":"https://i.ytimg.com/vi/xXb9bIb0N60/default.jpg","width":120,"height":90}},"url":"https://www.youtube.com/watch?v=xXb9bIb0N60","searchQuery":"","pageNumber":""},{"videoId":"zW8Hx4cj_Ak","name":"孤鸞玉佩救小姐","title":"孤鸞玉佩救小姐","description":"碼頭王#码头王#民国剧#吴奇隆#胡歌#杨幂#陈德容#刘佩琦#chinesedrama 【#码头王】全集 ...","channelTitle":"华剧经典大赏","channelId":"UCHVvTaYGSkjD1HoqX74Yxiw","publishedAt":"2025-06-18T13:45:06","thumbnails":{"medium":{"url":"https://i.ytimg.com/vi/zW8Hx4cj_Ak/mqdefault.jpg","width":320,"height":180},"high":{"url":"https://i.ytimg.com/vi/zW8Hx4cj_Ak/hqdefault.jpg","width":480,"height":360},"default":{"url":"https://i.ytimg.com/vi/zW8Hx4cj_Ak/default.jpg","width":120,"height":90}},"url":"https://www.youtube.com/watch?v=zW8Hx4cj_Ak","searchQuery":"","pageNumber":""},{"videoId":"KZwOJ05IYoc","name":"坐 88 路車回家糾","title":"坐 88 路車回家糾","description":"全片列表看这裡  ：https://bit.ly/3OlA66C 《坐88路车回家 On Our Way Home》每天12:00 (GMT+8) 准时播放 【欢迎订阅 ...","channelTitle":"華劇解说精選 CDrama Recaps【每日更新歡迎訂閱】","channelId":"UCHeX9tMD8mqbqhu4Vceb3AQ","publishedAt":"2022-06-24T04:30:08","thumbnails":{"medium":{"url":"https://i.ytimg.com/vi/KZwOJ05IYoc/mqdefault.jpg","width":320,"height":180},"high":{"url":"https://i.ytimg.com/vi/KZwOJ05IYoc/hqdefault.jpg","width":480,"height":360},"default":{"url":"https://i.ytimg.com/vi/KZwOJ05IYoc/default.jpg","width":120,"height":90}},"url":"https://www.youtube.com/watch?v=KZwOJ05IYoc","searchQuery":"","pageNumber":""},{"videoId":"SWy51PZQw4A","name":"坐 88 路車勸離國","title":"坐 88 路車勸離國","description":"全片列表看这裡  ：https://bit.ly/3OlA66C 《坐88路车回家 On Our Way Home》每天12:00 (GMT+8) 准时播放 【欢迎订阅 ...","channelTitle":"華劇解说精選 CDrama Recaps【每日更新歡迎訂閱】","channelId":"UCHeX9tMD8mqbqhu4Vceb3AQ","publishedAt":"2022-06-25T04:30:12","thumbnails":{"medium":{"url":"https://i.ytimg.com/vi/SWy51PZQw4A/mqdefault.jpg","width":320,"height":180},"high":{"url":"https://i.ytimg.com/vi/SWy51PZQw4A/hqdefault.jpg","width":480,"height":360},"default":{"url":"https://i.ytimg.com/vi/SWy51PZQw4A/default.jpg","width":120,"height":90}},"url":"https://www.youtube.com/watch?v=SWy51PZQw4A","searchQuery":"","pageNumber":""},{"videoId":"pY1pY33_WDU","name":"偃術結緣探險程","title":"偃術結緣探險程","description":"《偃术结缘》全集: https://bit.ly/3rZ3PtZ ➥ 点击多看好剧: https://bit.ly/33vVEZQ 导演：蔡晶盛主演：付辛博、颖儿、李治廷、姜雯、 ...","channelTitle":"ROSE TV","channelId":"UCstdo3fo9H04nFVyaj2Bkew","publishedAt":"2021-12-12T12:24:25","thumbnails":{"medium":{"url":"https://i.ytimg.com/vi/pY1pY33_WDU/mqdefault.jpg","width":320,"height":180},"high":{"url":"https://i.ytimg.com/vi/pY1pY33_WDU/hqdefault.jpg","width":480,"height":360},"default":{"url":"https://i.ytimg.com/vi/pY1pY33_WDU/default.jpg","width":120,"height":90}},"url":"https://www.youtube.com/watch?v=pY1pY33_WDU","searchQuery":"","pageNumber":""},{"videoId":"9gOqJx9DJ9U","name":"致命流言殺夫案","title":"致命流言殺夫案","description":"小乌副频道https://www.youtube.com/channel/UCQvvVtUqtGxqSLixdeG75Uw 脑洞乌托邦https://goo.gl/B3gKwP 小乌来啦She's ...","channelTitle":"小乌副频道","channelId":"UCQvvVtUqtGxqSLixdeG75Uw","publishedAt":"2023-02-26T12:00:10","thumbnails":{"medium":{"url":"https://i.ytimg.com/vi/9gOqJx9DJ9U/mqdefault.jpg","width":320,"height":180},"high":{"url":"https://i.ytimg.com/vi/9gOqJx9DJ9U/hqdefault.jpg","width":480,"height":360},"default":{"url":"https://i.ytimg.com/vi/9gOqJx9DJ9U/default.jpg","width":120,"height":90}},"url":"https://www.youtube.com/watch?v=9gOqJx9DJ9U","searchQuery":"","pageNumber":""},{"videoId":"VQBBI0krzug","name":"坐 88 路車高山辦","title":"坐 88 路車高山辦","description":"全片列表看这裡  ：https://bit.ly/3OlA66C 《坐88路车回家 On Our Way Home》每天12:00 (GMT+8) 准时播放 【欢迎订阅 ...","channelTitle":"華劇解说精選 CDrama Recaps【每日更新歡迎訂閱】","channelId":"UCHeX9tMD8mqbqhu4Vceb3AQ","publishedAt":"2022-06-26T04:15:01","thumbnails":{"medium":{"url":"https://i.ytimg.com/vi/VQBBI0krzug/mqdefault.jpg","width":320,"height":180},"high":{"url":"https://i.ytimg.com/vi/VQBBI0krzug/hqdefault.jpg","width":480,"height":360},"default":{"url":"https://i.ytimg.com/vi/VQBBI0krzug/default.jpg","width":120,"height":90}},"url":"https://www.youtube.com/watch?v=VQBBI0krzug","searchQuery":"","pageNumber":""},{"videoId":"vIRRolWRtPU","name":"坐 88 路車黃哆挫","title":"坐 88 路車黃哆挫","description":"全片列表看这裡  ：https://bit.ly/3OlA66C 《坐88路车回家 On Our Way Home》每天12:00 (GMT+8) 准时播放 【欢迎订阅 ...","channelTitle":"華劇解说精選 CDrama Recaps【每日更新歡迎訂閱】","channelId":"UCHeX9tMD8mqbqhu4Vceb3AQ","publishedAt":"2022-06-25T04:00:19","thumbnails":{"medium":{"url":"https://i.ytimg.com/vi/vIRRolWRtPU/mqdefault.jpg","width":320,"height":180},"high":{"url":"https://i.ytimg.com/vi/vIRRolWRtPU/hqdefault.jpg","width":480,"height":360},"default":{"url":"https://i.ytimg.com/vi/vIRRolWRtPU/default.jpg","width":120,"height":90}},"url":"https://www.youtube.com/watch?v=vIRRolWRtPU","searchQuery":"","pageNumber":""},{"videoId":"uk4u6wcJcMg","name":"新上海灘黃曉明","title":"新上海灘黃曉明","description":"解说#ChineseDrama XSHT Welcome to subscribe us！we owns the exclusive copyright of all the contents published on the ...","channelTitle":"经典好剧TV","channelId":"UCO1PY3M6NxyiquHW62B-HMg","publishedAt":"2023-06-05T01:00:20","thumbnails":{"medium":{"url":"https://i.ytimg.com/vi/uk4u6wcJcMg/mqdefault.jpg","width":320,"height":180},"high":{"url":"https://i.ytimg.com/vi/uk4u6wcJcMg/hqdefault.jpg","width":480,"height":360},"default":{"url":"https://i.ytimg.com/vi/uk4u6wcJcMg/default.jpg","width":120,"height":90}},"url":"https://www.youtube.com/watch?v=uk4u6wcJcMg","searchQuery":"","pageNumber":""},{"videoId":"vMPgUFjDrWY","name":"季心登場賣聲人","title":"季心登場賣聲人","description":"季心登場〜任海文(濟勖)-慈濟馬來西亞雪隆分會導讀人【無心插柳賣聲人】 1. 賣聲人。顧名思義，就是靠「售賣聲音」來維生的人。","channelTitle":"慈濟高雄線上讀書會","channelId":"UCLupcQHjrQLfpI3TI1_-HAA","publishedAt":"2023-06-21T04:00:33","thumbnails":{"medium":{"url":"https://i.ytimg.com/vi/vMPgUFjDrWY/mqdefault.jpg","width":320,"height":180},"high":{"url":"https://i.ytimg.com/vi/vMPgUFjDrWY/hqdefault.jpg","width":480,"height":360},"default":{"url":"https://i.ytimg.com/vi/vMPgUFjDrWY/default.jpg","width":120,"height":90}},"url":"https://www.youtube.com/watch?v=vMPgUFjDrWY","searchQuery":"","pageNumber":""},{"videoId":"IgjBULuJR0U","name":"坐 88 路車誤領證","title":"坐 88 路車誤領證","description":"全片列表看这裡  ：https://bit.ly/3OlA66C 《坐88路车回家 On Our Way Home》每天12:00 (GMT+8) 准时播放 【欢迎订阅 ...","channelTitle":"華劇解说精選 CDrama Recaps【每日更新歡迎訂閱】","channelId":"UCHeX9tMD8mqbqhu4Vceb3AQ","publishedAt":"2022-06-19T04:00:12","thumbnails":{"medium":{"url":"https://i.ytimg.com/vi/IgjBULuJR0U/mqdefault.jpg","width":320,"height":180},"high":{"url":"https://i.ytimg.com/vi/IgjBULuJR0U/hqdefault.jpg","width":480,"height":360},"default":{"url":"https://i.ytimg.com/vi/IgjBULuJR0U/default.jpg","width":120,"height":90}},"url":"https://www.youtube.com/watch?v=IgjBULuJR0U","searchQuery":"","pageNumber":""},{"videoId":"CWF53Cn7E3c","name":"坐 88 路車美麗離","title":"坐 88 路車美麗離","description":"全片列表看这裡  ：https://bit.ly/3OlA66C 《坐88路车回家 On Our Way Home》每天12:00 (GMT+8) 准时播放 【欢迎订阅 ...","channelTitle":"華劇解说精選 CDrama Recaps【每日更新歡迎訂閱】","channelId":"UCHeX9tMD8mqbqhu4Vceb3AQ","publishedAt":"2022-06-20T04:00:07","thumbnails":{"medium":{"url":"https://i.ytimg.com/vi/CWF53Cn7E3c/mqdefault.jpg","width":320,"height":180},"high":{"url":"https://i.ytimg.com/vi/CWF53Cn7E3c/hqdefault.jpg","width":480,"height":360},"default":{"url":"https://i.ytimg.com/vi/CWF53Cn7E3c/default.jpg","width":120,"height":90}},"url":"https://www.youtube.com/watch?v=CWF53Cn7E3c","searchQuery":"","pageNumber":""},{"videoId":"jmzhcRK1Fek","name":"坐 88 路車金花傷","title":"坐 88 路車金花傷","description":"全片列表看这裡  ：https://bit.ly/3OlA66C 《坐88路车回家 On Our Way Home》每天12:00 (GMT+8) 准时播放 【欢迎订阅 ...","channelTitle":"華劇解说精選 CDrama Recaps【每日更新歡迎訂閱】","channelId":"UCHeX9tMD8mqbqhu4Vceb3AQ","publishedAt":"2022-06-22T04:30:16","thumbnails":{"medium":{"url":"https://i.ytimg.com/vi/jmzhcRK1Fek/mqdefault.jpg","width":320,"height":180},"high":{"url":"https://i.ytimg.com/vi/jmzhcRK1Fek/hqdefault.jpg","width":480,"height":360},"default":{"url":"https://i.ytimg.com/vi/jmzhcRK1Fek/default.jpg","width":120,"height":90}},"url":"https://www.youtube.com/watch?v=jmzhcRK1Fek","searchQuery":"","pageNumber":""},{"videoId":"pVtBg9ck-Io","name":"如何與父母溝通","title":"如何與父母溝通","description":"親子家庭| 你知道如何和孩子相處嗎? 你知道如何照顧好父母嗎? 你知道如何和兄弟姐妹來往嗎? 家是每個人溫暖的港灣， 學會和家人 ...","channelTitle":"趙, 安安Ann (安安老師)","channelId":"UCLOWTfiF0aYt1aKjFOCJMFA","publishedAt":"2019-12-22T10:08:19","thumbnails":{"medium":{"url":"https://i.ytimg.com/vi/pVtBg9ck-Io/mqdefault.jpg","width":320,"height":180},"high":{"url":"https://i.ytimg.com/vi/pVtBg9ck-Io/hqdefault.jpg","width":480,"height":360},"default":{"url":"https://i.ytimg.com/vi/pVtBg9ck-Io/default.jpg","width":120,"height":90}},"url":"https://www.youtube.com/watch?v=pVtBg9ck-Io","searchQuery":"","pageNumber":""},{"videoId":"YX8OCsTfUa0","name":"大嬸婆闖江湖 47","title":"大嬸婆闖江湖 47","description":"主要描述大嬸婆重新闖江湖的原由，以及她感化綁匪的故事．大嬸婆原已不問世事，與徒弟深居山中，卻因為弟弟來旺與道館館主賈 ...","channelTitle":"台視台語台 TTV Taigi Channel","channelId":"UCm1ZWHRUI8ergLCknsI9uiw","publishedAt":"2020-04-08T06:00:15","thumbnails":{"medium":{"url":"https://i.ytimg.com/vi/YX8OCsTfUa0/mqdefault.jpg","width":320,"height":180},"high":{"url":"https://i.ytimg.com/vi/YX8OCsTfUa0/hqdefault.jpg","width":480,"height":360},"default":{"url":"https://i.ytimg.com/vi/YX8OCsTfUa0/default.jpg","width":120,"height":90}},"url":"https://www.youtube.com/watch?v=YX8OCsTfUa0","searchQuery":"","pageNumber":""},{"videoId":"4qWOyDylAdE","name":"都市醫仙闖山城","title":"都市醫仙闖山城","description":"我们强调了视频内容的合规性，绝对没有任何不良引导或危险行为YouTube最全的短剧分享都市、热血、玄幻、逆袭、爽文、女神你 ...","channelTitle":"梦幻沙雕剧场","channelId":"UC--uQBnXkaOyv-RBPLH9yDQ","publishedAt":"2023-04-15T02:00:03","thumbnails":{"medium":{"url":"https://i.ytimg.com/vi/4qWOyDylAdE/mqdefault.jpg","width":320,"height":180},"high":{"url":"https://i.ytimg.com/vi/4qWOyDylAdE/hqdefault.jpg","width":480,"height":360},"default":{"url":"https://i.ytimg.com/vi/4qWOyDylAdE/default.jpg","width":120,"height":90}},"url":"https://www.youtube.com/watch?v=4qWOyDylAdE","searchQuery":"","pageNumber":""},{"videoId":"aHCUigN5ao4","name":"热辣滚烫华丽变","title":"热辣滚烫华丽变","description":"1080P無水印原片已經發布，兩小時帶你觀看全集。 ⑴劇情簡介： 豪門千金白藥，因為車禍，吃激素藥變成了300多斤的胖子，人見 ...","channelTitle":"戀戀劇場-搶鮮版","channelId":"UCu7M9XRDN-dVd21LHCYm2yQ","publishedAt":"2024-02-20T13:49:57","thumbnails":{"medium":{"url":"https://i.ytimg.com/vi/aHCUigN5ao4/mqdefault.jpg","width":320,"height":180},"high":{"url":"https://i.ytimg.com/vi/aHCUigN5ao4/hqdefault.jpg","width":480,"height":360},"default":{"url":"https://i.ytimg.com/vi/aHCUigN5ao4/default.jpg","width":120,"height":90}},"url":"https://www.youtube.com/watch?v=aHCUigN5ao4","searchQuery":"","pageNumber":""},{"videoId":"ergLOL6RhrI","name":"职场卷王成宠妾","title":"职场卷王成宠妾","description":"有些爱，说出口太迟；有些人，转身就是一生。 我们拍下那些没来得及说完的结局， 放在剧里，等你来对号入座。 #甜宠爱情剧# ...","channelTitle":"云烟短剧","channelId":"UCkJDAkKOPXaA3nHaKUoG9qA","publishedAt":"2025-06-21T00:01:00","thumbnails":{"medium":{"url":"https://i.ytimg.com/vi/ergLOL6RhrI/mqdefault.jpg","width":320,"height":180},"high":{"url":"https://i.ytimg.com/vi/ergLOL6RhrI/hqdefault.jpg","width":480,"height":360},"default":{"url":"https://i.ytimg.com/vi/ergLOL6RhrI/default.jpg","width":120,"height":90}},"url":"https://www.youtube.com/watch?v=ergLOL6RhrI","searchQuery":"","pageNumber":""},{"videoId":"rGh4i68d0yA","name":"我回到現代皇帝瘋","title":"我回到現代皇帝瘋","description":"穿越古代第五年，我助男主夺得了皇位。 他却忘记了一生一世一双人誓言。 开始广纳妃嫔。 后宫接二连三诞下皇子公主。 我这个 ...","channelTitle":"咪咪有声小说","channelId":"UCsESMwKsQzjHtoY569G3CjA","publishedAt":"2025-06-20T01:01:02","thumbnails":{"medium":{"url":"https://i.ytimg.com/vi/rGh4i68d0yA/mqdefault.jpg","width":320,"height":180},"high":{"url":"https://i.ytimg.com/vi/rGh4i68d0yA/hqdefault.jpg","width":480,"height":360},"default":{"url":"https://i.ytimg.com/vi/rGh4i68d0yA/default.jpg","width":120,"height":90}},"url":"https://www.youtube.com/watch?v=rGh4i68d0yA","searchQuery":"","pageNumber":""},{"videoId":"srq1NsxuSXc","name":"大清探案录首集","title":"大清探案录首集","description":"《大清探案录》全集: https://bit.ly/3XI6LrY 点击多看好剧: https://bit.ly/2G1Kc8R 该剧讲述了清同治年间，余杭县发生一起命案，经杨 ...","channelTitle":"港剧金典——HK Drama Classics","channelId":"UC1WPfASy_zV0jj7PlafgELg","publishedAt":"2023-01-28T11:45:07","thumbnails":{"medium":{"url":"https://i.ytimg.com/vi/srq1NsxuSXc/mqdefault.jpg","width":320,"height":180},"high":{"url":"https://i.ytimg.com/vi/srq1NsxuSXc/hqdefault.jpg","width":480,"height":360},"default":{"url":"https://i.ytimg.com/vi/srq1NsxuSXc/default.jpg","width":120,"height":90}},"url":"https://www.youtube.com/watch?v=srq1NsxuSXc","searchQuery":"","pageNumber":""},{"videoId":"rxBCxb2PnPg","name":"战神王爷 vs 医妃","title":"战神王爷 vs 医妃","description":"夏依依是一名軍醫、特種兵。在一次對抗境外恐怖分子時犧性，當她醒來的時候發現自己穿越到了東朔國，成為了護國公府的嫡小姐 ...","channelTitle":"油管神劇","channelId":"UCNbMXBLBpbMJjpEWmU8BMFw","publishedAt":"2023-09-01T20:12:42","thumbnails":{"medium":{"url":"https://i.ytimg.com/vi/rxBCxb2PnPg/mqdefault.jpg","width":320,"height":180},"high":{"url":"https://i.ytimg.com/vi/rxBCxb2PnPg/hqdefault.jpg","width":480,"height":360},"default":{"url":"https://i.ytimg.com/vi/rxBCxb2PnPg/default.jpg","width":120,"height":90}},"url":"https://www.youtube.com/watch?v=rxBCxb2PnPg","searchQuery":"","pageNumber":""},{"videoId":"C1oPjs9xnbc","name":"楚乔传全集速看","title":"楚乔传全集速看","description":"","channelTitle":"温城鲤","channelId":"UCCD14H7fJQl3UZNWhYMG3Mg","publishedAt":"2023-04-19T10:39:46","thumbnails":{"medium":{"url":"https://i.ytimg.com/vi/C1oPjs9xnbc/mqdefault.jpg","width":320,"height":180},"high":{"url":"https://i.ytimg.com/vi/C1oPjs9xnbc/hqdefault.jpg","width":480,"height":360},"default":{"url":"https://i.ytimg.com/vi/C1oPjs9xnbc/default.jpg","width":120,"height":90}},"url":"https://www.youtube.com/watch?v=C1oPjs9xnbc","searchQuery":"","pageNumber":""},{"videoId":"JBf6QtWN8F0","name":"实习生被职场整顿","title":"实习生被职场整顿","description":"若你也曾为一段剧情动容， 那就留下来吧， 因为下一个故事，也许就写着你。 #甜宠爱情剧#霸道总裁#短剧全集#悬疑#都市#斗争# ...","channelTitle":"云烟剧场","channelId":"UC0ezA26zfHMI4F0LZ8Zpjow","publishedAt":"2025-05-15T08:00:19","thumbnails":{"medium":{"url":"https://i.ytimg.com/vi/JBf6QtWN8F0/mqdefault.jpg","width":320,"height":180},"high":{"url":"https://i.ytimg.com/vi/JBf6QtWN8F0/hqdefault.jpg","width":480,"height":360},"default":{"url":"https://i.ytimg.com/vi/JBf6QtWN8F0/default.jpg","width":120,"height":90}},"url":"https://www.youtube.com/watch?v=JBf6QtWN8F0","searchQuery":"","pageNumber":""},{"videoId":"_GixxYW2x9k","name":"职场女王弃妇逆袭","title":"职场女王弃妇逆袭","description":"有些爱，说出口太迟；有些人，转身就是一生。 我们拍下那些没来得及说完的结局， 放在剧里，等你来对号入座。 #甜宠爱情剧# ...","channelTitle":"云烟短剧","channelId":"UCkJDAkKOPXaA3nHaKUoG9qA","publishedAt":"2025-05-26T16:01:02","thumbnails":{"medium":{"url":"https://i.ytimg.com/vi/_GixxYW2x9k/mqdefault.jpg","width":320,"height":180},"high":{"url":"https://i.ytimg.com/vi/_GixxYW2x9k/hqdefault.jpg","width":480,"height":360},"default":{"url":"https://i.ytimg.com/vi/_GixxYW2x9k/default.jpg","width":120,"height":90}},"url":"https://www.youtube.com/watch?v=_GixxYW2x9k","searchQuery":"","pageNumber":""},{"videoId":"FWWt8ZaNRAw","name":"医圣归来女神争抢","title":"医圣归来女神争抢","description":"更多热剧欢迎订阅| Subscribe now to watch more ...","channelTitle":"霸者劇場","channelId":"UCId-tqCBAKlNjpQyBvEUBUw","publishedAt":"2025-06-20T11:00:27","thumbnails":{"medium":{"url":"https://i.ytimg.com/vi/FWWt8ZaNRAw/mqdefault.jpg","width":320,"height":180},"high":{"url":"https://i.ytimg.com/vi/FWWt8ZaNRAw/hqdefault.jpg","width":480,"height":360},"default":{"url":"https://i.ytimg.com/vi/FWWt8ZaNRAw/default.jpg","width":120,"height":90}},"url":"https://www.youtube.com/watch?v=FWWt8ZaNRAw","searchQuery":"","pageNumber":""},{"videoId":"J_FwWvlkWjM","name":"重生手撕渣男宠上天","title":"重生手撕渣男宠上天","description":"【正版授權】 Subscribe for more Videos 订阅频道： ...","channelTitle":"独宠剧场","channelId":"UCao9fcO9ARxcutHU_g9d5cw","publishedAt":"2025-06-19T11:02:03","thumbnails":{"medium":{"url":"https://i.ytimg.com/vi/J_FwWvlkWjM/mqdefault.jpg","width":320,"height":180},"high":{"url":"https://i.ytimg.com/vi/J_FwWvlkWjM/hqdefault.jpg","width":480,"height":360},"default":{"url":"https://i.ytimg.com/vi/J_FwWvlkWjM/default.jpg","width":120,"height":90}},"url":"https://www.youtube.com/watch?v=J_FwWvlkWjM","searchQuery":"","pageNumber":""},{"videoId":"3SlfzVPpEw0","name":"修理工女总裁逆袭","title":"修理工女总裁逆袭","description":"木芽出品必屬精品，正版授權火熱更新中！ 更多精品短劇盡在木芽劇場~ #大女主#全集#白月光#青春#偶像#復仇#瑪麗蘇#高富帥#爽 ...","channelTitle":"木芽劇場DramaBox","channelId":"UCT-vFTNCSc5XfSHFRaFpKdg","publishedAt":"2025-05-09T04:08:19","thumbnails":{"medium":{"url":"https://i.ytimg.com/vi/3SlfzVPpEw0/mqdefault.jpg","width":320,"height":180},"high":{"url":"https://i.ytimg.com/vi/3SlfzVPpEw0/hqdefault.jpg","width":480,"height":360},"default":{"url":"https://i.ytimg.com/vi/3SlfzVPpEw0/default.jpg","width":120,"height":90}},"url":"https://www.youtube.com/watch?v=3SlfzVPpEw0","searchQuery":"","pageNumber":""},{"videoId":"dMXaV0Rs-A0","name":"全职太太事业逆袭恋","title":"全职太太事业逆袭恋","description":"有些爱，说出口太迟；有些人，转身就是一生。 我们拍下那些没来得及说完的结局， 放在剧里，等你来对号入座。 #甜宠爱情剧# ...","channelTitle":"云烟短剧","channelId":"UCkJDAkKOPXaA3nHaKUoG9qA","publishedAt":"2025-05-15T00:00:51","thumbnails":{"medium":{"url":"https://i.ytimg.com/vi/dMXaV0Rs-A0/mqdefault.jpg","width":320,"height":180},"high":{"url":"https://i.ytimg.com/vi/dMXaV0Rs-A0/hqdefault.jpg","width":480,"height":360},"default":{"url":"https://i.ytimg.com/vi/dMXaV0Rs-A0/default.jpg","width":120,"height":90}},"url":"https://www.youtube.com/watch?v=dMXaV0Rs-A0","searchQuery":"","pageNumber":""},{"videoId":"L41ceUwNIUU","name":"职场女转生皇贵妃","title":"职场女转生皇贵妃","description":"[FULL] 现代职场女性转生为下级侍女！凭借智慧赢得国王宠爱，成为皇贵妃的故事현대커리어우먼, 하급시녀로환생! 지략으로왕의 ...","channelTitle":"SueSue Drama","channelId":"UCBp6qCEkhTW3SJaA5Aerqaw","publishedAt":"2025-05-22T02:00:56","thumbnails":{"medium":{"url":"https://i.ytimg.com/vi/L41ceUwNIUU/mqdefault.jpg","width":320,"height":180},"high":{"url":"https://i.ytimg.com/vi/L41ceUwNIUU/hqdefault.jpg","width":480,"height":360},"default":{"url":"https://i.ytimg.com/vi/L41ceUwNIUU/default.jpg","width":120,"height":90}},"url":"https://www.youtube.com/watch?v=L41ceUwNIUU","searchQuery":"","pageNumber":""},{"videoId":"ZVKPaEovgBA","name":"替婚新娘孕后逆袭","title":"替婚新娘孕后逆袭","description":"欢迎订阅楠楠短剧社：https://reurl.cc/mREplA   快來一起看劇吧   甜寵，穿越，豪門，校園…… #短劇#戀愛#甜寵#短劇#女頻#新短 ...","channelTitle":"楠楠短剧社","channelId":"UCa6JMKN6em-I9Ez9FwN7VXw","publishedAt":"2025-06-20T12:58:41","thumbnails":{"medium":{"url":"https://i.ytimg.com/vi/ZVKPaEovgBA/mqdefault.jpg","width":320,"height":180},"high":{"url":"https://i.ytimg.com/vi/ZVKPaEovgBA/hqdefault.jpg","width":480,"height":360},"default":{"url":"https://i.ytimg.com/vi/ZVKPaEovgBA/default.jpg","width":120,"height":90}},"url":"https://www.youtube.com/watch?v=ZVKPaEovgBA","searchQuery":"","pageNumber":""},{"videoId":"m3IpEyTjEvk","name":"旧梦已碎与君长诀","title":"旧梦已碎与君长诀","description":"歡迎來到心動劇時刻Daily！最新熱門短劇看不停✨ 全集EP1-36 1080P無水印原片已經發布正版授權，侵權必究！ 劇情簡介：葉婉清 ...","channelTitle":"心動劇時刻Daily","channelId":"UChZWW7x-ekfu1GctZ0bJGAA","publishedAt":"2025-03-23T00:00:43","thumbnails":{"medium":{"url":"https://i.ytimg.com/vi/m3IpEyTjEvk/mqdefault.jpg","width":320,"height":180},"high":{"url":"https://i.ytimg.com/vi/m3IpEyTjEvk/hqdefault.jpg","width":480,"height":360},"default":{"url":"https://i.ytimg.com/vi/m3IpEyTjEvk/default.jpg","width":120,"height":90}},"url":"https://www.youtube.com/watch?v=m3IpEyTjEvk","searchQuery":"","pageNumber":""},{"videoId":"KosnNjlMRlE","name":"职场灵魂互换恋霸总","title":"职场灵魂互换恋霸总","description":"若你也曾为一段剧情动容， 那就留下来吧， 因为下一个故事，也许就写着你。 #甜宠爱情剧#霸道总裁#短剧全集#悬疑#都市#斗争# ...","channelTitle":"云烟剧场","channelId":"UC0ezA26zfHMI4F0LZ8Zpjow","publishedAt":"2025-03-25T10:15:04","thumbnails":{"medium":{"url":"https://i.ytimg.com/vi/KosnNjlMRlE/mqdefault.jpg","width":320,"height":180},"high":{"url":"https://i.ytimg.com/vi/KosnNjlMRlE/hqdefault.jpg","width":480,"height":360},"default":{"url":"https://i.ytimg.com/vi/KosnNjlMRlE/default.jpg","width":120,"height":90}},"url":"https://www.youtube.com/watch?v=KosnNjlMRlE","searchQuery":"","pageNumber":""},{"videoId":"UruZm8ysft0","name":"贵妃娘娘一统皇宫","title":"贵妃娘娘一统皇宫","description":"歡迎來到心動劇時刻Daily！最新熱門短劇看不停✨ 全集EP1-36 1080P無水印原片已經發布正版授權，侵權必究！ 劇情簡介：直男被 ...","channelTitle":"心動劇時刻Daily","channelId":"UChZWW7x-ekfu1GctZ0bJGAA","publishedAt":"2025-04-29T02:00:35","thumbnails":{"medium":{"url":"https://i.ytimg.com/vi/UruZm8ysft0/mqdefault.jpg","width":320,"height":180},"high":{"url":"https://i.ytimg.com/vi/UruZm8ysft0/hqdefault.jpg","width":480,"height":360},"default":{"url":"https://i.ytimg.com/vi/UruZm8ysft0/default.jpg","width":120,"height":90}},"url":"https://www.youtube.com/watch?v=UruZm8ysft0","searchQuery":"","pageNumber":""},{"videoId":"bZv78fcC8AY","name":"穷小子读心术逆袭","title":"穷小子读心术逆袭","description":"ZQ ❤️歡迎订阅@風嘯短劇WindShort ❤️更多爆款中國爽劇在此观看全集！ Watch full episodes of top-hit Chinese dramas right ...","channelTitle":"風嘯短劇WindShort","channelId":"UCK3_x3vBQEima3O9Tq-chGg","publishedAt":"2025-06-18T09:59:38","thumbnails":{"medium":{"url":"https://i.ytimg.com/vi/bZv78fcC8AY/mqdefault.jpg","width":320,"height":180},"high":{"url":"https://i.ytimg.com/vi/bZv78fcC8AY/hqdefault.jpg","width":480,"height":360},"default":{"url":"https://i.ytimg.com/vi/bZv78fcC8AY/default.jpg","width":120,"height":90}},"url":"https://www.youtube.com/watch?v=bZv78fcC8AY","searchQuery":"","pageNumber":""},{"videoId":"2bA3Ejbnizw","name":"情书误送女总裁","title":"情书误送女总裁","description":"有些爱，说出口太迟；有些人，转身就是一生。 我们拍下那些没来得及说完的结局， 放在剧里，等你来对号入座。 #甜宠爱情剧# ...","channelTitle":"云烟短剧","channelId":"UCkJDAkKOPXaA3nHaKUoG9qA","publishedAt":"2025-04-07T09:00:04","thumbnails":{"medium":{"url":"https://i.ytimg.com/vi/2bA3Ejbnizw/mqdefault.jpg","width":320,"height":180},"high":{"url":"https://i.ytimg.com/vi/2bA3Ejbnizw/hqdefault.jpg","width":480,"height":360},"default":{"url":"https://i.ytimg.com/vi/2bA3Ejbnizw/default.jpg","width":120,"height":90}},"url":"https://www.youtube.com/watch?v=2bA3Ejbnizw","searchQuery":"","pageNumber":""},{"videoId":"C0U9qicGuno","name":"职场小伙穿 70 兴农村","title":"职场小伙穿 70 兴农村","description":"有些爱，说出口太迟；有些人，转身就是一生。 我们拍下那些没来得及说完的结局， 放在剧里，等你来对号入座。 #甜宠爱情剧# ...","channelTitle":"云烟短剧","channelId":"UCkJDAkKOPXaA3nHaKUoG9qA","publishedAt":"2025-05-01T21:00:11","thumbnails":{"medium":{"url":"https://i.ytimg.com/vi/C0U9qicGuno/mqdefault.jpg","width":320,"height":180},"high":{"url":"https://i.ytimg.com/vi/C0U9qicGuno/hqdefault.jpg","width":480,"height":360},"default":{"url":"https://i.ytimg.com/vi/C0U9qicGuno/default.jpg","width":120,"height":90}},"url":"https://www.youtube.com/watch?v=C0U9qicGuno","searchQuery":"","pageNumber":""},{"videoId":"5oSU2WSRbFw","name":"超神邪医桃花命","title":"超神邪医桃花命","description":"歡迎來到  閃蝶劇場！這裏有超多精彩好劇陪你度過美好時光，絕對讓你追劇追到停不下來！ 抓緊訂閱喲，不然下一個大爆劇可就從 ...","channelTitle":"闪蝶剧场DramaHub","channelId":"UCKVKTLDXVjlTjjIoJKOhJcw","publishedAt":"2025-06-18T09:00:17","thumbnails":{"medium":{"url":"https://i.ytimg.com/vi/5oSU2WSRbFw/mqdefault.jpg","width":320,"height":180},"high":{"url":"https://i.ytimg.com/vi/5oSU2WSRbFw/hqdefault.jpg","width":480,"height":360},"default":{"url":"https://i.ytimg.com/vi/5oSU2WSRbFw/default.jpg","width":120,"height":90}},"url":"https://www.youtube.com/watch?v=5oSU2WSRbFw","searchQuery":"","pageNumber":""},{"videoId":"Os21Ur3geT8","name":"花花公子变孕妃建帝国","title":"花花公子变孕妃建帝国","description":"Welcome to the world of Binge Drama! Enjoy the full series without interruptions✨ Episodes 1–60 in 1080p, original, and ...","channelTitle":"Binge Drama","channelId":"UC0SLXzumaJhW0dOMnKC5lwg","publishedAt":"2025-04-29T03:40:02","thumbnails":{"medium":{"url":"https://i.ytimg.com/vi/Os21Ur3geT8/mqdefault.jpg","width":320,"height":180},"high":{"url":"https://i.ytimg.com/vi/Os21Ur3geT8/hqdefault.jpg","width":480,"height":360},"default":{"url":"https://i.ytimg.com/vi/Os21Ur3geT8/default.jpg","width":120,"height":90}},"url":"https://www.youtube.com/watch?v=Os21Ur3geT8","searchQuery":"","pageNumber":""},{"videoId":"3caGxpWUMzM","name":"6 岁萌宝救总裁认亲","title":"6 岁萌宝救总裁认亲","description":"柯淳#王凱沐#何聰睿#王道铁#王奕然#沉思#姚冠宇#于龙#曾辉#左一#钟熙#余茵#孟娜#韩雨彤侯呈玥#赵慕颜#翟一莹#短劇#灰姑娘 ...","channelTitle":"朝朝短剧","channelId":"UCZG2RYht0TeVOpaIrQqC3XQ","publishedAt":"2025-06-17T09:00:05","thumbnails":{"medium":{"url":"https://i.ytimg.com/vi/3caGxpWUMzM/mqdefault.jpg","width":320,"height":180},"high":{"url":"https://i.ytimg.com/vi/3caGxpWUMzM/hqdefault.jpg","width":480,"height":360},"default":{"url":"https://i.ytimg.com/vi/3caGxpWUMzM/default.jpg","width":120,"height":90}},"url":"https://www.youtube.com/watch?v=3caGxpWUMzM","searchQuery":"","pageNumber":""},{"videoId":"BAuOk5NxkeQ","name":"贵妃娘娘的职场指南","title":"贵妃娘娘的职场指南","description":"這套劇好看！快盤他！ ⚡歡迎點擊訂閱「劇寶盆」觀看更多精彩劇集（Welcome to subscribe to \"DramaChest\" and watch ...","channelTitle":"DramaChest","channelId":"UCCg84Z0b01BRr854HAB7cTQ","publishedAt":"2025-01-25T00:00:07","thumbnails":{"medium":{"url":"https://i.ytimg.com/vi/BAuOk5NxkeQ/mqdefault.jpg","width":320,"height":180},"high":{"url":"https://i.ytimg.com/vi/BAuOk5NxkeQ/hqdefault.jpg","width":480,"height":360},"default":{"url":"https://i.ytimg.com/vi/BAuOk5NxkeQ/default.jpg","width":120,"height":90}},"url":"https://www.youtube.com/watch?v=BAuOk5NxkeQ","searchQuery":"","pageNumber":""},{"videoId":"MtXD6IQKWzs","name":"富豪爹偏心瑶瑶远走","title":"富豪爹偏心瑶瑶远走","description":"Subscribe Here : youtube.com/@HuashengDrama ✨More series: 【诱她】：https://youtu.be/SUv9PibrSOI 【禁欲大佬爆宠三胎孕 ...","channelTitle":"花笙TV","channelId":"UCP187tqGV7_ZgK-V2m8Ki4Q","publishedAt":"2025-06-13T01:00:06","thumbnails":{"medium":{"url":"https://i.ytimg.com/vi/MtXD6IQKWzs/mqdefault.jpg","width":320,"height":180},"high":{"url":"https://i.ytimg.com/vi/MtXD6IQKWzs/hqdefault.jpg","width":480,"height":360},"default":{"url":"https://i.ytimg.com/vi/MtXD6IQKWzs/default.jpg","width":120,"height":90}},"url":"https://www.youtube.com/watch?v=MtXD6IQKWzs","searchQuery":"","pageNumber":""},{"videoId":"fQc9zDLiQS0","name":"都市邪医双修逆袭","title":"都市邪医双修逆袭","description":"傲天出品必屬精品歡迎訂閱@傲天短劇NO1SHORT觀賞更多精彩影集The products produced by Aotian must be high-quality ...","channelTitle":"傲天短劇NO1SHORT","channelId":"UCOAilPvoZg_zNFMl3DWXX3w","publishedAt":"2025-06-13T10:01:16","thumbnails":{"medium":{"url":"https://i.ytimg.com/vi/fQc9zDLiQS0/mqdefault.jpg","width":320,"height":180},"high":{"url":"https://i.ytimg.com/vi/fQc9zDLiQS0/hqdefault.jpg","width":480,"height":360},"default":{"url":"https://i.ytimg.com/vi/fQc9zDLiQS0/default.jpg","width":120,"height":90}},"url":"https://www.youtube.com/watch?v=fQc9zDLiQS0","searchQuery":"","pageNumber":""},{"videoId":"U2GnvPJ6-e4","name":"皇后重生复仇渣男","title":"皇后重生复仇渣男","description":"歡迎觀看更多爆款中國爽劇全集❤️Welcome to watch more full episodes of hit Chinese thrill-dramas.","channelTitle":"靈貓追劇","channelId":"UCeG6r_aYER7iBtc4uPtv8IA","publishedAt":"2025-06-18T07:30:11","thumbnails":{"medium":{"url":"https://i.ytimg.com/vi/U2GnvPJ6-e4/mqdefault.jpg","width":320,"height":180},"high":{"url":"https://i.ytimg.com/vi/U2GnvPJ6-e4/hqdefault.jpg","width":480,"height":360},"default":{"url":"https://i.ytimg.com/vi/U2GnvPJ6-e4/default.jpg","width":120,"height":90}},"url":"https://www.youtube.com/watch?v=U2GnvPJ6-e4","searchQuery":"","pageNumber":""},{"videoId":"v_Z10vH1l6M","name":"特种兵穿古代县令恋","title":"特种兵穿古代县令恋","description":"剧名：【GLNDXLYFK】 欢迎来到短劇上頭社！ 精彩短剧全集看不停！Watch the full collection of wonderful short dramas✨ 正版 ...","channelTitle":"短剧上頭社","channelId":"UCymvmjQqMb_dEQ8_WG1_w9A","publishedAt":"2025-06-19T11:01:25","thumbnails":{"medium":{"url":"https://i.ytimg.com/vi/v_Z10vH1l6M/mqdefault.jpg","width":320,"height":180},"high":{"url":"https://i.ytimg.com/vi/v_Z10vH1l6M/hqdefault.jpg","width":480,"height":360},"default":{"url":"https://i.ytimg.com/vi/v_Z10vH1l6M/default.jpg","width":120,"height":90}},"url":"https://www.youtube.com/watch?v=v_Z10vH1l6M","searchQuery":"","pageNumber":""},{"videoId":"uIIbVrQlTlM","name":"出狱逆袭成集团女婿","title":"出狱逆袭成集团女婿","description":"Subscribe for more Chinese television dramas 订阅频道: https://www.youtube.com/channel/UCWPh6AxY9nvPi8766jP-oiw 本剧 ...","channelTitle":"熱播喵 - Meow","channelId":"UCWPh6AxY9nvPi8766jP-oiw","publishedAt":"2025-06-15T23:00:55","thumbnails":{"medium":{"url":"https://i.ytimg.com/vi/uIIbVrQlTlM/mqdefault.jpg","width":320,"height":180},"high":{"url":"https://i.ytimg.com/vi/uIIbVrQlTlM/hqdefault.jpg","width":480,"height":360},"default":{"url":"https://i.ytimg.com/vi/uIIbVrQlTlM/default.jpg","width":120,"height":90}},"url":"https://www.youtube.com/watch?v=uIIbVrQlTlM","searchQuery":"","pageNumber":""},{"videoId":"JLy0G0wVaG0","name":"总裁大叔聘金求娶","title":"总裁大叔聘金求娶","description":"本劇內容純屬虛構，僅為劇情創作需要。所涉情節、人物及事件均不代表現實情況，觀眾朋友們切勿對號入座或信以為真。請大家 ...","channelTitle":"甜甜追短劇","channelId":"UCpBX68IZc8hqpjKIa13rFVg","publishedAt":"2025-04-25T10:00:27","thumbnails":{"medium":{"url":"https://i.ytimg.com/vi/JLy0G0wVaG0/mqdefault.jpg","width":320,"height":180},"high":{"url":"https://i.ytimg.com/vi/JLy0G0wVaG0/hqdefault.jpg","width":480,"height":360},"default":{"url":"https://i.ytimg.com/vi/JLy0G0wVaG0/default.jpg","width":120,"height":90}},"url":"https://www.youtube.com/watch?v=JLy0G0wVaG0","searchQuery":"","pageNumber":""},{"videoId":"yGHPIFK-sMI","name":"任他明月下西楼双重生","title":"任他明月下西楼双重生","description":"歡迎來到心動劇時刻Daily！最新熱門短劇看不停✨ 全集EP1-36 1080P無水印原片已經發布正版授權，侵權必究！ 劇情簡介：懷胎五 ...","channelTitle":"心動劇時刻Daily","channelId":"UChZWW7x-ekfu1GctZ0bJGAA","publishedAt":"2025-06-06T01:55:09","thumbnails":{"medium":{"url":"https://i.ytimg.com/vi/yGHPIFK-sMI/mqdefault.jpg","width":320,"height":180},"high":{"url":"https://i.ytimg.com/vi/yGHPIFK-sMI/hqdefault.jpg","width":480,"height":360},"default":{"url":"https://i.ytimg.com/vi/yGHPIFK-sMI/default.jpg","width":120,"height":90}},"url":"https://www.youtube.com/watch?v=yGHPIFK-sMI","searchQuery":"","pageNumber":""},{"videoId":"C6dNY5HVW6Q","name":"斗罗大帝重生逆袭","title":"斗罗大帝重生逆袭","description":"【正版授權】 Subscribe for more Videos 订阅频道： ...","channelTitle":"独宠剧场","channelId":"UCao9fcO9ARxcutHU_g9d5cw","publishedAt":"2025-03-10T11:00:17","thumbnails":{"medium":{"url":"https://i.ytimg.com/vi/C6dNY5HVW6Q/mqdefault.jpg","width":320,"height":180},"high":{"url":"https://i.ytimg.com/vi/C6dNY5HVW6Q/hqdefault.jpg","width":480,"height":360},"default":{"url":"https://i.ytimg.com/vi/C6dNY5HVW6Q/default.jpg","width":120,"height":90}},"url":"https://www.youtube.com/watch?v=C6dNY5HVW6Q","searchQuery":"","pageNumber":""},{"videoId":"cTyO0MNtXvw","name":"穿越侍卫秀神器震惊","title":"穿越侍卫秀神器震惊","description":"【正版授權】 Subscribe for more Videos 订阅频道： ...","channelTitle":"独宠剧场","channelId":"UCao9fcO9ARxcutHU_g9d5cw","publishedAt":"2025-06-16T12:13:36","thumbnails":{"medium":{"url":"https://i.ytimg.com/vi/cTyO0MNtXvw/mqdefault.jpg","width":320,"height":180},"high":{"url":"https://i.ytimg.com/vi/cTyO0MNtXvw/hqdefault.jpg","width":480,"height":360},"default":{"url":"https://i.ytimg.com/vi/cTyO0MNtXvw/default.jpg","width":120,"height":90}},"url":"https://www.youtube.com/watch?v=cTyO0MNtXvw","searchQuery":"","pageNumber":""},{"videoId":"gqwtuZvA6GU","name":"汽修工帝君身份揭秘","title":"汽修工帝君身份揭秘","description":"【正版授權】 Subscribe for more Videos 订阅频道： ...","channelTitle":"独宠剧场","channelId":"UCao9fcO9ARxcutHU_g9d5cw","publishedAt":"2025-02-24T11:30:32","thumbnails":{"medium":{"url":"https://i.ytimg.com/vi/gqwtuZvA6GU/mqdefault.jpg","width":320,"height":180},"high":{"url":"https://i.ytimg.com/vi/gqwtuZvA6GU/hqdefault.jpg","width":480,"height":360},"default":{"url":"https://i.ytimg.com/vi/gqwtuZvA6GU/default.jpg","width":120,"height":90}},"url":"https://www.youtube.com/watch?v=gqwtuZvA6GU","searchQuery":"","pageNumber":""},{"videoId":"LuXS7pUxVls","name":"王爷你的王妃又跑了","title":"王爷你的王妃又跑了","description":"歡迎來到心動劇時刻Daily！最新熱門短劇看不停✨ 全集EP1-36 1080P無水印原片已經發布正版授權，侵權必究！ 劇情簡介：現代 ...","channelTitle":"心動劇時刻Daily","channelId":"UChZWW7x-ekfu1GctZ0bJGAA","publishedAt":"2025-06-03T11:29:27","thumbnails":{"medium":{"url":"https://i.ytimg.com/vi/LuXS7pUxVls/mqdefault.jpg","width":320,"height":180},"high":{"url":"https://i.ytimg.com/vi/LuXS7pUxVls/hqdefault.jpg","width":480,"height":360},"default":{"url":"https://i.ytimg.com/vi/LuXS7pUxVls/default.jpg","width":120,"height":90}},"url":"https://www.youtube.com/watch?v=LuXS7pUxVls","searchQuery":"","pageNumber":""},{"videoId":"aac7DGJWA58","name":"隐世斗罗大帝逆袭","title":"隐世斗罗大帝逆袭","description":"【正版授權】 Subscribe for more Videos 订阅频道： ...","channelTitle":"独宠剧场","channelId":"UCao9fcO9ARxcutHU_g9d5cw","publishedAt":"2025-03-07T11:52:33","thumbnails":{"medium":{"url":"https://i.ytimg.com/vi/aac7DGJWA58/mqdefault.jpg","width":320,"height":180},"high":{"url":"https://i.ytimg.com/vi/aac7DGJWA58/hqdefault.jpg","width":480,"height":360},"default":{"url":"https://i.ytimg.com/vi/aac7DGJWA58/default.jpg","width":120,"height":90}},"url":"https://www.youtube.com/watch?v=aac7DGJWA58","searchQuery":"","pageNumber":""},{"videoId":"fRob6eC1MgU","name":"绝世圣医下山获四妻","title":"绝世圣医下山获四妻","description":"【正版授權】 Subscribe for more Videos 订阅频道： ...","channelTitle":"爽爆短劇","channelId":"UC2o5OWpmCFcv137mauahQLw","publishedAt":"2025-06-19T02:00:42","thumbnails":{"medium":{"url":"https://i.ytimg.com/vi/fRob6eC1MgU/mqdefault.jpg","width":320,"height":180},"high":{"url":"https://i.ytimg.com/vi/fRob6eC1MgU/hqdefault.jpg","width":480,"height":360},"default":{"url":"https://i.ytimg.com/vi/fRob6eC1MgU/default.jpg","width":120,"height":90}},"url":"https://www.youtube.com/watch?v=fRob6eC1MgU","searchQuery":"","pageNumber":""},{"videoId":"DhdRgbLkwew","name":"虐恋女主重生变甜","title":"虐恋女主重生变甜","description":"ChineseFilm#Chinesemovie#中國電視劇#出色中國電影#好看中國電影#甜寵愛情電影#大陸情感劇#愛情#伦理#甜寵愛情劇#霸道 ...","channelTitle":"楓念短剧TOPSHORT","channelId":"UCouKl0wj3yVL-aBc8Z1EfLA","publishedAt":"2025-05-07T13:11:50","thumbnails":{"medium":{"url":"https://i.ytimg.com/vi/DhdRgbLkwew/mqdefault.jpg","width":320,"height":180},"high":{"url":"https://i.ytimg.com/vi/DhdRgbLkwew/hqdefault.jpg","width":480,"height":360},"default":{"url":"https://i.ytimg.com/vi/DhdRgbLkwew/default.jpg","width":120,"height":90}},"url":"https://www.youtube.com/watch?v=DhdRgbLkwew","searchQuery":"","pageNumber":""},{"videoId":"O5bkVJWqPbk","name":"狱中归来无上神主","title":"狱中归来无上神主","description":"【正版授權】 Subscribe for more Videos 订阅频道： ...","channelTitle":"独宠剧场","channelId":"UCao9fcO9ARxcutHU_g9d5cw","publishedAt":"2024-12-28T11:30:20","thumbnails":{"medium":{"url":"https://i.ytimg.com/vi/O5bkVJWqPbk/mqdefault.jpg","width":320,"height":180},"high":{"url":"https://i.ytimg.com/vi/O5bkVJWqPbk/hqdefault.jpg","width":480,"height":360},"default":{"url":"https://i.ytimg.com/vi/O5bkVJWqPbk/default.jpg","width":120,"height":90}},"url":"https://www.youtube.com/watch?v=O5bkVJWqPbk","searchQuery":"","pageNumber":""},{"videoId":"9w22ph_dmCM","name":"被谢医生拒加 99 次","title":"被谢医生拒加 99 次","description":"歡迎訂閱，正版短劇，每日更新，感謝支持！ 熱門短劇、短劇全集，短劇推薦、最新短劇合集、中國電視劇、大陸短劇！","channelTitle":"开心短剧","channelId":"UCiBoWgq8IMCIGw9N20dZ_IQ","publishedAt":"2025-04-28T09:12:35","thumbnails":{"medium":{"url":"https://i.ytimg.com/vi/9w22ph_dmCM/mqdefault.jpg","width":320,"height":180},"high":{"url":"https://i.ytimg.com/vi/9w22ph_dmCM/hqdefault.jpg","width":480,"height":360},"default":{"url":"https://i.ytimg.com/vi/9w22ph_dmCM/default.jpg","width":120,"height":90}},"url":"https://www.youtube.com/watch?v=9w22ph_dmCM","searchQuery":"","pageNumber":""},{"videoId":"QZ2jCz2AceQ","name":"假县令遇女土匪","title":"假县令遇女土匪","description":"欢迎来到小妹爲大家準備的超爽短劇，中國劇   超多题材，超甜剧情~霸总、古装、复仇、爽文全都有~英文字幕✧* ٩(ˊᗜˋ*)و✧* ...","channelTitle":"独播中剧","channelId":"UCCmg--gxdPL3S-cnD9wBO7w","publishedAt":"2025-06-06T09:00:41","thumbnails":{"medium":{"url":"https://i.ytimg.com/vi/QZ2jCz2AceQ/mqdefault.jpg","width":320,"height":180},"high":{"url":"https://i.ytimg.com/vi/QZ2jCz2AceQ/hqdefault.jpg","width":480,"height":360},"default":{"url":"https://i.ytimg.com/vi/QZ2jCz2AceQ/default.jpg","width":120,"height":90}},"url":"https://www.youtube.com/watch?v=QZ2jCz2AceQ","searchQuery":"","pageNumber":""},{"videoId":"IUyHNBIFVRQ","name":"姜小姐我们复婚吧","title":"姜小姐我们复婚吧","description":"女神劇場~最新~最全~最熱門~爽文翻拍短劇~~ ＃tvseries #短劇#女神劇場#ChineseDrama#tvshow#Chinese skits#Short Films ...","channelTitle":"女神剧场","channelId":"UCN7Ixh8GhR5i938rCIgVpaA","publishedAt":"2025-06-15T15:35:32","thumbnails":{"medium":{"url":"https://i.ytimg.com/vi/IUyHNBIFVRQ/mqdefault.jpg","width":320,"height":180},"high":{"url":"https://i.ytimg.com/vi/IUyHNBIFVRQ/hqdefault.jpg","width":480,"height":360},"default":{"url":"https://i.ytimg.com/vi/IUyHNBIFVRQ/default.jpg","width":120,"height":90}},"url":"https://www.youtube.com/watch?v=IUyHNBIFVRQ","searchQuery":"","pageNumber":""},{"videoId":"S3mIv0zeorM","name":"地摊女首富千金逆袭","title":"地摊女首富千金逆袭","description":"【正版授權】 Subscribe for more Videos 订阅频道： ...","channelTitle":"独宠剧场","channelId":"UCao9fcO9ARxcutHU_g9d5cw","publishedAt":"2025-06-05T11:46:03","thumbnails":{"medium":{"url":"https://i.ytimg.com/vi/S3mIv0zeorM/mqdefault.jpg","width":320,"height":180},"high":{"url":"https://i.ytimg.com/vi/S3mIv0zeorM/hqdefault.jpg","width":480,"height":360},"default":{"url":"https://i.ytimg.com/vi/S3mIv0zeorM/default.jpg","width":120,"height":90}},"url":"https://www.youtube.com/watch?v=S3mIv0zeorM","searchQuery":"","pageNumber":""},{"videoId":"_1lkm1ZanfE","name":"禁欲总裁孕双胎","title":"禁欲总裁孕双胎","description":"【正版授權】 Subscribe for more Videos 订阅频道： ...","channelTitle":"独宠剧场","channelId":"UCao9fcO9ARxcutHU_g9d5cw","publishedAt":"2025-06-20T12:37:59","thumbnails":{"medium":{"url":"https://i.ytimg.com/vi/_1lkm1ZanfE/mqdefault.jpg","width":320,"height":180},"high":{"url":"https://i.ytimg.com/vi/_1lkm1ZanfE/hqdefault.jpg","width":480,"height":360},"default":{"url":"https://i.ytimg.com/vi/_1lkm1ZanfE/default.jpg","width":120,"height":90}},"url":"https://www.youtube.com/watch?v=_1lkm1ZanfE","searchQuery":"","pageNumber":""},{"videoId":"J9b5dVGKLq0","name":"总裁替身反转","title":"总裁替身反转","description":"【正版授權】 Subscribe for more Videos 订阅频道： ...","channelTitle":"独宠剧场","channelId":"UCao9fcO9ARxcutHU_g9d5cw","publishedAt":"2025-06-17T12:40:00","thumbnails":{"medium":{"url":"https://i.ytimg.com/vi/J9b5dVGKLq0/mqdefault.jpg","width":320,"height":180},"high":{"url":"https://i.ytimg.com/vi/J9b5dVGKLq0/hqdefault.jpg","width":480,"height":360},"default":{"url":"https://i.ytimg.com/vi/J9b5dVGKLq0/default.jpg","width":120,"height":90}},"url":"https://www.youtube.com/watch?v=J9b5dVGKLq0","searchQuery":"","pageNumber":""},{"videoId":"cnT1CNgT-Ys","name":"千亿霸总宠灰姑娘","title":"千亿霸总宠灰姑娘","description":"【正版授權】 Subscribe for more Videos 订阅频道： ...","channelTitle":"独宠剧场","channelId":"UCao9fcO9ARxcutHU_g9d5cw","publishedAt":"2025-06-18T10:01:03","thumbnails":{"medium":{"url":"https://i.ytimg.com/vi/cnT1CNgT-Ys/mqdefault.jpg","width":320,"height":180},"high":{"url":"https://i.ytimg.com/vi/cnT1CNgT-Ys/hqdefault.jpg","width":480,"height":360},"default":{"url":"https://i.ytimg.com/vi/cnT1CNgT-Ys/default.jpg","width":120,"height":90}},"url":"https://www.youtube.com/watch?v=cnT1CNgT-Ys","searchQuery":"","pageNumber":""},{"videoId":"J4T_69bwXc8","name":"农村妹救首富成宠","title":"农村妹救首富成宠","description":"【正版授權】 Subscribe for more Videos 订阅频道： ...","channelTitle":"独宠剧场","channelId":"UCao9fcO9ARxcutHU_g9d5cw","publishedAt":"2025-06-18T11:30:28","thumbnails":{"medium":{"url":"https://i.ytimg.com/vi/J4T_69bwXc8/mqdefault.jpg","width":320,"height":180},"high":{"url":"https://i.ytimg.com/vi/J4T_69bwXc8/hqdefault.jpg","width":480,"height":360},"default":{"url":"https://i.ytimg.com/vi/J4T_69bwXc8/default.jpg","width":120,"height":90}},"url":"https://www.youtube.com/watch?v=J4T_69bwXc8","searchQuery":"","pageNumber":""},{"videoId":"OlQoRDD3KTU","name":"300 斤女重生逆袭","title":"300 斤女重生逆袭","description":"【正版授權】 Subscribe for more Videos 订阅频道： ...","channelTitle":"独宠剧场","channelId":"UCao9fcO9ARxcutHU_g9d5cw","publishedAt":"2025-06-17T12:09:59","thumbnails":{"medium":{"url":"https://i.ytimg.com/vi/OlQoRDD3KTU/mqdefault.jpg","width":320,"height":180},"high":{"url":"https://i.ytimg.com/vi/OlQoRDD3KTU/hqdefault.jpg","width":480,"height":360},"default":{"url":"https://i.ytimg.com/vi/OlQoRDD3KTU/default.jpg","width":120,"height":90}},"url":"https://www.youtube.com/watch?v=OlQoRDD3KTU","searchQuery":"","pageNumber":""},{"videoId":"zO1QdoInPfs","name":"医圣下山校花争抢","title":"医圣下山校花争抢","description":"傲心短劇No1Drama出品必屬精品歡迎訂閱@傲心短劇No1Drama觀賞更多精彩影集每日18點20點更新最新首發短 ...","channelTitle":"傲心短劇No1Drama","channelId":"UC9-ESao-1lM2X1WWlJU24Yw","publishedAt":"2025-06-20T11:02:00","thumbnails":{"medium":{"url":"https://i.ytimg.com/vi/zO1QdoInPfs/mqdefault.jpg","width":320,"height":180},"high":{"url":"https://i.ytimg.com/vi/zO1QdoInPfs/hqdefault.jpg","width":480,"height":360},"default":{"url":"https://i.ytimg.com/vi/zO1QdoInPfs/default.jpg","width":120,"height":90}},"url":"https://www.youtube.com/watch?v=zO1QdoInPfs","searchQuery":"","pageNumber":""},{"videoId":"Ng5xzVmHg-Y","name":"外卖员获神力逆袭","title":"外卖员获神力逆袭","description":"Subscribe for more videos: https://www.youtube.com/channel/UCmZHuajT1zjl2vYfbL5EmUg? sub_confirmation=1 BJCY | JQ ...","channelTitle":"上瘾毒剧场","channelId":"UCmZHuajT1zjl2vYfbL5EmUg","publishedAt":"2025-06-16T10:30:16","thumbnails":{"medium":{"url":"https://i.ytimg.com/vi/Ng5xzVmHg-Y/mqdefault.jpg","width":320,"height":180},"high":{"url":"https://i.ytimg.com/vi/Ng5xzVmHg-Y/hqdefault.jpg","width":480,"height":360},"default":{"url":"https://i.ytimg.com/vi/Ng5xzVmHg-Y/default.jpg","width":120,"height":90}},"url":"https://www.youtube.com/watch?v=Ng5xzVmHg-Y","searchQuery":"","pageNumber":""},{"videoId":"RFxCcf03ta8","name":"黑卡打脸银行职员","title":"黑卡打脸银行职员","description":"【正版授權】 Subscribe for more Videos 订阅频道： ...","channelTitle":"独宠剧场","channelId":"UCao9fcO9ARxcutHU_g9d5cw","publishedAt":"2025-06-16T11:06:33","thumbnails":{"medium":{"url":"https://i.ytimg.com/vi/RFxCcf03ta8/mqdefault.jpg","width":320,"height":180},"high":{"url":"https://i.ytimg.com/vi/RFxCcf03ta8/hqdefault.jpg","width":480,"height":360},"default":{"url":"https://i.ytimg.com/vi/RFxCcf03ta8/default.jpg","width":120,"height":90}},"url":"https://www.youtube.com/watch?v=RFxCcf03ta8","searchQuery":"","pageNumber":""},{"videoId":"ykT4an99YW0","name":"珠宝店救命恩人逆袭","title":"珠宝店救命恩人逆袭","description":"剧名：【XXGLDNB】 欢迎来到短劇上頭社！ 精彩短剧全集看不停！Watch the full collection of wonderful short dramas✨ 正版授权 ...","channelTitle":"短剧上頭社","channelId":"UCymvmjQqMb_dEQ8_WG1_w9A","publishedAt":"2025-06-17T12:01:42","thumbnails":{"medium":{"url":"https://i.ytimg.com/vi/ykT4an99YW0/mqdefault.jpg","width":320,"height":180},"high":{"url":"https://i.ytimg.com/vi/ykT4an99YW0/hqdefault.jpg","width":480,"height":360},"default":{"url":"https://i.ytimg.com/vi/ykT4an99YW0/default.jpg","width":120,"height":90}},"url":"https://www.youtube.com/watch?v=ykT4an99YW0","searchQuery":"","pageNumber":""},{"videoId":"K9X2FD9fY6o","name":"结婚 8 年白月光逆袭","title":"结婚 8 年白月光逆袭","description":"短劇#灰姑娘霸總#追妻火葬場#追爽劇#女頻爽劇#優質小說改編#追妻火葬場#大女主逆襲#tvseries #ChineseDrama #tvshow ...","channelTitle":"追爽劇","channelId":"UCvtO27QvzLYfMwINGCl_gBg","publishedAt":"2025-04-27T09:10:55","thumbnails":{"medium":{"url":"https://i.ytimg.com/vi/K9X2FD9fY6o/mqdefault.jpg","width":320,"height":180},"high":{"url":"https://i.ytimg.com/vi/K9X2FD9fY6o/hqdefault.jpg","width":480,"height":360},"default":{"url":"https://i.ytimg.com/vi/K9X2FD9fY6o/default.jpg","width":120,"height":90}},"url":"https://www.youtube.com/watch?v=K9X2FD9fY6o","searchQuery":"","pageNumber":""},{"videoId":"CLIRNQ1TXbI","name":"丑妻卸妆总裁心动","title":"丑妻卸妆总裁心动","description":"【正版授權】 Subscribe for more Videos 订阅频道： ...","channelTitle":"独宠剧场","channelId":"UCao9fcO9ARxcutHU_g9d5cw","publishedAt":"2024-11-29T11:30:06","thumbnails":{"medium":{"url":"https://i.ytimg.com/vi/CLIRNQ1TXbI/mqdefault.jpg","width":320,"height":180},"high":{"url":"https://i.ytimg.com/vi/CLIRNQ1TXbI/hqdefault.jpg","width":480,"height":360},"default":{"url":"https://i.ytimg.com/vi/CLIRNQ1TXbI/default.jpg","width":120,"height":90}},"url":"https://www.youtube.com/watch?v=CLIRNQ1TXbI","searchQuery":"","pageNumber":""},{"videoId":"f-Dl9H0sw9U","name":"汽修小哥炎帝身份","title":"汽修小哥炎帝身份","description":"傲心短劇No1Drama出品必屬精品歡迎訂閱@傲心短劇No1Drama觀賞更多精彩影集每日18點20點更新最新首發短 ...","channelTitle":"傲心短劇No1Drama","channelId":"UC9-ESao-1lM2X1WWlJU24Yw","publishedAt":"2025-06-19T10:01:09","thumbnails":{"medium":{"url":"https://i.ytimg.com/vi/f-Dl9H0sw9U/mqdefault.jpg","width":320,"height":180},"high":{"url":"https://i.ytimg.com/vi/f-Dl9H0sw9U/hqdefault.jpg","width":480,"height":360},"default":{"url":"https://i.ytimg.com/vi/f-Dl9H0sw9U/default.jpg","width":120,"height":90}},"url":"https://www.youtube.com/watch?v=f-Dl9H0sw9U","searchQuery":"","pageNumber":""},{"videoId":"8FC98juHS74","name":"三萌宝携异能护母","title":"三萌宝携异能护母","description":"【正版授權】 Subscribe for more Videos 订阅频道： ...","channelTitle":"独宠剧场","channelId":"UCao9fcO9ARxcutHU_g9d5cw","publishedAt":"2025-02-20T11:51:39","thumbnails":{"medium":{"url":"https://i.ytimg.com/vi/8FC98juHS74/mqdefault.jpg","width":320,"height":180},"high":{"url":"https://i.ytimg.com/vi/8FC98juHS74/hqdefault.jpg","width":480,"height":360},"default":{"url":"https://i.ytimg.com/vi/8FC98juHS74/default.jpg","width":120,"height":90}},"url":"https://www.youtube.com/watch?v=8FC98juHS74","searchQuery":"","pageNumber":""},{"videoId":"xiWgzIaEteY","name":"闪婚傻妻甜又野","title":"闪婚傻妻甜又野","description":"欢迎订阅千千的频道哦/ @qiandrama 独家正版授权短剧，感谢大家支持！ #热血#都市#短剧#战斗#系统#逆袭#重生#穿越#搞笑# ...","channelTitle":"千千短剧","channelId":"UChLe57Hpd09faq22uVDmq5g","publishedAt":"2024-10-19T15:28:03","thumbnails":{"medium":{"url":"https://i.ytimg.com/vi/xiWgzIaEteY/mqdefault.jpg","width":320,"height":180},"high":{"url":"https://i.ytimg.com/vi/xiWgzIaEteY/hqdefault.jpg","width":480,"height":360},"default":{"url":"https://i.ytimg.com/vi/xiWgzIaEteY/default.jpg","width":120,"height":90}},"url":"https://www.youtube.com/watch?v=xiWgzIaEteY","searchQuery":"","pageNumber":""},{"videoId":"F6LkSwMWZhc","name":"农民工武神身份揭秘","title":"农民工武神身份揭秘","description":"【正版授權】 Subscribe for more Videos 订阅频道： ...","channelTitle":"独宠剧场","channelId":"UCao9fcO9ARxcutHU_g9d5cw","publishedAt":"2025-01-19T11:00:19","thumbnails":{"medium":{"url":"https://i.ytimg.com/vi/F6LkSwMWZhc/mqdefault.jpg","width":320,"height":180},"high":{"url":"https://i.ytimg.com/vi/F6LkSwMWZhc/hqdefault.jpg","width":480,"height":360},"default":{"url":"https://i.ytimg.com/vi/F6LkSwMWZhc/default.jpg","width":120,"height":90}},"url":"https://www.youtube.com/watch?v=F6LkSwMWZhc","searchQuery":"","pageNumber":""},{"videoId":"OXxYqSXO8tw","name":"女孩空手接子弹获宠","title":"女孩空手接子弹获宠","description":"【正版授權】 Subscribe for more Videos 订阅频道： ...","channelTitle":"独宠剧场","channelId":"UCao9fcO9ARxcutHU_g9d5cw","publishedAt":"2025-03-20T11:30:24","thumbnails":{"medium":{"url":"https://i.ytimg.com/vi/OXxYqSXO8tw/mqdefault.jpg","width":320,"height":180},"high":{"url":"https://i.ytimg.com/vi/OXxYqSXO8tw/hqdefault.jpg","width":480,"height":360},"default":{"url":"https://i.ytimg.com/vi/OXxYqSXO8tw/default.jpg","width":120,"height":90}},"url":"https://www.youtube.com/watch?v=OXxYqSXO8tw","searchQuery":"","pageNumber":""},{"videoId":"Teu4mQIm-6Q","name":"劳改犯至尊神王身份","title":"劳改犯至尊神王身份","description":"【正版授權】 Subscribe for more Videos 订阅频道： ...","channelTitle":"独宠剧场","channelId":"UCao9fcO9ARxcutHU_g9d5cw","publishedAt":"2025-01-04T11:00:28","thumbnails":{"medium":{"url":"https://i.ytimg.com/vi/Teu4mQIm-6Q/mqdefault.jpg","width":320,"height":180},"high":{"url":"https://i.ytimg.com/vi/Teu4mQIm-6Q/hqdefault.jpg","width":480,"height":360},"default":{"url":"https://i.ytimg.com/vi/Teu4mQIm-6Q/default.jpg","width":120,"height":90}},"url":"https://www.youtube.com/watch?v=Teu4mQIm-6Q","searchQuery":"","pageNumber":""},{"videoId":"7TMSAGtsf5Y","name":"重生 1990 建商业帝国","title":"重生 1990 建商业帝国","description":"歡迎大家來到爽剧看不停~   最新短劇每日更新~ ▶️馬上訂閱我們吧! 大家有什麽想看的劇？歡迎在評論區留言！ Welcome ...","channelTitle":"爽剧看不停","channelId":"UCDFPVPufVZUEKULJdx1YgXQ","publishedAt":"2025-06-15T10:00:24","thumbnails":{"medium":{"url":"https://i.ytimg.com/vi/7TMSAGtsf5Y/mqdefault.jpg","width":320,"height":180},"high":{"url":"https://i.ytimg.com/vi/7TMSAGtsf5Y/hqdefault.jpg","width":480,"height":360},"default":{"url":"https://i.ytimg.com/vi/7TMSAGtsf5Y/default.jpg","width":120,"height":90}},"url":"https://www.youtube.com/watch?v=7TMSAGtsf5Y","searchQuery":"","pageNumber":""},{"videoId":"KN70z3OCk-8","name":"仙王领悟秘术逆袭","title":"仙王领悟秘术逆袭","description":"【正版授權】 Subscribe for more Videos 订阅频道： ...","channelTitle":"独宠剧场","channelId":"UCao9fcO9ARxcutHU_g9d5cw","publishedAt":"2025-03-14T11:00:35","thumbnails":{"medium":{"url":"https://i.ytimg.com/vi/KN70z3OCk-8/mqdefault.jpg","width":320,"height":180},"high":{"url":"https://i.ytimg.com/vi/KN70z3OCk-8/hqdefault.jpg","width":480,"height":360},"default":{"url":"https://i.ytimg.com/vi/KN70z3OCk-8/default.jpg","width":120,"height":90}},"url":"https://www.youtube.com/watch?v=KN70z3OCk-8","searchQuery":"","pageNumber":""},{"videoId":"nguSCltS33I","name":"外卖员穿越古今逆袭","title":"外卖员穿越古今逆袭","description":"歡迎大家來到爽剧看不停~   最新短劇每日更新~ ▶️馬上訂閱我們吧! 大家有什麽想看的劇？歡迎在評論區留言！ Welcome ...","channelTitle":"爽剧看不停","channelId":"UCDFPVPufVZUEKULJdx1YgXQ","publishedAt":"2025-06-19T10:01:24","thumbnails":{"medium":{"url":"https://i.ytimg.com/vi/nguSCltS33I/mqdefault.jpg","width":320,"height":180},"high":{"url":"https://i.ytimg.com/vi/nguSCltS33I/hqdefault.jpg","width":480,"height":360},"default":{"url":"https://i.ytimg.com/vi/nguSCltS33I/default.jpg","width":120,"height":90}},"url":"https://www.youtube.com/watch?v=nguSCltS33I","searchQuery":"","pageNumber":""},{"videoId":"5VYkPBT-RK8","name":"地摊爸护女获千金追","title":"地摊爸护女获千金追","description":"Subscribe for more videos: https://www.youtube.com/channel/UCmZHuajT1zjl2vYfbL5EmUg? sub_confirmation=1 HZHJ | CS-DJ ...","channelTitle":"上瘾毒剧场","channelId":"UCmZHuajT1zjl2vYfbL5EmUg","publishedAt":"2025-06-19T09:30:03","thumbnails":{"medium":{"url":"https://i.ytimg.com/vi/5VYkPBT-RK8/mqdefault.jpg","width":320,"height":180},"high":{"url":"https://i.ytimg.com/vi/5VYkPBT-RK8/hqdefault.jpg","width":480,"height":360},"default":{"url":"https://i.ytimg.com/vi/5VYkPBT-RK8/default.jpg","width":120,"height":90}},"url":"https://www.youtube.com/watch?v=5VYkPBT-RK8","searchQuery":"","pageNumber":""},{"videoId":"9BZ6xPFQD2s","name":"三万英尺的暗恋","title":"三万英尺的暗恋","description":"欢迎订阅千千的频道哦/ @qiandrama 独家正版授权短剧，感谢大家支持！ #热血#都市#短剧#战斗#系统#逆袭#重生#穿越#搞笑# ...","channelTitle":"千千短剧","channelId":"UChLe57Hpd09faq22uVDmq5g","publishedAt":"2024-10-21T07:45:30","thumbnails":{"medium":{"url":"https://i.ytimg.com/vi/9BZ6xPFQD2s/mqdefault.jpg","width":320,"height":180},"high":{"url":"https://i.ytimg.com/vi/9BZ6xPFQD2s/hqdefault.jpg","width":480,"height":360},"default":{"url":"https://i.ytimg.com/vi/9BZ6xPFQD2s/default.jpg","width":120,"height":90}},"url":"https://www.youtube.com/watch?v=9BZ6xPFQD2s","searchQuery":"","pageNumber":""},{"videoId":"b4emAYq3Vb0","name":"寿宴受辱帝君身份","title":"寿宴受辱帝君身份","description":"【正版授權】 Subscribe for more Videos 订阅频道： ...","channelTitle":"独宠剧场","channelId":"UCao9fcO9ARxcutHU_g9d5cw","publishedAt":"2024-11-29T11:30:23","thumbnails":{"medium":{"url":"https://i.ytimg.com/vi/b4emAYq3Vb0/mqdefault.jpg","width":320,"height":180},"high":{"url":"https://i.ytimg.com/vi/b4emAYq3Vb0/hqdefault.jpg","width":480,"height":360},"default":{"url":"https://i.ytimg.com/vi/b4emAYq3Vb0/default.jpg","width":120,"height":90}},"url":"https://www.youtube.com/watch?v=b4emAYq3Vb0","searchQuery":"","pageNumber":""},{"videoId":"NezuEmRbDnA","name":"废物小伙获功法复仇","title":"废物小伙获功法复仇","description":"【正版授權】 Subscribe for more Videos 订阅频道： ...","channelTitle":"独宠剧场","channelId":"UCao9fcO9ARxcutHU_g9d5cw","publishedAt":"2024-12-21T11:30:12","thumbnails":{"medium":{"url":"https://i.ytimg.com/vi/NezuEmRbDnA/mqdefault.jpg","width":320,"height":180},"high":{"url":"https://i.ytimg.com/vi/NezuEmRbDnA/hqdefault.jpg","width":480,"height":360},"default":{"url":"https://i.ytimg.com/vi/NezuEmRbDnA/default.jpg","width":120,"height":90}},"url":"https://www.youtube.com/watch?v=NezuEmRbDnA","searchQuery":"","pageNumber":""},{"videoId":"VGtOhEB3MJU","name":"狂徒医仙救双姝获爱","title":"狂徒医仙救双姝获爱","description":"【歡迎訂閲】小狸追爽劇https://tinyurl.com/yl4yaktc 即可觀看精彩內容！ 每日準時更新精彩爽劇！ 加入我們的YouTube頻道 ...","channelTitle":"小貍追爽劇","channelId":"UC7nhiW2km-fAA74eriFcjIg","publishedAt":"2025-05-30T09:00:48","thumbnails":{"medium":{"url":"https://i.ytimg.com/vi/VGtOhEB3MJU/mqdefault.jpg","width":320,"height":180},"high":{"url":"https://i.ytimg.com/vi/VGtOhEB3MJU/hqdefault.jpg","width":480,"height":360},"default":{"url":"https://i.ytimg.com/vi/VGtOhEB3MJU/default.jpg","width":120,"height":90}},"url":"https://www.youtube.com/watch?v=VGtOhEB3MJU","searchQuery":"","pageNumber":""},{"videoId":"TA8WvX4lb6g","name":"灰姑娘换脸成明星","title":"灰姑娘换脸成明星","description":"【正版授權】 Subscribe for more Videos 订阅频道： ...","channelTitle":"独宠剧场","channelId":"UCao9fcO9ARxcutHU_g9d5cw","publishedAt":"2024-12-25T11:30:26","thumbnails":{"medium":{"url":"https://i.ytimg.com/vi/TA8WvX4lb6g/mqdefault.jpg","width":320,"height":180},"high":{"url":"https://i.ytimg.com/vi/TA8WvX4lb6g/hqdefault.jpg","width":480,"height":360},"default":{"url":"https://i.ytimg.com/vi/TA8WvX4lb6g/default.jpg","width":120,"height":90}},"url":"https://www.youtube.com/watch?v=TA8WvX4lb6g","searchQuery":"","pageNumber":""},{"videoId":"4FS-4baOyEY","name":"重生寡妇幼儿专家","title":"重生寡妇幼儿专家","description":"【完整版】重生後我成了寡婦界的育兒專家！大兒子：娘我想種田...我：種什麼地！去當將軍！二兒子：娘我想納妾...我：納你個頭！","channelTitle":"QuickCut Dramas","channelId":"UCogaNUs77Kpx2eU6u8K5-iQ","publishedAt":"2025-06-18T13:00:06","thumbnails":{"medium":{"url":"https://i.ytimg.com/vi/4FS-4baOyEY/mqdefault.jpg","width":320,"height":180},"high":{"url":"https://i.ytimg.com/vi/4FS-4baOyEY/hqdefault.jpg","width":480,"height":360},"default":{"url":"https://i.ytimg.com/vi/4FS-4baOyEY/default.jpg","width":120,"height":90}},"url":"https://www.youtube.com/watch?v=4FS-4baOyEY","searchQuery":"","pageNumber":""},{"videoId":"HDtf4QivmC8","name":"神医遭前女友悔","title":"神医遭前女友悔","description":"【正版授權】 Subscribe for more Videos 订阅频道： ...","channelTitle":"独宠剧场","channelId":"UCao9fcO9ARxcutHU_g9d5cw","publishedAt":"2025-02-28T11:30:09","thumbnails":{"medium":{"url":"https://i.ytimg.com/vi/HDtf4QivmC8/mqdefault.jpg","width":320,"height":180},"high":{"url":"https://i.ytimg.com/vi/HDtf4QivmC8/hqdefault.jpg","width":480,"height":360},"default":{"url":"https://i.ytimg.com/vi/HDtf4QivmC8/default.jpg","width":120,"height":90}},"url":"https://www.youtube.com/watch?v=HDtf4QivmC8","searchQuery":"","pageNumber":""},{"videoId":"pEqzMNumbFI","name":"妻子的棋局智斗","title":"妻子的棋局智斗","description":"Subscribe for more Videos 订阅频道： @wh003-mg2ib #chinesetelevisiondramas #chinesetelevisiondramas ChineseDrama ...","channelTitle":"星光银幕","channelId":"UC5y_rwVKBZE3fQe2aYnlRbw","publishedAt":"2025-06-19T11:01:32","thumbnails":{"medium":{"url":"https://i.ytimg.com/vi/pEqzMNumbFI/mqdefault.jpg","width":320,"height":180},"high":{"url":"https://i.ytimg.com/vi/pEqzMNumbFI/hqdefault.jpg","width":480,"height":360},"default":{"url":"https://i.ytimg.com/vi/pEqzMNumbFI/default.jpg","width":120,"height":90}},"url":"https://www.youtube.com/watch?v=pEqzMNumbFI","searchQuery":"","pageNumber":""}]