[{"title":"古装美人","id":20,"json_file":"20.json"},{"title":"契约婚姻","id":19,"json_file":"19.json"},{"title":"女主逆袭","id":18,"json_file":"18.json"},{"title":"家庭纠纷","id":17,"json_file":"17.json"},{"title":"悬疑短剧","id":16,"json_file":"16.json"},{"title":"推理剧情","id":15,"json_file":"15.json"},{"title":"穿越成妃","id":14,"json_file":"14.json"},{"title":"职场宫斗","id":13,"json_file":"13.json"},{"title":"牛马逆袭","id":12,"json_file":"12.json"},{"title":"创业奋斗","id":11,"json_file":"11.json"},{"title":"反转剧情","id":9,"json_file":"9.json"}]