[{"title":"टाइम ट्रैवल / पुनर्जन्म","id":-778551295,"json_file":"-778551295.json"},{"title":"फैमिली ड्रामा / सास-बहू","id":-1965539327,"json_file":"-1965539327.json"},{"title":"स्कूल/कॉलेज रोमांस","id":735592449,"json_file":"735592449.json"},{"title":"रिवेंज / कमबैक","id":1889026049,"json_file":"1889026049.json"},{"title":"थ्रिलर / मिस्ट्री","id":790118402,"json_file":"790118402.json"},{"title":"सोशल मैसेज","id":-782745598,"json_file":"-782745598.json"},{"title":"अर्बन रोमांस / रिलेशनशिप","id":517488642,"json_file":"517488642.json"}]